osm_type,osm_id,city_code,city_name,name,category_name,latitude,longitude,address,description,phone,website,opening_hours,cuisine,is_local_business,local_business_type,estimated_cost,average_visit_minutes,satisfaction_score,popularity_score
node,729406384,DANANG,Da Nang,CaPhe Thu Uyen,Ẩm thực & Cafe,16.0874373,108.1445387,,,,,,,True,cafe,,,,
node,729406385,DANANG,Da Nang,Cafe Win,Ẩm thực & Cafe,16.0746726,108.2187015,,,,,,,True,cafe,,,,
node,729406386,DANANG,Da Nang,CafeKhanh Ly,Ẩm thực & Cafe,16.0627174,108.208943,,,,,,,True,cafe,,,,
node,729406387,DANANG,Da Nang,ThanhBinh Coffee,Ẩm thực & Cafe,16.0347187,108.2446539,,,,,,,True,cafe,,,,
node,729406388,DANANG,Da Nang,CaPhe Fantasy,Ẩm thực & Cafe,16.0632999,108.1601536,,,,,,,True,cafe,,,,
node,729406389,DANANG,Da Nang,CaPhe Lang Tien,Ẩm thực & Cafe,16.0657433,108.2077628,,,,,,,True,cafe,,,,
node,729406390,DANANG,Da Nang,KieuLien Coffee,Ẩm thực & Cafe,16.0786302,108.1477511,,,,,,,True,cafe,,,,
node,729406391,DANANG,Da Nang,Cafe Truc Phuong,Ẩm thực & Cafe,16.0684586,108.1500026,,,,,,,True,cafe,,,,
node,729406392,DANANG,Da Nang,Ca Phe 83,Ẩm thực & Cafe,16.0785765,108.2193388,,,,,,,True,cafe,,,,
node,729406393,DANANG,Da Nang,Cafe Dong Xanh,Ẩm thực & Cafe,16.0640577,108.2208466,,,,,,,True,cafe,,,,
node,729406394,DANANG,Da Nang,CafeTo Be,Ẩm thực & Cafe,16.0736841,108.2182886,,,,,,,True,cafe,,,,
node,729406396,DANANG,Da Nang,MuoiChau Coffee,Ẩm thực & Cafe,16.0021817,108.2670205,,Chỗ ngồi ngoài trời.,,,,,True,cafe,,,,
node,729406397,DANANG,Da Nang,CaPhe Sao Mai,Ẩm thực & Cafe,16.0668568,108.1743586,,,,,,,True,cafe,,,,
node,729406398,DANANG,Da Nang,MienThao Coffee,Ẩm thực & Cafe,16.0762311,108.2308433,,,,,,,True,cafe,,,,
node,729406399,DANANG,Da Nang,GmcCoffee,Ẩm thực & Cafe,16.0539382,108.2208037,,,,,,,True,cafe,,,,
node,729406400,DANANG,Da Nang,CaPhe 3 Ladies,Ẩm thực & Cafe,16.0827332,108.2219624,,,,,,,True,cafe,,,,
node,729406401,DANANG,Da Nang,OnenineCoffee,Ẩm thực & Cafe,16.066281,108.1920523,,,,,,,True,cafe,,,,
node,729406402,DANANG,Da Nang,Ca Phe Thuan,Ẩm thực & Cafe,16.0515981,108.1700044,,,,,,,True,cafe,,,,
node,729406403,DANANG,Da Nang,CafeGiai Khat 204,Ẩm thực & Cafe,16.0597687,108.2135027,,,,,,,True,cafe,,,,
node,729406404,DANANG,Da Nang,CaPhe Konia,Ẩm thực & Cafe,16.0719493,108.2127548,,,,,,,True,cafe,,,,
node,729406405,DANANG,Da Nang,VuonNguyet Khue Vien Coffee,Ẩm thực & Cafe,16.0623504,108.208896,,,,,,,True,cafe,,,,
node,729406406,DANANG,Da Nang,CafeNguyen,Ẩm thực & Cafe,16.0494377,108.2133794,,,,,,,True,cafe,,,,
node,729406407,DANANG,Da Nang,NgocVan Coffee,Ẩm thực & Cafe,16.0681394,108.1818645,,,,,,,True,cafe,,,,
node,729406408,DANANG,Da Nang,CafeLuna,Ẩm thực & Cafe,16.0654507,108.2078514,,,,,,,True,cafe,,,,
node,729406410,DANANG,Da Nang,CafeBao Dang,Ẩm thực & Cafe,16.0674462,108.1525529,,,,,,,True,cafe,,,,
node,729406411,DANANG,Da Nang,AnhLinh Coffee,Ẩm thực & Cafe,16.0703982,108.2013201,,,,,,,True,cafe,,,,
node,729406412,DANANG,Da Nang,HoaTieu Coffee,Ẩm thực & Cafe,16.0789002,108.2328072,,,,,,,True,cafe,,,,
node,729406413,DANANG,Da Nang,Giai Khat Quang,Ẩm thực & Cafe,16.0582376,108.2126391,,,,,,,True,cafe,,,,
node,729406414,DANANG,Da Nang,Cafe72,Ẩm thực & Cafe,16.0488551,108.2168233,,,,,,,True,cafe,,,,
node,729406415,DANANG,Da Nang,ThanhHuong Coffee,Ẩm thực & Cafe,16.0648206,108.2164746,,,,,,,True,cafe,,,,
node,729406416,DANANG,Da Nang,CaPhe Hoang Anh,Ẩm thực & Cafe,16.0348682,108.1778991,,,,,,,True,cafe,,,,
node,729406417,DANANG,Da Nang,AnhLinh Coffee,Ẩm thực & Cafe,16.0851302,108.2196914,,,,,,,True,cafe,,,,
node,729406418,DANANG,Da Nang,VuonThao Coffee,Ẩm thực & Cafe,16.0653619,108.2069099,,,,,,,True,cafe,,,,
node,729406419,DANANG,Da Nang,324Coffee,Ẩm thực & Cafe,16.0569901,108.2128107,,,,,,,True,cafe,,,,
node,729406420,DANANG,Da Nang,Nhà Hàng Chay & Cà Phê Thúp An,Ẩm thực & Cafe,16.0738518,108.2032513,,,,,,,True,restaurant,,,,
node,729406421,DANANG,Da Nang,PhoSao Coffee,Ẩm thực & Cafe,16.0452824,108.2227242,,,,,,,True,cafe,,,,
node,729406422,DANANG,Da Nang,BaoNhi Coffee,Ẩm thực & Cafe,16.0822257,108.2399242,,,,,,,True,cafe,,,,
node,729406423,DANANG,Da Nang,CafeBan Toi,Ẩm thực & Cafe,16.058681,108.2122153,,,,,,,True,cafe,,,,
node,729406424,DANANG,Da Nang,CaPhe Nhat Linh,Ẩm thực & Cafe,16.0360488,108.1832421,,,,,,,True,cafe,,,,
node,729406425,DANANG,Da Nang,CafeThoang Sai Gon,Ẩm thực & Cafe,16.0710077,108.2212999,,,,,,,True,cafe,,,,
node,729406426,DANANG,Da Nang,CaPhe Trung,Ẩm thực & Cafe,16.0358065,108.1822067,,,,,,,True,cafe,,,,
node,729406427,DANANG,Da Nang,CaPhe Thu Dung,Ẩm thực & Cafe,16.0713363,108.1914818,,,,,,,True,cafe,,,,
node,729406428,DANANG,Da Nang,Cafe219,Ẩm thực & Cafe,16.0871156,108.2413157,,,,,,,True,cafe,,,,
node,729406429,DANANG,Da Nang,ThanhThuy Coffee,Ẩm thực & Cafe,16.0871969,108.1443178,,,,,,,True,cafe,,,,
node,729406430,DANANG,Da Nang,CaPhe Long,Ẩm thực & Cafe,16.0677692,108.1593811,,,,,,,True,cafe,,,,
node,729406431,DANANG,Da Nang,MyDuyen Coffee,Ẩm thực & Cafe,16.0522905,108.2373783,,,,,,,True,cafe,,,,
node,729406432,DANANG,Da Nang,Ca Phe New Life,Ẩm thực & Cafe,16.0659805,108.2200312,,,,,,,True,cafe,,,,
node,729406433,DANANG,Da Nang,CaPhe Bong Da 14,Ẩm thực & Cafe,16.0750293,108.1492071,,,,,,,True,cafe,,,,
node,729406434,DANANG,Da Nang,CaPhe New Life,Ẩm thực & Cafe,16.0707379,108.2203416,,,,,,,True,cafe,,,,
node,729406436,DANANG,Da Nang,ThanhHuong Coffee,Ẩm thực & Cafe,16.0951751,108.2444155,,,,,,,True,cafe,,,,
node,729406437,DANANG,Da Nang,Ca Phe Chieu Tim,Ẩm thực & Cafe,16.0860629,108.2405662,,,,,,,True,cafe,,,,
node,729406438,DANANG,Da Nang,ThanhHong Coffee,Ẩm thực & Cafe,16.0543867,108.2097101,,,,,,,True,cafe,,,,
node,729406439,DANANG,Da Nang,Cafe153,Ẩm thực & Cafe,16.0905214,108.2428407,,,,,,,True,cafe,,,,
node,729406440,DANANG,Da Nang,TigonCoffee,Ẩm thực & Cafe,16.0463238,108.2386833,,,,,,,True,cafe,,,,
node,729406441,DANANG,Da Nang,LindaCoffee,Ẩm thực & Cafe,16.060279,108.209356,203 Đường Phan Thanh,,,,,,True,cafe,,,,
node,729406442,DANANG,Da Nang,MyPhuc Coffee,Ẩm thực & Cafe,16.0799961,108.213197,,,,,,,True,cafe,,,,
node,729406444,DANANG,Da Nang,ThanhTruc Coffee,Ẩm thực & Cafe,16.0322748,108.1885957,,,,,,,True,cafe,,,,
node,729406445,DANANG,Da Nang,TrucTam Coffee,Ẩm thực & Cafe,16.0906658,108.2423678,,,,,,,True,cafe,,,,
node,729406446,DANANG,Da Nang,Ca Phe Giai Khat Yen Trang,Ẩm thực & Cafe,16.0864224,108.2407112,,,,,,,True,cafe,,,,
node,729406447,DANANG,Da Nang,NhatHa Coffee Ice Cream,Ẩm thực & Cafe,16.058217,108.2207447,130 Đường Trưng Nữ Vương,,,,,,True,cafe,,,,
node,729406448,DANANG,Da Nang,CaPhe Kien Viet,Ẩm thực & Cafe,16.0764324,108.2195373,,,,,,,True,cafe,,,,
node,729406449,DANANG,Da Nang,HolidayCoffee,Ẩm thực & Cafe,16.0574334,108.2066095,,,,,,,True,cafe,,,,
node,729406450,DANANG,Da Nang,CaPhe Sao Mai,Ẩm thực & Cafe,16.0706704,108.2339835,,,,,,,True,cafe,,,,
node,729406451,DANANG,Da Nang,NgocAnh Coffee,Ẩm thực & Cafe,16.0670114,108.182019,,,,,,,True,cafe,,,,
node,729406452,DANANG,Da Nang,Loc Thu,Ẩm thực & Cafe,16.0706198,108.2227242,,,,,,,True,cafe,,,,
node,729406453,DANANG,Da Nang,HongAn Coffee,Ẩm thực & Cafe,16.0196036,108.1940563,,,,,,,True,cafe,,,,
node,729406454,DANANG,Da Nang,GiaiKhat 115 Coffee,Ẩm thực & Cafe,16.0789549,108.2173222,,,,,,,True,cafe,,,,
node,729406455,DANANG,Da Nang,SaoMai Coffee,Ẩm thực & Cafe,16.0764549,108.2190335,,,,,,,True,cafe,,,,
node,729406456,DANANG,Da Nang,CafeThanh Hoa,Ẩm thực & Cafe,16.0549074,108.2121294,,,,,,,True,cafe,,,,
node,729406457,DANANG,Da Nang,Ca Phe Paris Da,Ẩm thực & Cafe,16.0733682,108.214039,,,,,,,True,cafe,,,,
node,729406458,DANANG,Da Nang,CaPhe Delta,Ẩm thực & Cafe,16.0598754,108.2122709,,,,,,,True,cafe,,,,
node,729406459,DANANG,Da Nang,ThuyVan Coffee,Ẩm thực & Cafe,16.0829033,108.1459754,,,,,,,True,cafe,,,,
node,729406460,DANANG,Da Nang,NangMai Coffee,Ẩm thực & Cafe,16.0610214,108.211931,,,,,,,True,cafe,,,,
node,729406461,DANANG,Da Nang,Ca Phe Trung,Ẩm thực & Cafe,16.056491,108.1666315,,,,,,,True,cafe,,,,
node,729406462,DANANG,Da Nang,Ca Phe Cam Ni,Ẩm thực & Cafe,16.0525482,108.1796323,,,,,,,True,cafe,,,,
node,729406463,DANANG,Da Nang,Ca Phe Bien Nho,Ẩm thực & Cafe,16.0559075,108.2444179,,,,,,,True,cafe,,,,
node,729406464,DANANG,Da Nang,CayBang Coffee,Ẩm thực & Cafe,16.0899132,108.2420341,,,,,,,True,cafe,,,,
node,729406465,DANANG,Da Nang,Cafe Giai Khat 417,Ẩm thực & Cafe,16.0693105,108.2051503,,,,,,,True,cafe,,,,
node,729406466,DANANG,Da Nang,CaPhe Win Win,Ẩm thực & Cafe,16.0224941,108.2136583,,,,,,,True,cafe,,,,
node,729406469,DANANG,Da Nang,CaPhe Minh Khanh,Ẩm thực & Cafe,16.0855183,108.1445679,,,,,,,True,cafe,,,,
node,729406470,DANANG,Da Nang,CaPhe Hoa Co May,Ẩm thực & Cafe,16.0607378,108.2104826,,,,,,,True,cafe,,,,
node,729406471,DANANG,Da Nang,55Coffee,Ẩm thực & Cafe,16.0733415,108.1775719,,,,,,,True,cafe,,,,
node,729406472,DANANG,Da Nang,PlanttreesCoffee,Ẩm thực & Cafe,16.0996134,108.1355095,,,,,,,True,cafe,,,,
node,729406473,DANANG,Da Nang,PhuongMai Coffee,Ẩm thực & Cafe,16.0889382,108.2421461,,,,,,,True,cafe,,,,
node,729406474,DANANG,Da Nang,TigonCoffee,Ẩm thực & Cafe,16.1137967,108.1277203,,,,,,,True,cafe,,,,
node,729406475,DANANG,Da Nang,Trung Nguyên Coffee,Ẩm thực & Cafe,16.0311905,108.2242256,,"Ẩm thực: coffee_shop, vietnamese.",,,,"coffee_shop, vietnamese",False,,,,,
node,729406476,DANANG,Da Nang,TrungDuong Coffee,Ẩm thực & Cafe,16.0737871,108.1493575,,,,,,,True,cafe,,,,
node,729406477,DANANG,Da Nang,Nha Que,Ẩm thực & Cafe,16.0733694,108.2180547,,,,,,,True,cafe,,,,
node,729406478,DANANG,Da Nang,CayTao Coffee,Ẩm thực & Cafe,16.0560931,108.22022,Trưng Nữ Vương,,,,,,True,cafe,,,,
node,729406479,DANANG,Da Nang,Ca Phe May Chieu,Ẩm thực & Cafe,16.0344483,108.2238466,,,,,,,True,cafe,,,,
node,729406480,DANANG,Da Nang,Ca Phe Vuon Noi,Ẩm thực & Cafe,16.0478859,108.1814933,,,,,,,True,cafe,,,,
node,729406481,DANANG,Da Nang,CafeMuzik,Ẩm thực & Cafe,16.0654426,108.1547017,,,,,,,True,cafe,,,,
node,729406482,DANANG,Da Nang,LyNa Coffee,Ẩm thực & Cafe,16.108174,108.1312179,,,,,,,True,cafe,,,,
node,729406483,DANANG,Da Nang,CafeNhu Quynh,Ẩm thực & Cafe,16.1009204,108.247462,,,,,,,True,cafe,,,,
node,729406485,DANANG,Da Nang,Cafe Yen Nhi,Ẩm thực & Cafe,16.0209679,108.2120651,,,,,,,True,cafe,,,,
node,729406487,DANANG,Da Nang,Homie Coffee,Ẩm thực & Cafe,16.0707542,108.2092543,"279 Hải Phòng, Tân Chính, Thanh Khê, Đà Nẵng",,,,,,True,cafe,,,,
node,729406488,DANANG,Da Nang,HongAn Coffee,Ẩm thực & Cafe,16.053232,108.2109385,,,,,,,True,cafe,,,,
node,729406489,DANANG,Da Nang,N T Coffee,Ẩm thực & Cafe,16.0685682,108.1957894,,,,,,,True,cafe,,,,
node,729406490,DANANG,Da Nang,74Coffee,Ẩm thực & Cafe,16.0721044,108.1787467,,,,,,,True,cafe,,,,
node,729406491,DANANG,Da Nang,Cafe61,Ẩm thực & Cafe,16.0640834,108.2204067,,,,,,,True,cafe,,,,
node,729406492,DANANG,Da Nang,TamCoffee,Ẩm thực & Cafe,16.0756096,108.2113194,,,,,,,True,cafe,,,,
node,729406493,DANANG,Da Nang,MeTrang Coffee,Ẩm thực & Cafe,16.0704222,108.2241651,,,,,,,True,cafe,,,,
node,729406494,DANANG,Da Nang,CaPhe Rang Dong,Ẩm thực & Cafe,16.0140408,108.1975089,,,,,,,True,cafe,,,,
node,729406496,DANANG,Da Nang,Cafe Giai Khat 310,Ẩm thực & Cafe,16.0665269,108.2069313,,,,,,,True,cafe,,,,
node,729406498,DANANG,Da Nang,GiaiKhat Thanh Ha Coffee,Ẩm thực & Cafe,16.070558,108.1915945,,,,,,,True,cafe,,,,
node,729406499,DANANG,Da Nang,ThaoUyen Coffee,Ẩm thực & Cafe,16.0712642,108.2017547,,,,,,,True,cafe,,,,
node,729406500,DANANG,Da Nang,Ca Phe Thanh Huyen,Ẩm thực & Cafe,16.0687947,108.1668088,,,,,,,True,cafe,,,,
node,729406501,DANANG,Da Nang,TuanCoffee,Ẩm thực & Cafe,16.0871879,108.1438778,,,,,,,True,cafe,,,,
node,729406502,DANANG,Da Nang,Ca Phe Phuong Nam,Ẩm thực & Cafe,16.0535155,108.1693858,,,,,,,True,cafe,,,,
node,729406503,DANANG,Da Nang,MinhAnh Coffee,Ẩm thực & Cafe,16.0626555,108.2088625,,,,,,,True,cafe,,,,
node,729406504,DANANG,Da Nang,CaPhe Chau,Ẩm thực & Cafe,16.0185033,108.2071727,,,,,,,True,cafe,,,,
node,729406505,DANANG,Da Nang,Cafe27,Ẩm thực & Cafe,16.1006751,108.2473415,,,,,,,True,cafe,,,,
node,729406506,DANANG,Da Nang,CaPhe Bar Diem Tam Nguyen Thy,Ẩm thực & Cafe,16.0731147,108.2209486,,,,,,,True,cafe,,,,
node,729406507,DANANG,Da Nang,GocNho Coffee,Ẩm thực & Cafe,16.038762,108.1867231,,,,,,,True,cafe,,,,
node,729406508,DANANG,Da Nang,Cafe Manila,Ẩm thực & Cafe,16.068639,108.1504425,,,,,,,True,cafe,,,,
node,729406509,DANANG,Da Nang,CaPhe Dragon,Ẩm thực & Cafe,16.0798673,108.2228851,,,,,,,True,cafe,,,,
node,729406510,DANANG,Da Nang,CaPhe Vao Ha,Ẩm thực & Cafe,16.0896658,108.1471288,,,,,,,True,cafe,,,,
node,729406511,DANANG,Da Nang,TinaCoffee,Ẩm thực & Cafe,16.0719394,108.1788915,,,,,,,True,cafe,,,,
node,729406512,DANANG,Da Nang,BaoNgoc Coffee,Ẩm thực & Cafe,16.0993814,108.1356382,,,,,,,True,cafe,,,,
node,729406514,DANANG,Da Nang,CaPhe Muoi Thuong,Ẩm thực & Cafe,16.0708105,108.2187706,,,,,,,True,cafe,,,,
node,729406515,DANANG,Da Nang,DaKhuc Coffee,Ẩm thực & Cafe,16.0539434,108.220852,,,,,,,True,cafe,,,,
node,729406516,DANANG,Da Nang,CafeMusic,Ẩm thực & Cafe,16.0917672,108.2428266,,,,,,,True,cafe,,,,
node,729406517,DANANG,Da Nang,J T Coffee,Ẩm thực & Cafe,16.0685682,108.195827,,,,,,,True,cafe,,,,
node,729406518,DANANG,Da Nang,Ca Phe Ly Thong,Ẩm thực & Cafe,16.0515208,108.1700258,,,,,,,True,cafe,,,,
node,729406519,DANANG,Da Nang,Cafe34,Ẩm thực & Cafe,16.0639092,108.2231448,,,,,,,True,cafe,,,,
node,729406520,DANANG,Da Nang,Ca Phe Phuong Linh,Ẩm thực & Cafe,16.0567117,108.1779206,,,,,,,True,cafe,,,,
node,729406521,DANANG,Da Nang,CafeHai Ha,Ẩm thực & Cafe,16.0717693,108.2311159,,,,,,,True,cafe,,,,
node,729406522,DANANG,Da Nang,GocPho Coffee,Ẩm thực & Cafe,16.0499532,108.2146024,,,,,,,True,cafe,,,,
node,729406524,DANANG,Da Nang,Cafe Thien Thanh,Ẩm thực & Cafe,16.1113228,108.1296022,,,,,,,True,cafe,,,,
node,729406525,DANANG,Da Nang,CaPhe Tung Lam,Ẩm thực & Cafe,16.0574128,108.2114267,,,,,,,True,cafe,,,,
node,729406526,DANANG,Da Nang,CafeTri,Ẩm thực & Cafe,16.0665372,108.1507337,,,,,,,True,cafe,,,,
node,729406528,DANANG,Da Nang,Ca Phe Thanh Tuan,Ẩm thực & Cafe,16.0516806,108.1699776,,,,,,,True,cafe,,,,
node,729406529,DANANG,Da Nang,YoungCafe,Ẩm thực & Cafe,16.0627019,108.2233304,,,,,,,True,cafe,,,,
node,729406530,DANANG,Da Nang,CafeBui,Ẩm thực & Cafe,16.0455351,108.2095653,,,,,,,True,cafe,,,,
node,729406531,DANANG,Da Nang,HoaCau Garden Coffee,Ẩm thực & Cafe,16.061609,108.2090288,,,,,,,True,cafe,,,,
node,729406532,DANANG,Da Nang,SuminCoffee,Ẩm thực & Cafe,16.0383646,108.1863411,,,,,,,True,cafe,,,,
node,729406533,DANANG,Da Nang,CaPhe Tan The Thao,Ẩm thực & Cafe,16.0701456,108.1846958,,,,,,,True,cafe,,,,
node,729406534,DANANG,Da Nang,BarCa Phe Quynh Anh,Ẩm thực & Cafe,16.0697796,108.2173544,,,,,,,True,cafe,,,,
node,729406535,DANANG,Da Nang,KimChi Coffee,Ẩm thực & Cafe,16.0866114,108.1441189,,,,,,,True,cafe,,,,
node,729406536,DANANG,Da Nang,Cafe Matrix,Ẩm thực & Cafe,16.0689122,108.1511345,,,,,,,True,cafe,,,,
node,729406537,DANANG,Da Nang,NiceCoffee,Ẩm thực & Cafe,16.0447617,108.2227885,,,,,,,True,cafe,,,,
node,729406538,DANANG,Da Nang,Cafe Tây Sơn,Ẩm thực & Cafe,16.068661,108.2087874,,,,,,,True,cafe,,,,
node,729406539,DANANG,Da Nang,GiaiKhat Robben Coffee,Ẩm thực & Cafe,16.0576287,108.2097619,,,,,,,True,cafe,,,,
node,729406540,DANANG,Da Nang,CafeCao Nguyen,Ẩm thực & Cafe,16.048269,108.2123421,,,,,,,True,cafe,,,,
node,729406541,DANANG,Da Nang,LuuLy Coffee,Ẩm thực & Cafe,16.0750529,108.2307872,,,,,,,True,cafe,,,,
node,729406542,DANANG,Da Nang,CafeThao Uyen,Ẩm thực & Cafe,16.0490719,108.2130601,,,,,,,True,cafe,,,,
node,729406543,DANANG,Da Nang,CaPhe Luna,Ẩm thực & Cafe,16.0643134,108.1747963,,,,,,,True,cafe,,,,
node,729406544,DANANG,Da Nang,HaoHao Coffee,Ẩm thực & Cafe,16.0870392,108.2406834,,,,,,,True,cafe,,,,
node,729406545,DANANG,Da Nang,DuyThanh Coffee,Ẩm thực & Cafe,16.0571757,108.2129395,,,,,,,True,cafe,,,,
node,729406546,DANANG,Da Nang,CaPhe Vuon Da Bien,Ẩm thực & Cafe,16.0762848,108.2075858,,,,,,,True,cafe,,,,
node,729406547,DANANG,Da Nang,LuckyCoffee,Ẩm thực & Cafe,16.0457052,108.2226491,,,,,,,True,cafe,,,,
node,729406548,DANANG,Da Nang,CafeToday,Ẩm thực & Cafe,16.0675663,108.2077206,,,,,,,True,cafe,,,,
node,729406549,DANANG,Da Nang,PhoCoffee,Ẩm thực & Cafe,16.0663258,108.2210558,,,,,,,True,cafe,,,,
node,729406550,DANANG,Da Nang,Ca Phe Giai Khat Thanh Van,Ẩm thực & Cafe,16.0546458,108.2399741,,,,,,,True,cafe,,,,
node,729406551,DANANG,Da Nang,CaPhe Tuoi Hong,Ẩm thực & Cafe,16.0707023,108.2204389,,,,,,,True,cafe,,,,
node,729406552,DANANG,Da Nang,DinhCoffee,Ẩm thực & Cafe,16.0505719,108.2161796,,,,,,,True,cafe,,,,
node,729406553,DANANG,Da Nang,BaoTran Coffee,Ẩm thực & Cafe,16.0948767,108.2443642,,,,,,,True,cafe,,,,
node,729406554,DANANG,Da Nang,MatBien Coffee,Ẩm thực & Cafe,16.0691095,108.2013508,,,,,,,True,cafe,,,,
node,729406555,DANANG,Da Nang,CafeCat Tien,Ẩm thực & Cafe,16.0552889,108.2123387,,,,,,,True,cafe,,,,
node,729406556,DANANG,Da Nang,Ca Phe Thanh Thanh,Ẩm thực & Cafe,16.058284,108.1774163,,,,,,,True,cafe,,,,
node,729406557,DANANG,Da Nang,BachDat Coffee,Ẩm thực & Cafe,16.0624685,108.2176904,,,,,,,True,cafe,,,,
node,729406558,DANANG,Da Nang,CafeNew Life,Ẩm thực & Cafe,16.0660578,108.2198757,,,,,,,True,cafe,,,,
node,729406559,DANANG,Da Nang,Ca Phe Van Anh,Ẩm thực & Cafe,16.0712642,108.1928766,,,,,,,True,cafe,,,,
node,729406560,DANANG,Da Nang,LongCoffee,Ẩm thực & Cafe,16.1109907,108.1297417,,,,,,,True,cafe,,,,
node,729406562,DANANG,Da Nang,QuynhThuy Coffee,Ẩm thực & Cafe,16.0782178,108.2143342,,,,,,,True,cafe,,,,
node,729406563,DANANG,Da Nang,TrucXinh Coffee,Ẩm thực & Cafe,16.0684084,108.198772,,,,,,,True,cafe,,,,
node,729406564,DANANG,Da Nang,HoaLan Coffee,Ẩm thực & Cafe,16.0445761,108.1847441,,,,,,,True,cafe,,,,
node,729406565,DANANG,Da Nang,Cafe Anh Linh,Ẩm thực & Cafe,16.0687243,108.2015572,,,,,,,True,cafe,,,,
node,729406566,DANANG,Da Nang,CaPhe Dan,Ẩm thực & Cafe,16.0622534,108.2179552,,,,,,,True,cafe,,,,
node,729406567,DANANG,Da Nang,Cafe33,Ẩm thực & Cafe,16.0661319,108.2226375,,,,,,,True,cafe,,,,
node,729406568,DANANG,Da Nang,QuynhMai Coffee,Ẩm thực & Cafe,16.0671436,108.1825282,,,,,,,True,cafe,,,,
node,729406569,DANANG,Da Nang,CafePhuong Vy,Ẩm thực & Cafe,16.0750173,108.2304525,,,,,,,True,cafe,,,,
node,729406570,DANANG,Da Nang,CaPhe Relax,Ẩm thực & Cafe,16.0318211,108.2239258,,,,,,,True,cafe,,,,
node,729406571,DANANG,Da Nang,WifiThao Chi Coffee,Ẩm thực & Cafe,16.0680153,108.1918239,,,,,,,True,cafe,,,,
node,729406572,DANANG,Da Nang,HongAnh Coffee,Ẩm thực & Cafe,16.0688878,108.2015494,,,,,,,True,cafe,,,,
node,729406573,DANANG,Da Nang,CaPhe Mien Nhiet Doi,Ẩm thực & Cafe,16.0575572,108.218894,,,,,,,True,cafe,,,,
node,729406574,DANANG,Da Nang,PhuongCoffee,Ẩm thực & Cafe,16.1139462,108.1277901,,,,,,,True,cafe,,,,
node,729406575,DANANG,Da Nang,Ca Phe Jet,Ẩm thực & Cafe,16.059902,108.2123879,,,,,,,True,cafe,,,,
node,729406576,DANANG,Da Nang,CafeGarden,Ẩm thực & Cafe,16.0651454,108.2216191,,,,,,,True,cafe,,,,
node,729406577,DANANG,Da Nang,Ca Phe Huong Xuan,Ẩm thực & Cafe,16.0569523,108.1673985,,,,,,,True,cafe,,,,
node,729406578,DANANG,Da Nang,CafeBillards,Ẩm thực & Cafe,16.0687364,108.217669,,,,,,,True,cafe,,,,
node,729406580,DANANG,Da Nang,CaPhe Huy,Ẩm thực & Cafe,16.0768325,108.2120316,80 Đường Ông Ích Khiêm,,,,,,True,cafe,,,,
node,729406581,DANANG,Da Nang,AnhLinh Coffee,Ẩm thực & Cafe,16.069094,108.2015631,,,,,,,True,cafe,,,,
node,729406582,DANANG,Da Nang,QanCafe Giai Khat,Ẩm thực & Cafe,16.0226746,108.2144254,,,,,,,True,cafe,,,,
node,729406583,DANANG,Da Nang,CafeThuy Duong,Ẩm thực & Cafe,16.0710683,108.1488883,,,,,,,True,cafe,,,,
node,729406584,DANANG,Da Nang,GiaiKhat Hong Anh Coffee,Ẩm thực & Cafe,16.0377296,108.2222682,,,,,,,True,cafe,,,,
node,729406585,DANANG,Da Nang,LyLy Coffee,Ẩm thực & Cafe,16.0846609,108.1452942,,,,,,,True,cafe,,,,
node,729406586,DANANG,Da Nang,NhaUyen Coffee,Ẩm thực & Cafe,16.0643773,108.2190227,,,,,,,True,cafe,,,,
node,729406588,DANANG,Da Nang,42Coffee,Ẩm thực & Cafe,16.0645165,108.2097208,,,,,,,True,cafe,,,,
node,729406589,DANANG,Da Nang,Ca Phe Hoang Uyen,Ẩm thực & Cafe,16.0682022,108.1937456,,,,,,,True,cafe,,,,
node,729406590,DANANG,Da Nang,DuyenCoffee,Ẩm thực & Cafe,16.0706977,108.2088124,,,,,,,True,cafe,,,,
node,729406592,DANANG,Da Nang,Cafe Giai Khat Loc Vung,Ẩm thực & Cafe,16.0710734,108.1433576,,,,,,,True,cafe,,,,
node,729406593,DANANG,Da Nang,QuynhAnh Coffee,Ẩm thực & Cafe,16.0585636,108.2096804,,,,,,,True,cafe,,,,
node,729406594,DANANG,Da Nang,352Coffee,Ẩm thực & Cafe,16.0549851,108.218971,,,,,,,True,cafe,,,,
node,729406596,DANANG,Da Nang,CaPhe My,Ẩm thực & Cafe,16.0593646,108.2087853,,,,,,,True,cafe,,,,
node,729406597,DANANG,Da Nang,CaPhe Anh Tien,Ẩm thực & Cafe,16.0644546,108.1522465,,,,,,,True,cafe,,,,
node,729406598,DANANG,Da Nang,UyenPhuong Coffee,Ẩm thực & Cafe,16.1068753,108.1320655,,,,,,,True,cafe,,,,
node,729406599,DANANG,Da Nang,ThienAnh Coffee,Ẩm thực & Cafe,16.0681152,108.1924101,,,,,,,True,cafe,,,,
node,729406600,DANANG,Da Nang,HuongQue Coffee,Ẩm thực & Cafe,16.0613894,108.2044916,,,,,,,True,cafe,,,,
node,729406601,DANANG,Da Nang,Cà phê Thật,Ẩm thực & Cafe,16.0205967,108.2112121,Cách Mạng Tháng Tám,,,,,,True,cafe,,,,
node,729406602,DANANG,Da Nang,Cafe Thanh Thuy,Ẩm thực & Cafe,16.0626452,108.1571871,,,,,,,True,cafe,,,,
node,729406603,DANANG,Da Nang,HuongDuong Coffee,Ẩm thực & Cafe,16.1145079,108.127255,,,,,,,True,cafe,,,,
node,729406604,DANANG,Da Nang,HongDuy Coffee,Ẩm thực & Cafe,16.0827847,108.1460237,,,,,,,True,cafe,,,,
node,729406605,DANANG,Da Nang,ChipChip Coffee,Ẩm thực & Cafe,16.0447806,108.2393417,,,,,,,True,cafe,,,,
node,729406606,DANANG,Da Nang,Cafe Mat Trang Xanh,Ẩm thực & Cafe,16.0628102,108.1567579,,,,,,,True,cafe,,,,
node,729406607,DANANG,Da Nang,Cafe153,Ẩm thực & Cafe,16.0625213,108.2169681,,,,,,,True,cafe,,,,
node,729406608,DANANG,Da Nang,Ca Phe Huong Ngoc Lan,Ẩm thực & Cafe,16.0562723,108.1659995,,,,,,,True,cafe,,,,
node,729406609,DANANG,Da Nang,ThanhLan Coffee,Ẩm thực & Cafe,16.067496,108.2176172,,,,,,,True,cafe,,,,
node,729406610,DANANG,Da Nang,Ca Phe 54,Ẩm thực & Cafe,16.0701198,108.1505084,,,,,,,True,cafe,,,,
node,729406611,DANANG,Da Nang,Cafe Kieu Diem,Ẩm thực & Cafe,16.0705631,108.1479335,,,,,,,True,cafe,,,,
node,729406612,DANANG,Da Nang,Cafe461,Ẩm thực & Cafe,16.0662691,108.2066202,,,,,,,True,cafe,,,,
node,729406613,DANANG,Da Nang,Cafe Hai Quynh,Ẩm thực & Cafe,16.0534176,108.2176226,,,,,,,True,cafe,,,,
node,729406614,DANANG,Da Nang,CafeHuyen Trang,Ẩm thực & Cafe,16.0929068,108.2433715,,,,,,,True,cafe,,,,
node,729406615,DANANG,Da Nang,Ca Phe Hung,Ẩm thực & Cafe,16.0784395,108.2184863,,,,,,,True,cafe,,,,
node,729406616,DANANG,Da Nang,CaPhe Diem Hen,Ẩm thực & Cafe,16.0636246,108.1546926,,,,,,,True,cafe,,,,
node,729406617,DANANG,Da Nang,DieuThu Coffee,Ẩm thực & Cafe,16.0600007,108.2134008,,,,,,,True,cafe,,,,
node,729406618,DANANG,Da Nang,Ca Phe Brown,Ẩm thực & Cafe,16.0715138,108.2117833,,,,,,,True,cafe,,,,
node,729406620,DANANG,Da Nang,Cafe New Style,Ẩm thực & Cafe,16.0161779,108.2022267,,,,,,,True,cafe,,,,
node,729406621,DANANG,Da Nang,CaPhe Kim Trung,Ẩm thực & Cafe,16.0630679,108.1602341,,,,,,,True,cafe,,,,
node,729406622,DANANG,Da Nang,Cafe79,Ẩm thực & Cafe,16.0721044,108.2186472,,,,,,,True,cafe,,,,
node,729406623,DANANG,Da Nang,CaPhe Khanh Vy,Ẩm thực & Cafe,16.0385347,108.1862874,,,,,,,True,cafe,,,,
node,729406624,DANANG,Da Nang,CàPhê Da Nang Pho,Ẩm thực & Cafe,16.0868397,108.215165,,,,,,,True,cafe,,,,
node,729406625,DANANG,Da Nang,TrungHien Coffee,Ẩm thực & Cafe,16.071496,108.2033292,,,,,,,True,cafe,,,,
node,729406626,DANANG,Da Nang,Cafe 50,Ẩm thực & Cafe,16.0641453,108.2214904,,,,,,,True,cafe,,,,
node,729406627,DANANG,Da Nang,HongCoffee,Ẩm thực & Cafe,16.0718879,108.178972,,,,,,,True,cafe,,,,
node,729406628,DANANG,Da Nang,CafeBen,Ẩm thực & Cafe,16.0641917,108.2143289,,,,,,,True,cafe,,,,
node,729406629,DANANG,Da Nang,Ca Phe Quynh Huong,Ẩm thực & Cafe,16.063238,108.1668484,,,,,,,True,cafe,,,,
node,729406630,DANANG,Da Nang,Cafe Golden Fish,Ẩm thực & Cafe,16.0707745,108.218733,,,,,,,True,cafe,,,,
node,729406632,DANANG,Da Nang,Ca Phe Trau Cau,Ẩm thực & Cafe,16.0711817,108.1550681,,,,,,,True,cafe,,,,
node,729406633,DANANG,Da Nang,157Coffee,Ẩm thực & Cafe,16.0713724,108.2024467,,,,,,,True,cafe,,,,
node,729406634,DANANG,Da Nang,CaPhe Nguyen Thao,Ẩm thực & Cafe,16.0873047,108.1444207,,,,,,,True,cafe,,,,
node,729406635,DANANG,Da Nang,PhucDuyen Coffee,Ẩm thực & Cafe,16.1115277,108.1295163,,,,,,,True,cafe,,,,
node,729406636,DANANG,Da Nang,TuUyen Coffee,Ẩm thực & Cafe,16.0622025,108.2089491,,,,,,,True,cafe,,,,
node,729406637,DANANG,Da Nang,Cafe Anh,Ẩm thực & Cafe,16.0178588,108.2068294,,,,,,,True,cafe,,,,
node,729406638,DANANG,Da Nang,CaPhe S Rock Coffee,Ẩm thực & Cafe,16.0843078,108.2139024,,,,,,,True,cafe,,,,
node,729406639,DANANG,Da Nang,CaPhe Han Pho,Ẩm thực & Cafe,16.0716611,108.2224613,,,,,,,True,cafe,,,,
node,729406640,DANANG,Da Nang,DiemHen Coffee,Ẩm thực & Cafe,16.0572169,108.2114589,,,,,,,True,cafe,,,,
node,729406641,DANANG,Da Nang,CaPhe Anh Hong,Ẩm thực & Cafe,16.0653619,108.1496072,,,,,,,True,cafe,,,,
node,729406642,DANANG,Da Nang,NhaKhuyen Coffee,Ẩm thực & Cafe,16.0789549,108.2212972,,,,,,,True,cafe,,,,
node,729406643,DANANG,Da Nang,Ca Phe Legend,Ẩm thực & Cafe,16.0516239,108.1699937,,,,,,,True,cafe,,,,
node,729406644,DANANG,Da Nang,CafeHang Me,Ẩm thực & Cafe,16.0639278,108.222574,,,,,,,True,cafe,,,,
node,729406645,DANANG,Da Nang,Internet424 Coffee,Ẩm thực & Cafe,16.0764343,108.1486416,,,,,,,True,cafe,,,,
node,729406646,DANANG,Da Nang,CafeGiai Khat 35,Ẩm thực & Cafe,16.065532,108.2184005,,,,,,,True,cafe,,,,
node,729406647,DANANG,Da Nang,CaPhe Khanh Van,Ẩm thực & Cafe,16.0350074,108.1789934,,,,,,,True,cafe,,,,
node,729406648,DANANG,Da Nang,GiaiKhat Duc Vuong,Ẩm thực & Cafe,16.0715374,108.1879842,,,,,,,True,cafe,,,,
node,729406649,DANANG,Da Nang,NgocCoffee,Ẩm thực & Cafe,16.0755548,108.2306045,,,,,,,True,cafe,,,,
node,729406650,DANANG,Da Nang,CafeVu Hai,Ẩm thực & Cafe,16.0614286,108.2203907,,,,,,,True,cafe,,,,
node,729406651,DANANG,Da Nang,Coffee New Sky,Ẩm thực & Cafe,16.0682343,108.1494322,,,,,,,True,cafe,,,,
node,729406652,DANANG,Da Nang,CaPhe Pho Xua,Ẩm thực & Cafe,16.0444627,108.2223165,,,,,,,True,cafe,,,,
node,729406653,DANANG,Da Nang,Cafe Den Bin,Ẩm thực & Cafe,16.0733879,108.2200581,,,,,,,True,cafe,,,,
node,729406654,DANANG,Da Nang,CaPhe Giai Khat Sinh Vien,Ẩm thực & Cafe,16.0572891,108.2098979,,,,,,,True,cafe,,,,
node,729406655,DANANG,Da Nang,CaPhe Hang,Ẩm thực & Cafe,16.0366005,108.1852966,,,,,,,True,cafe,,,,
node,729406657,DANANG,Da Nang,NhuY Coffee,Ẩm thực & Cafe,16.0466435,108.2217854,,,,,,,True,cafe,,,,
node,729406658,DANANG,Da Nang,CaPhe Truyen,Ẩm thực & Cafe,16.0673911,108.1823565,,,,,,,True,cafe,,,,
node,729406659,DANANG,Da Nang,KatynatCoffee,Ẩm thực & Cafe,16.0778518,108.2200742,,,,,,,True,cafe,,,,
node,729406660,DANANG,Da Nang,TitoCoffee,Ẩm thực & Cafe,16.0566086,108.2116198,,,,,,,True,cafe,,,,
node,729406661,DANANG,Da Nang,Cafe Giai Khat 59,Ẩm thực & Cafe,16.0810992,108.2194519,,,,,,,True,cafe,,,,
node,729406662,DANANG,Da Nang,ThaoNguyen Coffee,Ẩm thực & Cafe,16.0456175,108.2225525,,,,,,,True,cafe,,,,
node,729406663,DANANG,Da Nang,CaPhe Giai Khat Huong Vuon Cau,Ẩm thực & Cafe,16.0672434,108.2039165,,,,,,,True,cafe,,,,
node,729406664,DANANG,Da Nang,PhuCoffee,Ẩm thực & Cafe,16.0628036,108.213887,,,,,,,True,cafe,,,,
node,729406665,DANANG,Da Nang,Ca Phe Giai Khat,Ẩm thực & Cafe,16.0540422,108.2390125,,,,,,,True,cafe,,,,
node,729406666,DANANG,Da Nang,BinBin Coffee,Ẩm thực & Cafe,16.1111131,108.1296903,,,,,,,True,cafe,,,,
node,729406667,DANANG,Da Nang,CafeBao Long,Ẩm thực & Cafe,16.0500563,108.214994,,,,,,,True,cafe,,,,
node,729406668,DANANG,Da Nang,CafeLong,Ẩm thực & Cafe,16.0946706,108.244273,,,,,,,True,cafe,,,,
node,729406669,DANANG,Da Nang,CaPhe Nu Tam Xuan,Ẩm thực & Cafe,16.0720528,108.2056707,,,,,,,True,cafe,,,,
node,729406670,DANANG,Da Nang,CayBang Coffee,Ẩm thực & Cafe,16.0576912,108.2180464,,,,,,,True,cafe,,,,
node,729406671,DANANG,Da Nang,CaPhe Nhu Phuong,Ẩm thực & Cafe,16.0717642,108.1563878,,,,,,,True,cafe,,,,
node,729406672,DANANG,Da Nang,DuyenAnh Coffee,Ẩm thực & Cafe,16.0577221,108.2065773,,,,,,,True,cafe,,,,
node,729406673,DANANG,Da Nang,CafeWin My,Ẩm thực & Cafe,16.0653464,108.2182449,,,,,,,True,cafe,,,,
node,729406674,DANANG,Da Nang,Cafe Thuan Tinh,Ẩm thực & Cafe,16.0717951,108.1402409,,,,,,,True,cafe,,,,
node,729406675,DANANG,Da Nang,Ca Phe Sari,Ẩm thực & Cafe,16.0717229,108.1562859,,,,,,,True,cafe,,,,
node,729406677,DANANG,Da Nang,CaPhe Khung Cua Hep,Ẩm thực & Cafe,16.0708787,108.198007,,,,,,,True,cafe,,,,
node,729406678,DANANG,Da Nang,HuongHoa Coffee,Ẩm thực & Cafe,16.0599697,108.1793743,,,,,,,True,cafe,,,,
node,729406679,DANANG,Da Nang,CaPhe Nhu Mai,Ẩm thực & Cafe,16.0853516,108.1433737,24 BÙI CHÁT,,,,,,True,cafe,,,,
node,729406680,DANANG,Da Nang,BoGia Coffee,Ẩm thực & Cafe,16.0767951,108.2204711,,,,,,,True,cafe,,,,
node,729406681,DANANG,Da Nang,Cafe Lipton,Ẩm thực & Cafe,16.0446535,108.2227617,,,,,,,True,cafe,,,,
node,729406682,DANANG,Da Nang,CaPhe Jet,Ẩm thực & Cafe,16.0611875,108.2110707,,,,,,,True,cafe,,,,
node,729406683,DANANG,Da Nang,CaPhe Quynh,Ẩm thực & Cafe,16.0934244,108.2435692,,,,,,,True,cafe,,,,
node,729406684,DANANG,Da Nang,Cafe Rex,Ẩm thực & Cafe,16.0699806,108.2190495,,,,,,,True,cafe,,,,
node,729406685,DANANG,Da Nang,MyLam Vien Coffee,Ẩm thực & Cafe,16.0397103,108.2425533,,,,,,,True,cafe,,,,
node,729406686,DANANG,Da Nang,CaPhe Thuy,Ẩm thực & Cafe,16.0816044,108.2215386,,,,,,,True,cafe,,,,
node,729406687,DANANG,Da Nang,NhatNang Coffee,Ẩm thực & Cafe,16.0685373,108.200714,,,,,,,True,cafe,,,,
node,729406688,DANANG,Da Nang,CafeKieu Trang,Ẩm thực & Cafe,16.0545826,108.2120007,,,,,,,True,cafe,,,,
node,729406689,DANANG,Da Nang,CungDan Xua Coffee,Ẩm thực & Cafe,16.0737333,108.2148331,,,,,,,True,cafe,,,,
node,729406690,DANANG,Da Nang,Cafe155,Ẩm thực & Cafe,16.0620661,108.2170101,,,,,,,True,cafe,,,,
node,729406691,DANANG,Da Nang,VilanCoffee,Ẩm thực & Cafe,16.0642032,108.2193313,,,,,,,True,cafe,,,,
node,729406692,DANANG,Da Nang,CafeBa Map,Ẩm thực & Cafe,16.0612631,108.1783947,,,,,,,True,cafe,,,,
node,729406693,DANANG,Da Nang,Cafe9X,Ẩm thực & Cafe,16.0700528,108.2212114,,,,,,,True,cafe,,,,
node,729406694,DANANG,Da Nang,CaPhe Sinh Vien,Ẩm thực & Cafe,16.0525734,108.2373072,,,,,,,True,cafe,,,,
node,729406695,DANANG,Da Nang,CafeCo Vang,Ẩm thực & Cafe,16.0897792,108.2419107,,,,,,,True,cafe,,,,
node,729406697,DANANG,Da Nang,CaPhe Giot Dang,Ẩm thực & Cafe,16.0221177,108.2132131,,,,,,,True,cafe,,,,
node,729406700,DANANG,Da Nang,HongTrang Coffee,Ẩm thực & Cafe,16.0828466,108.1458038,,,,,,,True,cafe,,,,
node,729406701,DANANG,Da Nang,10Tran Quoc Toan Coffee,Ẩm thực & Cafe,16.0662588,108.2236039,,,,,,,True,cafe,,,,
node,729406702,DANANG,Da Nang,Ca Phe An Tuong,Ẩm thực & Cafe,16.0793393,108.2190038,,,,,,,True,cafe,,,,
node,729406703,DANANG,Da Nang,CafeThuy,Ẩm thực & Cafe,16.0647381,108.2103646,,,,,,,True,cafe,,,,
node,729406704,DANANG,Da Nang,Ca Phe Truc Duyen,Ẩm thực & Cafe,16.0682253,108.1939494,,,,,,,True,cafe,,,,
node,729406705,DANANG,Da Nang,Van,Ẩm thực & Cafe,16.0757535,108.2198667,,,,,,,True,cafe,,,,
node,729406707,DANANG,Da Nang,BambooCoffee,Ẩm thực & Cafe,16.0735054,108.14948,,,,,,,True,cafe,,,,
node,729406708,DANANG,Da Nang,ValentineCoffee,Ẩm thực & Cafe,16.0461434,108.2387209,,,,,,,True,cafe,,,,
node,729406709,DANANG,Da Nang,ThanhAn Coffee,Ẩm thực & Cafe,16.0552064,108.2194304,,,,,,,True,cafe,,,,
node,729406711,DANANG,Da Nang,CaPhe Trang Le,Ẩm thực & Cafe,16.0904338,108.1478584,,,,,,,True,cafe,,,,
node,729406712,DANANG,Da Nang,CafeViolet,Ẩm thực & Cafe,16.0653601,108.1547875,,,,,,,True,cafe,,,,
node,729406713,DANANG,Da Nang,MaiTrang Coffee,Ẩm thực & Cafe,16.1068134,108.1321031,,,,,,,True,cafe,,,,
node,729406714,DANANG,Da Nang,204Coffee,Ẩm thực & Cafe,16.0785116,108.2170218,,,,,,,True,cafe,,,,
node,729406715,DANANG,Da Nang,Cafe78,Ẩm thực & Cafe,16.067063,108.217982,,,,,,,True,cafe,,,,
node,729406716,DANANG,Da Nang,CaPhe Dong Tay,Ẩm thực & Cafe,16.013755,108.1959521,,,,,,,True,cafe,,,,
node,729406717,DANANG,Da Nang,CaPhe A. Ly,Ẩm thực & Cafe,16.0627638,108.1577021,,,,,,,True,cafe,,,,
node,729406718,DANANG,Da Nang,AnhThu Coffee,Ẩm thực & Cafe,16.1119504,108.129331,,,,,,,True,cafe,,,,
node,729406719,DANANG,Da Nang,Cafe188,Ẩm thực & Cafe,16.0569973,108.2201299,,,,,,,True,cafe,,,,
node,729406720,DANANG,Da Nang,CafeHana,Ẩm thực & Cafe,16.0443405,108.2395763,,,,,,,True,cafe,,,,
node,729406722,DANANG,Da Nang,CafeThao Vy,Ẩm thực & Cafe,16.0632947,108.1580132,,,,,,,True,cafe,,,,
node,729406723,DANANG,Da Nang,CaPhe Uyen Phuong,Ẩm thực & Cafe,16.0900009,108.1474614,,,,,,,True,cafe,,,,
node,729406724,DANANG,Da Nang,MaiAnh Coffee,Ẩm thực & Cafe,16.0755735,108.2112711,,,,,,,True,cafe,,,,
node,729406725,DANANG,Da Nang,CafeVinh Phuc,Ẩm thực & Cafe,16.0694187,108.2228261,,,,,,,True,cafe,,,,
node,729406726,DANANG,Da Nang,Cafe Chot Nho,Ẩm thực & Cafe,16.0219269,108.2135135,,,,,,,True,cafe,,,,
node,729406727,DANANG,Da Nang,NgocLan Coffee,Ẩm thực & Cafe,16.0707499,108.1495428,,,,,,,True,cafe,,,,
node,729406728,DANANG,Da Nang,HoangViet Coffee,Ẩm thực & Cafe,16.1114052,108.1295677,,,,,,,True,cafe,,,,
node,729406729,DANANG,Da Nang,NewStar Coffee,Ẩm thực & Cafe,16.081326,108.1466996,,,,,,,True,cafe,,,,
node,729406730,DANANG,Da Nang,37Coffee,Ẩm thực & Cafe,16.0824909,108.2204926,,,,,,,True,cafe,,,,
node,729406731,DANANG,Da Nang,HongAn Coffee,Ẩm thực & Cafe,16.0749549,108.2104772,,,,,,,True,cafe,,,,
node,729406732,DANANG,Da Nang,CaPhe Giai Khat Xiromi,Ẩm thực & Cafe,16.0895782,108.2169896,81 Đường Phạm Ngọc Thạch,,,,,,True,cafe,,,,
node,729406733,DANANG,Da Nang,GiaiKhat Truc Viet Coffee,Ẩm thực & Cafe,16.063336,108.2183683,,,,,,,True,cafe,,,,
node,729406734,DANANG,Da Nang,Cà Phê Long,Ẩm thực & Cafe,16.0749597,108.219974,123 Lê Lợi,Ẩm thực: coffee_shop.,,,,coffee_shop,True,cafe,,,,
node,729406735,DANANG,Da Nang,BaoHuong Coffee,Ẩm thực & Cafe,16.0663619,108.2181108,,,,,,,True,cafe,,,,
node,729406736,DANANG,Da Nang,CaPhe Phuong Nam,Ẩm thực & Cafe,16.014059,108.1970462,,,,,,,True,cafe,,,,
node,729406737,DANANG,Da Nang,Ca Phe Thien Truc,Ẩm thực & Cafe,16.08705,108.2165712,,,,,,,True,cafe,,,,
node,729406738,DANANG,Da Nang,Ca Phe San Vuon Da Thien Ly,Ẩm thực & Cafe,16.0549242,108.1785938,126 Đường Tôn Đản,,,,,,True,cafe,,,,
node,729406739,DANANG,Da Nang,DivaCoffee,Ẩm thực & Cafe,16.056262,108.2219781,,,,,,,True,cafe,,,,
node,729406740,DANANG,Da Nang,Ca Phe U I,Ẩm thực & Cafe,16.0625937,108.1575572,,,,,,,True,cafe,,,,
node,729406741,DANANG,Da Nang,Cafe Giai Khat Tam,Ẩm thực & Cafe,16.0792023,108.2215011,,,,,,,True,cafe,,,,
node,729406742,DANANG,Da Nang,Cafe Giai Khat Thu Thao,Ẩm thực & Cafe,16.0585326,108.2096711,,,,,,,True,cafe,,,,
node,729406743,DANANG,Da Nang,QueenBell Coffee,Ẩm thực & Cafe,16.1116972,108.1294451,,,,,,,True,cafe,,,,
node,729406744,DANANG,Da Nang,Highlands Coffee,Ẩm thực & Cafe,16.0700231,108.2249183,,"Ẩm thực: coffee_shop, vietnamese. Chỗ ngồi ngoài trời.",,,,"coffee_shop, vietnamese",False,,,,,
node,729406745,DANANG,Da Nang,CafeMai La,Ẩm thực & Cafe,16.0608962,108.1614454,,,,,,,True,cafe,,,,
node,729406746,DANANG,Da Nang,CaPhe Tigon,Ẩm thực & Cafe,16.0707281,108.2188296,,,,,,,True,cafe,,,,
node,729406747,DANANG,Da Nang,CaPhe Giai Khat Tv,Ẩm thực & Cafe,16.0537025,108.2213408,,,,,,,True,cafe,,,,
node,729406748,DANANG,Da Nang,Ca Phe Anh Thu,Ẩm thực & Cafe,16.0708363,108.1544029,,,,,,,True,cafe,,,,
node,729406749,DANANG,Da Nang,GiaiKhat Bia Tuoi Coffee,Ẩm thực & Cafe,16.0669214,108.1921228,,,,,,,True,cafe,,,,
node,729406750,DANANG,Da Nang,CafeK.C.F,Ẩm thực & Cafe,16.06397,108.2234537,,,,,,,True,cafe,,,,
node,729406751,DANANG,Da Nang,NgocLan Coffee,Ẩm thực & Cafe,16.0680836,108.2048821,,,,,,,True,cafe,,,,
node,729406752,DANANG,Da Nang,CaPhe Phuong Nam,Ẩm thực & Cafe,16.0669393,108.2202351,,,,,,,True,cafe,,,,
node,729406753,DANANG,Da Nang,Cafe Paradise,Ẩm thực & Cafe,16.0177041,108.2065665,,,,,,,True,cafe,,,,
node,729406754,DANANG,Da Nang,Ca Phe Thanh Tam,Ẩm thực & Cafe,16.0640628,108.1667143,,,,,,,True,cafe,,,,
node,729406755,DANANG,Da Nang,Piggy,Ẩm thực & Cafe,16.0722436,108.2210076,,,,,,,True,cafe,,,,
node,729406756,DANANG,Da Nang,CaPhe Cay Truc,Ẩm thực & Cafe,16.061274,108.2214904,,,,,,,True,cafe,,,,
node,729406757,DANANG,Da Nang,Cafe Phuong,Ẩm thực & Cafe,16.0649443,108.1503206,,,,,,,True,cafe,,,,
node,729406759,DANANG,Da Nang,Trung Nguyên Coffee,Ẩm thực & Cafe,16.0723003,108.218556,,"Ẩm thực: coffee_shop, vietnamese.",,,,"coffee_shop, vietnamese",False,,,,,
node,729406760,DANANG,Da Nang,Ca Phe World Cup,Ẩm thực & Cafe,16.0465765,108.1819921,,,,,,,True,cafe,,,,
node,729406761,DANANG,Da Nang,HuongCau Coffee,Ẩm thực & Cafe,16.1116563,108.1294622,,,,,,,True,cafe,,,,
node,729406763,DANANG,Da Nang,CaPhe Hanh Ngan,Ẩm thực & Cafe,16.0588202,108.234955,,,,,,,True,cafe,,,,
node,729406764,DANANG,Da Nang,HoangOanh Coffee,Ẩm thực & Cafe,16.0850991,108.2206374,,,,,,,True,cafe,,,,
node,729406765,DANANG,Da Nang,Cafe68,Ẩm thực & Cafe,16.0696816,108.2175475,,,,,,,True,cafe,,,,
node,729406766,DANANG,Da Nang,CaPhe Truc Lam Vien,Ẩm thực & Cafe,16.0614699,108.2207715,,,,,,,True,cafe,,,,
node,729406767,DANANG,Da Nang,Cafe Hen,Ẩm thực & Cafe,16.0662948,108.1490553,,,,,,,True,cafe,,,,
node,729406768,DANANG,Da Nang,NguyenThao Coffee,Ẩm thực & Cafe,16.0877809,108.2411672,,,,,,,True,cafe,,,,
node,729406769,DANANG,Da Nang,Cafe Ban Mai,Ẩm thực & Cafe,16.0791012,108.2329932,,,,,,,True,cafe,,,,
node,729406770,DANANG,Da Nang,CaPhe Melody,Ẩm thực & Cafe,16.0675785,108.2338071,,,,,,,True,cafe,,,,
node,729406771,DANANG,Da Nang,CaPhe Phuong Lam,Ẩm thực & Cafe,16.036683,108.1856131,,,,,,,True,cafe,,,,
node,729406772,DANANG,Da Nang,Karty Coffee,Ẩm thực & Cafe,16.0687729,108.2250396,,,,,,,True,cafe,,,,
node,729406773,DANANG,Da Nang,PhuongThy Coffee S,Ẩm thực & Cafe,16.0466435,108.2217908,,,,,,,True,cafe,,,,
node,729406774,DANANG,Da Nang,CaPhe May Trang,Ẩm thực & Cafe,16.0663413,108.1744283,,,,,,,True,cafe,,,,
node,729406775,DANANG,Da Nang,ThienY Coffee,Ẩm thực & Cafe,16.0868065,108.2404103,,,,,,,True,cafe,,,,
node,729406776,DANANG,Da Nang,Cafe Giai Khat Thanh Thao,Ẩm thực & Cafe,16.0589181,108.2170164,,,,,,,True,cafe,,,,
node,729406777,DANANG,Da Nang,Bar Coffee Bonjour,Ẩm thực & Cafe,16.0812848,108.2199937,,,,,,,True,cafe,,,,
node,729406778,DANANG,Da Nang,HuongGiang Coffee,Ẩm thực & Cafe,16.0453237,108.2227456,,,,,,,True,cafe,,,,
node,729406779,DANANG,Da Nang,SanVuon Green Coffee,Ẩm thực & Cafe,16.0660135,108.2010724,,,,,,,True,cafe,,,,
node,729406780,DANANG,Da Nang,CafeDiem Nong,Ẩm thực & Cafe,16.0662537,108.2220965,,,,,,,True,cafe,,,,
node,729406782,DANANG,Da Nang,HuuTho Coffee,Ẩm thực & Cafe,16.0707332,108.2205248,,,,,,,True,cafe,,,,
node,729406783,DANANG,Da Nang,CafeSac Mau,Ẩm thực & Cafe,16.0499841,108.2149189,,,,,,,True,cafe,,,,
node,729406785,DANANG,Da Nang,CaPhe Vong Nguyet,Ẩm thực & Cafe,16.0771817,108.2176709,,,,,,,True,cafe,,,,
node,729406786,DANANG,Da Nang,Cafe333,Ẩm thực & Cafe,16.0552167,108.2123011,,,,,,,True,cafe,,,,
node,729406787,DANANG,Da Nang,CaPhe Win,Ẩm thực & Cafe,16.0648721,108.1510234,,,,,,,True,cafe,,,,
node,729406788,DANANG,Da Nang,CafeGiai Khat Hung Trang,Ẩm thực & Cafe,16.0590359,108.2096095,,,,,,,True,cafe,,,,
node,729406789,DANANG,Da Nang,CafeKim,Ẩm thực & Cafe,16.0645886,108.2164907,,,,,,,True,cafe,,,,
node,729406790,DANANG,Da Nang,DuyenCoffee,Ẩm thực & Cafe,16.0329038,108.1883865,,,,,,,True,cafe,,,,
node,729406791,DANANG,Da Nang,VuonChieu Coffee,Ẩm thực & Cafe,16.0648361,108.2079398,,,,,,,True,cafe,,,,
node,729406794,DANANG,Da Nang,Cafe May Hong,Ẩm thực & Cafe,16.0858104,108.2396704,,,,,,,True,cafe,,,,
node,729406795,DANANG,Da Nang,ThaoTam Coffee,Ẩm thực & Cafe,16.0557374,108.2117325,,,,,,,True,cafe,,,,
node,729406796,DANANG,Da Nang,CaPhe Giai Khat Bia Tuoi 370,Ẩm thực & Cafe,16.0740323,108.214066,,,,,,,True,cafe,,,,
node,729406797,DANANG,Da Nang,8XCoffee,Ẩm thực & Cafe,16.0487314,108.2383561,,,,,,,True,cafe,,,,
node,729406798,DANANG,Da Nang,CafeLy Na,Ẩm thực & Cafe,16.0604492,108.2093346,,,,,,,True,cafe,,,,
node,729406799,DANANG,Da Nang,CaPhe My My,Ẩm thực & Cafe,16.0594336,108.1647724,,,,,,,True,cafe,,,,
node,729406800,DANANG,Da Nang,MinhThu Coffee,Ẩm thực & Cafe,16.0709329,108.2212959,,,,,,,True,cafe,,,,
node,729406803,DANANG,Da Nang,Ca Phe Hoang Gia,Ẩm thực & Cafe,16.0765993,108.2100105,,,,,,,True,cafe,,,,
node,729406804,DANANG,Da Nang,GotNgoc Coffee,Ẩm thực & Cafe,16.0763621,108.2192647,,,,,,,True,cafe,,,,
node,729406805,DANANG,Da Nang,CafeNhat Uyen,Ẩm thực & Cafe,16.0584078,108.2209271,,,,,,,True,cafe,,,,
node,729406806,DANANG,Da Nang,AnhDuong Coffee,Ẩm thực & Cafe,16.0743879,108.1494784,,,,,,,True,cafe,,,,
node,729406807,DANANG,Da Nang,CongTy TNHH Hong Ly,Ẩm thực & Cafe,16.0599845,108.2126638,,,,,,,True,cafe,,,,
node,729406809,DANANG,Da Nang,CafeThu Nguyen,Ẩm thực & Cafe,16.056838,108.1675672,,,,,,,True,cafe,,,,
node,729406810,DANANG,Da Nang,Cafe Giai Khat 61,Ẩm thực & Cafe,16.0686621,108.2176123,,,,,,,True,cafe,,,,
node,729406812,DANANG,Da Nang,CafeTi Ti,Ẩm thực & Cafe,16.0632643,108.1800826,,,,,,,True,cafe,,,,
node,729406813,DANANG,Da Nang,CaPhe Giai Khat 64,Ẩm thực & Cafe,16.0685218,108.2003867,,,,,,,True,cafe,,,,
node,729406816,DANANG,Da Nang,LangVan Coffee,Ẩm thực & Cafe,16.0748261,108.149296,,,,,,,True,cafe,,,,
node,729406817,DANANG,Da Nang,CaPhe Tinh Ban,Ẩm thực & Cafe,16.0536599,108.2111478,,,,,,,True,cafe,,,,
node,729406818,DANANG,Da Nang,CafeHoang Gia,Ẩm thực & Cafe,16.0649495,108.2207232,,,,,,,True,cafe,,,,
node,729406819,DANANG,Da Nang,Cafe Giai Khat 231,Ẩm thực & Cafe,16.0682538,108.1942445,,,,,,,True,cafe,,,,
node,729406820,DANANG,Da Nang,CafeDang Xua,Ẩm thực & Cafe,16.0648115,108.2081304,,,,,,,True,cafe,,,,
node,729406821,DANANG,Da Nang,CoThanh Coffee,Ẩm thực & Cafe,16.0712229,108.20095,,,,,,,True,cafe,,,,
node,729406822,DANANG,Da Nang,CafeChat Chit,Ẩm thực & Cafe,16.0759962,108.220514,,,,,,,True,cafe,,,,
node,729406823,DANANG,Da Nang,CaPhe Hong,Ẩm thực & Cafe,16.0234944,108.2153159,,,,,,,True,cafe,,,,
node,729406824,DANANG,Da Nang,Cafe Ca Phe Asenal,Ẩm thực & Cafe,16.0730157,108.149657,,,,,,,True,cafe,,,,
node,729406825,DANANG,Da Nang,ThanhNien Coffee,Ẩm thực & Cafe,16.0462466,108.2392226,,,,,,,True,cafe,,,,
node,729406826,DANANG,Da Nang,HuyHoang Coffee,Ẩm thực & Cafe,16.0533969,108.2098764,,,,,,,True,cafe,,,,
node,729406829,DANANG,Da Nang,CafeBao Bao,Ẩm thực & Cafe,16.0647373,108.1563211,,,,,,,True,cafe,,,,
node,729406831,DANANG,Da Nang,CaPhe Hollywood,Ẩm thực & Cafe,16.0804858,108.2216781,,,,,,,True,cafe,,,,
node,729406832,DANANG,Da Nang,DoNa Coffee,Ẩm thực & Cafe,16.0764181,108.2193964,,,,,,,True,cafe,,,,
node,729406833,DANANG,Da Nang,Cafe M.Hoang,Ẩm thực & Cafe,16.0208906,108.2121885,,,,,,,True,cafe,,,,
node,729406835,DANANG,Da Nang,Ca Phe A. Hieu,Ẩm thực & Cafe,16.0563766,108.1780439,,,,,,,True,cafe,,,,
node,729406836,DANANG,Da Nang,AladinCoffee,Ẩm thực & Cafe,16.0562787,108.2186687,,,,,,,True,cafe,,,,
node,729406838,DANANG,Da Nang,AnhCoffee,Ẩm thực & Cafe,16.0660732,108.2240277,,,,,,,True,cafe,,,,
node,729406839,DANANG,Da Nang,Ca Phe Bay Cha,Ẩm thực & Cafe,16.057253,108.1686401,,,,,,,True,cafe,,,,
node,729406840,DANANG,Da Nang,Ca Phe Thu Hai,Ẩm thực & Cafe,16.0473858,108.181681,,,,,,,True,cafe,,,,
node,729406841,DANANG,Da Nang,CaPhe An Huy,Ẩm thực & Cafe,16.0715683,108.1792617,,,,,,,True,cafe,,,,
node,729406843,DANANG,Da Nang,Cafe Tran,Ẩm thực & Cafe,16.0128908,108.1932199,,,,,,,True,cafe,,,,
node,729406844,DANANG,Da Nang,TuyetAnh Coffee,Ẩm thực & Cafe,16.0707538,108.1495535,,,,,,,True,cafe,,,,
node,729406845,DANANG,Da Nang,NgocVy Coffee,Ẩm thực & Cafe,16.1134154,108.1280315,,,,,,,True,cafe,,,,
node,729406846,DANANG,Da Nang,ChanMay Coffee,Ẩm thực & Cafe,16.0539331,108.2206535,,,,,,,True,cafe,,,,
node,729406847,DANANG,Da Nang,54Coffee,Ẩm thực & Cafe,16.0824548,108.2204604,,,,,,,True,cafe,,,,
node,729406848,DANANG,Da Nang,Ca Phe Googol,Ẩm thực & Cafe,16.0772642,108.2159006,,,,,,,True,cafe,,,,
node,729406850,DANANG,Da Nang,Trung Nguyên Legend,Ẩm thực & Cafe,16.0649241,108.2224339,,Có Wifi. Hỗ trợ xe lăn.,,,,,True,cafe,,,,
node,729406851,DANANG,Da Nang,161Coffee,Ẩm thực & Cafe,16.0779395,108.2166302,,,,,,,True,cafe,,,,
node,729406852,DANANG,Da Nang,ThuongCoffee,Ẩm thực & Cafe,16.0624167,108.2088907,,,,,,,True,cafe,,,,
node,729406853,DANANG,Da Nang,CaPhe Anh Thu,Ẩm thực & Cafe,16.0140624,108.1971397,,,,,,,True,cafe,,,,
node,729406854,DANANG,Da Nang,CaPhe San Vuon Bin Bin,Ẩm thực & Cafe,16.0630112,108.1602555,,,,,,,True,cafe,,,,
node,729406856,DANANG,Da Nang,NgocYen Coffee,Ẩm thực & Cafe,16.0824909,108.1461525,,,,,,,True,cafe,,,,
node,729406857,DANANG,Da Nang,CafeBao Tram,Ẩm thực & Cafe,16.101108,108.24754,,,,,,,True,cafe,,,,
node,729406859,DANANG,Da Nang,CaPhe Tieng Duong Cam,Ẩm thực & Cafe,16.0630628,108.2202512,,,,,,,True,cafe,,,,
node,729406860,DANANG,Da Nang,Cafe Vink,Ẩm thực & Cafe,16.0751659,108.2199311,,,,,,,True,cafe,,,,
node,729406861,DANANG,Da Nang,HoaCoffee,Ẩm thực & Cafe,16.0652021,108.2145166,,,,,,,True,cafe,,,,
node,729406862,DANANG,Da Nang,FriendCoffee,Ẩm thực & Cafe,16.0871969,108.2162601,,,,,,,True,cafe,,,,
node,729406863,DANANG,Da Nang,GiaiKhat 119 Coffee,Ẩm thực & Cafe,16.0670075,108.2102654,,,,,,,True,cafe,,,,
node,729406865,DANANG,Da Nang,Cafe Plasma,Ẩm thực & Cafe,16.0685978,108.1503137,,,,,,,True,cafe,,,,
node,729406866,DANANG,Da Nang,Cafe96,Ẩm thực & Cafe,16.0601484,108.1759602,,,,,,,True,cafe,,,,
node,729406867,DANANG,Da Nang,26 Coffee,Ẩm thực & Cafe,16.0616065,108.218273,,,,,,,True,cafe,,,,
node,729406868,DANANG,Da Nang,TranChau Coffee,Ẩm thực & Cafe,16.111446,108.1295505,,,,,,,True,cafe,,,,
node,729406869,DANANG,Da Nang,Cafe Giai Khat Ket,Ẩm thực & Cafe,16.0621396,108.208988,,,,,,,True,cafe,,,,
node,729406870,DANANG,Da Nang,CaPhe Trung Nguyen Trung Khoa,Ẩm thực & Cafe,16.0162845,108.2050583,,,,,,,True,cafe,,,,
node,729406871,DANANG,Da Nang,Ca Phe Pho Xua 2,Ẩm thực & Cafe,16.0857985,108.2183439,,,,,,,True,cafe,,,,
node,729406872,DANANG,Da Nang,BarXua Nay Coffee,Ẩm thực & Cafe,16.0642664,108.20301,,,,,,,True,cafe,,,,
node,729406873,DANANG,Da Nang,CafeTuy Anh,Ẩm thực & Cafe,16.0568251,108.2115286,,,,,,,True,cafe,,,,
node,729406874,DANANG,Da Nang,LienCoffee Bar,Ẩm thực & Cafe,16.0826713,108.2216298,,,,,,,True,cafe,,,,
node,729406875,DANANG,Da Nang,33Coffee,Ẩm thực & Cafe,16.0789807,108.2215011,,,,,,,True,cafe,,,,
node,729406876,DANANG,Da Nang,Cafe Blue - Chip,Ẩm thực & Cafe,16.0722178,108.2184005,,,,,,,True,cafe,,,,
node,729406877,DANANG,Da Nang,CafePhu,Ẩm thực & Cafe,16.0599388,108.2136244,,,,,,,True,cafe,,,,
node,729406878,DANANG,Da Nang,HoaSu Karaoke Coffee,Ẩm thực & Cafe,16.0669753,108.2016098,,,,,,,True,cafe,,,,
node,729406879,DANANG,Da Nang,CaPhe Ngoc Anh,Ẩm thực & Cafe,16.0664908,108.2207608,,,,,,,True,cafe,,,,
node,729406880,DANANG,Da Nang,CaPhe Phuong Dong,Ẩm thực & Cafe,16.0767694,108.1483304,,,,,,,True,cafe,,,,
node,729406881,DANANG,Da Nang,CaPhe Son Nhay,Ẩm thực & Cafe,16.0651454,108.174777,,,,,,,True,cafe,,,,
node,729406882,DANANG,Da Nang,CaPhe Bar T. Piaggio,Ẩm thực & Cafe,16.0700425,108.2185077,,,,,,,True,cafe,,,,
node,729406883,DANANG,Da Nang,NhaMay Tuan,Ẩm thực & Cafe,16.0613668,108.2205355,,,,,,,True,cafe,,,,
node,729406884,DANANG,Da Nang,Cafe Nang Chieu,Ẩm thực & Cafe,16.0656815,108.14803,,,,,,,True,cafe,,,,
node,729406885,DANANG,Da Nang,NgocAnh Coffee,Ẩm thực & Cafe,16.0788982,108.2209325,,,,,,,True,cafe,,,,
node,729406886,DANANG,Da Nang,LienHuong Coffee,Ẩm thực & Cafe,16.0675424,108.233791,,,,,,,True,cafe,,,,
node,729406887,DANANG,Da Nang,DuAm Coffee,Ẩm thực & Cafe,16.0521003,108.2219437,,,,,,,True,cafe,,,,
node,729406888,DANANG,Da Nang,CafeQuynh Chi,Ẩm thực & Cafe,16.0660629,108.2190013,,,,,,,True,cafe,,,,
node,729406889,DANANG,Da Nang,ThuThao Coffee,Ẩm thực & Cafe,16.0385867,108.1867875,,,,,,,True,cafe,,,,
node,729406890,DANANG,Da Nang,CaPhe Thu Thao,Ẩm thực & Cafe,16.0610008,108.1617629,,,,,,,True,cafe,,,,
node,729406891,DANANG,Da Nang,GiaDinh Coffee,Ẩm thực & Cafe,16.0683723,108.1985092,,,,,,,True,cafe,,,,
node,729406892,DANANG,Da Nang,CafeCa Canh,Ẩm thực & Cafe,16.0570635,108.2131181,,,,,,,True,cafe,,,,
node,729406893,DANANG,Da Nang,HoangAnh Coffee,Ẩm thực & Cafe,16.0785632,108.21383,,,,,,,True,cafe,,,,
node,729406894,DANANG,Da Nang,ThienAn Coffee,Ẩm thực & Cafe,16.0516338,108.2374388,,,,,,,True,cafe,,,,
node,729406895,DANANG,Da Nang,Cafe9X,Ẩm thực & Cafe,16.080326,108.234719,,,,,,,True,cafe,,,,
node,729406896,DANANG,Da Nang,ThanhNguyen Coffee,Ẩm thực & Cafe,16.0578562,108.2097423,,,,,,,True,cafe,,,,
node,729406897,DANANG,Da Nang,TinhBan Coffee,Ẩm thực & Cafe,16.0459784,108.2225686,,,,,,,True,cafe,,,,
node,729406898,DANANG,Da Nang,CaPhe Wonder,Ẩm thực & Cafe,16.0706507,108.2203746,,,,,,,True,cafe,,,,
node,729406899,DANANG,Da Nang,Cafe Giai Khat 550,Ẩm thực & Cafe,16.0512627,108.218084,,,,,,,True,cafe,,,,
node,729406900,DANANG,Da Nang,CaPhe Roma,Ẩm thực & Cafe,16.0794549,108.210445,,,,,,,True,cafe,,,,
node,729406901,DANANG,Da Nang,ALish Tong Coffee,Ẩm thực & Cafe,16.0790941,108.2224506,,,,,,,True,cafe,,,,
node,729406902,DANANG,Da Nang,CaPhe Nhu Y,Ẩm thực & Cafe,16.0612534,108.222059,,,,,,,True,cafe,,,,
node,729406903,DANANG,Da Nang,CaPhe Win,Ẩm thực & Cafe,16.0680785,108.1594562,,,,,,,True,cafe,,,,
node,729406904,DANANG,Da Nang,CaPhe Double,Ẩm thực & Cafe,16.0651012,108.2240432,,,,,,,True,cafe,,,,
node,729406905,DANANG,Da Nang,GachDo Coffee,Ẩm thực & Cafe,16.0651093,108.2177192,,,,,,,True,cafe,,,,
node,729406906,DANANG,Da Nang,Ca Phe Tin Tin,Ẩm thực & Cafe,16.0542372,108.2385707,,,,,,,True,cafe,,,,
node,729406907,DANANG,Da Nang,ClassicCoffee,Ẩm thực & Cafe,16.0653064,108.2078622,,,,,,,True,cafe,,,,
node,729406909,DANANG,Da Nang,Cafe Thuy Lam Vien,Ẩm thực & Cafe,16.0801869,108.2191407,,,,,,,True,cafe,,,,
node,729406911,DANANG,Da Nang,HuongQue Coffee,Ẩm thực & Cafe,16.0646041,108.2332545,,,,,,,True,cafe,,,,
node,729406912,DANANG,Da Nang,Cafe Giai Khat,Ẩm thực & Cafe,16.0685476,108.2013631,,,,,,,True,cafe,,,,
node,729406913,DANANG,Da Nang,PhuongUyen Coffee,Ẩm thực & Cafe,16.0468703,108.2385814,,,,,,,True,cafe,,,,
node,729406914,DANANG,Da Nang,CaPhe 137,Ẩm thực & Cafe,16.0649907,108.2199239,,,,,,,True,cafe,,,,
node,729406915,DANANG,Da Nang,CaPhe Hoang Vy,Ẩm thực & Cafe,16.0669477,108.1826194,,,,,,,True,cafe,,,,
node,729406916,DANANG,Da Nang,PhuongUyen Coffee,Ẩm thực & Cafe,16.0538609,108.1813591,,,,,,,True,cafe,,,,
node,729406917,DANANG,Da Nang,ThachThao Coffee,Ẩm thực & Cafe,16.0466589,108.2222789,,,,,,,True,cafe,,,,
node,729406918,DANANG,Da Nang,PhuongChi Coffee,Ẩm thực & Cafe,16.0800425,108.2180679,,,,,,,True,cafe,,,,
node,729406919,DANANG,Da Nang,Domino2 Coffee,Ẩm thực & Cafe,16.0776302,108.2201814,,,,,,,True,cafe,,,,
node,729406920,DANANG,Da Nang,CafeViet Nam,Ẩm thực & Cafe,16.056954,108.217746,,,,,,,True,cafe,,,,
node,729406921,DANANG,Da Nang,Cafe Giai Khat 266,Ẩm thực & Cafe,16.0714394,108.1426978,,,,,,,True,cafe,,,,
node,729406923,DANANG,Da Nang,HoaDa Coffee,Ẩm thực & Cafe,16.0605677,108.2093131,,,,,,,True,cafe,,,,
node,729406924,DANANG,Da Nang,Ca Phe Hau,Ẩm thực & Cafe,16.0607791,108.1671273,,,,,,,True,cafe,,,,
node,729406925,DANANG,Da Nang,Cafe Pho Xua,Ẩm thực & Cafe,16.0705992,108.2226544,,,,,,,True,cafe,,,,
node,729406927,DANANG,Da Nang,CaPhe Nhat Thu,Ẩm thực & Cafe,16.0789601,108.2173222,,,,,,,True,cafe,,,,
node,729406928,DANANG,Da Nang,411Coffee,Ẩm thực & Cafe,16.0730322,108.2110512,,,,,,,True,cafe,,,,
node,729406929,DANANG,Da Nang,TuongVy Coffee,Ẩm thực & Cafe,16.057031,108.2170458,,,,,,,True,cafe,,,,
node,729406930,DANANG,Da Nang,Ca Phe Ngoc Lan,Ẩm thực & Cafe,16.0545981,108.1692302,,,,,,,True,cafe,,,,
node,729406931,DANANG,Da Nang,Cafe Giai Khat Yen Nhung,Ẩm thực & Cafe,16.0650737,108.2240303,,,,,,,True,cafe,,,,
node,729406932,DANANG,Da Nang,CafeSon Tra,Ẩm thực & Cafe,16.0631452,108.2336139,,,,,,,True,cafe,,,,
node,729406933,DANANG,Da Nang,HoaSua Coffee,Ẩm thực & Cafe,16.0993402,108.1356972,,,,,,,True,cafe,,,,
node,729406934,DANANG,Da Nang,CafeDong Doi,Ẩm thực & Cafe,16.0612925,108.1785088,,,,,,,True,cafe,,,,
node,729406936,DANANG,Da Nang,GiaiKhat Anh Tuan Coffee,Ẩm thực & Cafe,16.0712281,108.1987452,,,,,,,True,cafe,,,,
node,729406937,DANANG,Da Nang,MinhChau Coffee,Ẩm thực & Cafe,16.0659131,108.1968325,,,,,,,True,cafe,,,,
node,729406938,DANANG,Da Nang,CaPhe 78,Ẩm thực & Cafe,16.0231798,108.2147634,,,,,,,True,cafe,,,,
node,729406939,DANANG,Da Nang,Cafe Kachiusa,Ẩm thực & Cafe,16.0719601,108.1504869,,,,,,,True,cafe,,,,
node,729406940,DANANG,Da Nang,CafeLong,Ẩm thực & Cafe,16.0453031,108.2391137,,,,,,,True,cafe,,,,
node,729406941,DANANG,Da Nang,CaPhe Hoa Loc Vung,Ẩm thực & Cafe,16.0569282,108.2182127,,,,,,,True,cafe,,,,
node,729406942,DANANG,Da Nang,Cafe Giot Dang,Ẩm thực & Cafe,16.0640824,108.2197738,,,,,,,True,cafe,,,,
node,729406943,DANANG,Da Nang,CaPhe Viet Anh,Ẩm thực & Cafe,16.0637484,108.1543278,,,,,,,True,cafe,,,,
node,729406944,DANANG,Da Nang,Angles Coffee Bar,Ẩm thực & Cafe,16.0640267,108.2082778,,,,,,,True,cafe,,,,
node,729406945,DANANG,Da Nang,GiaiKhat Tuoi Hong Coffee,Ẩm thực & Cafe,16.0676695,108.1920551,,,,,,,True,cafe,,,,
node,729406946,DANANG,Da Nang,AnNa Coffee,Ẩm thực & Cafe,16.1138586,108.1278598,,,,,,,True,cafe,,,,
node,729406947,DANANG,Da Nang,Cafe 119,Ẩm thực & Cafe,16.020741,108.2120114,,,,,,,True,cafe,,,,
node,729406948,DANANG,Da Nang,LiptonCoffee,Ẩm thực & Cafe,16.0739126,108.1493029,,,,,,,True,cafe,,,,
node,729406949,DANANG,Da Nang,MeTrang Coffee,Ẩm thực & Cafe,16.0828141,108.2398087,,,,,,,True,cafe,,,,
node,729406950,DANANG,Da Nang,Cafe131,Ẩm thực & Cafe,16.0569179,108.2203531,,,,,,,True,cafe,,,,
node,729406951,DANANG,Da Nang,ThuyDuong Coffee,Ẩm thực & Cafe,16.0420809,108.2409739,,,,,,,True,cafe,,,,
node,729406952,DANANG,Da Nang,CaPhe Diem Tam Bach Dat,Ẩm thực & Cafe,16.0590985,108.2077896,,,,,,,True,cafe,,,,
node,729406953,DANANG,Da Nang,93Coffee,Ẩm thực & Cafe,16.0786405,108.2188672,,,,,,,True,cafe,,,,
node,729406954,DANANG,Da Nang,89Coffee,Ẩm thực & Cafe,16.0631209,108.2193499,,,,,,,True,cafe,,,,
node,729406955,DANANG,Da Nang,TienSa Coffee,Ẩm thực & Cafe,16.1009328,108.2474595,,,,,,,True,cafe,,,,
node,729406956,DANANG,Da Nang,Ca Phe Vuon Toi,Ẩm thực & Cafe,16.0511183,108.1801146,,,,,,,True,cafe,,,,
node,729406957,DANANG,Da Nang,CaPhe Thao Ly,Ẩm thực & Cafe,16.0138169,108.1960578,,,,,,,True,cafe,,,,
node,729406958,DANANG,Da Nang,Ca Phe Bibon,Ẩm thực & Cafe,16.0712899,108.1553149,,,,,,,True,cafe,,,,
node,729406959,DANANG,Da Nang,MinhAnh Coffee,Ẩm thực & Cafe,16.1133741,108.128246,,,,,,,True,cafe,,,,
node,729406960,DANANG,Da Nang,TiengTo Dong Coffee,Ẩm thực & Cafe,16.0539382,108.2207018,,,,,,,True,cafe,,,,
node,729406961,DANANG,Da Nang,BichHa Coffee,Ẩm thực & Cafe,16.0685661,108.1957637,,,,,,,True,cafe,,,,
node,729406962,DANANG,Da Nang,CaPhe Huyen Linh,Ẩm thực & Cafe,16.063171,108.1560713,,,,,,,True,cafe,,,,
node,729406963,DANANG,Da Nang,ThuyTruc Coffee,Ẩm thực & Cafe,16.0580366,108.2062876,,,,,,,True,cafe,,,,
node,729406964,DANANG,Da Nang,Ca Phe Hong Minh,Ẩm thực & Cafe,16.0563303,108.1657393,,,,,,,True,cafe,,,,
node,729406965,DANANG,Da Nang,HuongCoffee,Ẩm thực & Cafe,16.0647433,108.2145005,,,,,,,True,cafe,,,,
node,729406966,DANANG,Da Nang,Cafe Giai Khat Nhung,Ẩm thực & Cafe,16.0178381,108.2062983,,,,,,,True,cafe,,,,
node,729406967,DANANG,Da Nang,Ca Phe Hong Trang,Ẩm thực & Cafe,16.0650732,108.1667411,,,,,,,True,cafe,,,,
node,729406968,DANANG,Da Nang,CafeCitano,Ẩm thực & Cafe,16.0726147,108.2209915,,,,,,,True,cafe,,,,
node,729406969,DANANG,Da Nang,LienHuong Coffee,Ẩm thực & Cafe,16.0556549,108.2219249,,,,,,,True,cafe,,,,
node,729406970,DANANG,Da Nang,CaPhe Chan Que,Ẩm thực & Cafe,16.0593701,108.1649685,,,,,,,True,cafe,,,,
node,1333372843,DANANG,Da Nang,Cafe Truc Xinh,Ẩm thực & Cafe,16.0682898,108.1992361,,,,,,,True,cafe,,,,
node,1538334281,DANANG,Da Nang,Ban Co Peak,Điểm tham quan & Cảnh quan,16.1189286,108.2720036,,,,,,,False,,,,,
node,1623183663,DANANG,Da Nang,Son Tra Resort & Spa,Khách sạn & Lưu trú,16.1060167,108.294902,,,,,,,False,,,,,
node,1726805065,DANANG,Da Nang,Vanilla,Ẩm thực & Cafe,16.0580559,108.2061002,,,,,,,True,cafe,,,,
node,1758586662,DANANG,Da Nang,Thuỷ Sơn,Điểm tham quan & Cảnh quan,16.0043044,108.263527,,,,,,,False,,,,,
node,1769334889,DANANG,Da Nang,Cafe Phong,Ẩm thực & Cafe,16.0297945,108.2267627,81 Đường Nguyễn Xuân Nhĩ,,,,,,True,cafe,,,,
node,1989505263,DANANG,Da Nang,caFe Hoàng Anh,Ẩm thực & Cafe,16.0645813,108.151936,,,,,,,True,cafe,,,,
node,1992479743,DANANG,Da Nang,Tao Do,Ẩm thực & Cafe,16.0568235,108.2207613,,Ẩm thực: vietnamese.,,,,vietnamese,True,restaurant,,,,
node,2148666607,DANANG,Da Nang,CGV Vĩnh Trung Đà Nẵng,Thể thao & Giải trí,16.0667769,108.2137381,,,,,,,False,,,,,
node,2623768438,DANANG,Da Nang,Thang Bom,Ẩm thực & Cafe,16.0663525,108.2019752,"171 Đường Lê Độ, Đà Nẵng",Chỗ ngồi ngoài trời.,0905448446,,,,True,restaurant,,,,
node,2741677470,DANANG,Da Nang,Tan Vinh,Khách sạn & Lưu trú,16.0670711,108.2241611,,,,,,,False,,,,,
node,2747371589,DANANG,Da Nang,Mr Duc's,Ẩm thực & Cafe,16.0660927,108.2233715,,,0977105588,,,,True,restaurant,,,,
node,2985700733,DANANG,Da Nang,Sanouva Danang Hotel,Khách sạn & Lưu trú,16.0669848,108.220137,"68 Đường Phan Châu Trinh, Hải Châu 1, Hải Châu, Đà Nẵng",Có Wifi.,02363823468,https://www.sanouvadanang.com,,,False,,,,,
node,2986079833,DANANG,Da Nang,Jimy,Khách sạn & Lưu trú,16.072038,108.2428221,,,,,,,False,,,,,
node,2987457465,DANANG,Da Nang,Danang Riverside,Khách sạn & Lưu trú,16.0624934,108.2304346,,,,,,,False,,,,,
node,2987491833,DANANG,Da Nang,Muong Thanh,Khách sạn & Lưu trú,16.0648804,108.233028,,,,,,,False,,,,,
node,2987520133,DANANG,Da Nang,BoA,Ẩm thực & Cafe,16.064295,108.223829,,,,,,,True,cafe,,,,
node,2987520434,DANANG,Da Nang,Rainbow,Khách sạn & Lưu trú,16.064497,108.223824,,,,,,,False,,,,,
node,2987520837,DANANG,Da Nang,Dừa Bến Tre,Ẩm thực & Cafe,16.065641,108.224167,190 Đường Bạch Đằng,,,,,,True,cafe,,,,
node,2987520841,DANANG,Da Nang,Luxury,Ẩm thực & Cafe,16.066123,108.224371,,,,,,,True,cafe,,,,
node,2987522033,DANANG,Da Nang,218,Ẩm thực & Cafe,16.064569,108.22398,,,,,,,True,cafe,,,,
node,2987524737,DANANG,Da Nang,Sun River,Khách sạn & Lưu trú,16.067392,108.2248021,132-134-136 Đường Bạch Đằng,,,http://www.sunriverhoteldanang.com,,,False,,,,,
node,2987525036,DANANG,Da Nang,Avora Hotel,Khách sạn & Lưu trú,16.0664261,108.2246379,170 Bạch Đằng,,,https://avorahotel.vn,,,False,,,,,
node,2987526034,DANANG,Da Nang,Dừa 186,Ẩm thực & Cafe,16.065935,108.224285,186 Đường Trần Quốc Toản,,,,,,True,cafe,,,,
node,2987527733,DANANG,Da Nang,Happy Day,Khách sạn & Lưu trú,16.0668209,108.2247629,160 Đường Bạch Đằng,,,http://www.happydayhotel.com.vn,,,False,,,,,
node,2987527737,DANANG,Da Nang,One Star,Khách sạn & Lưu trú,16.0672593,108.2243807,,,,,,,False,,,,,
node,2987527833,DANANG,Da Nang,Brilliant Hotel,Khách sạn & Lưu trú,16.0666727,108.2247119,162 Đường Bạch Đằng,,,https://brillianthotel.vn,,,False,,,,,
node,2987531833,DANANG,Da Nang,Newmoon,Khách sạn & Lưu trú,16.067647,108.224662,,,,,,,False,,,,,
node,2987532233,DANANG,Da Nang,Paradise,Khách sạn & Lưu trú,16.0672484,108.2248261,,,,,,,False,,,,,
node,2987533633,DANANG,Da Nang,Hoang Linh,Khách sạn & Lưu trú,16.0672663,108.2241581,,,,,,,False,,,,,
node,2987533933,DANANG,Da Nang,Minh Anh,Khách sạn & Lưu trú,16.0672628,108.2242698,,,,,,,False,,,,,
node,2988814633,DANANG,Da Nang,Bánh bèo 291 Nguyễn Chí Thanh,Ẩm thực & Cafe,16.066938,108.220909,291 Nguyễn Chí Thanh,Ẩm thực: vietnamese.,,,,vietnamese,True,restaurant,,,,
node,2988973933,DANANG,Da Nang,N&M,Ẩm thực & Cafe,16.0426825,108.2243357,,,,,,,True,restaurant,,,,
node,2988974233,DANANG,Da Nang,Phúc Đại Hỷ,Ẩm thực & Cafe,16.04255,108.22279,,,,,,,True,restaurant,,,,
node,2988974433,DANANG,Da Nang,Phú Gia 1,Ẩm thực & Cafe,16.042804,108.222844,,,,,,,True,restaurant,,,,
node,2988975433,DANANG,Da Nang,Queen's Palace,Ẩm thực & Cafe,16.044319,108.223638,,,,,,,True,restaurant,,,,
node,2988975533,DANANG,Da Nang,Cát Tường,Ẩm thực & Cafe,16.043515,108.22411,,,,,,,True,restaurant,,,,
node,2988980334,DANANG,Da Nang,Hương Cau,Ẩm thực & Cafe,16.0482352,108.2231394,Số thửa 3-A5.6 2 Thang 9,Ẩm thực: japanese. Giờ mở cửa: Mo-Su 10:00-22:00.,02363662877,,Mo-Su 10:00-22:00,japanese,True,restaurant,,,,
node,2988981633,DANANG,Da Nang,Newsworld,Ẩm thực & Cafe,16.048439,108.223156,,,,,,,True,cafe,,,,
node,2989006133,DANANG,Da Nang,Neko,Ẩm thực & Cafe,16.0661404,108.222572,43 Trần Quốc Toản,Ẩm thực: coffee_shop. Chỗ ngồi ngoài trời.,,,,coffee_shop,True,cafe,,,,
node,2989007533,DANANG,Da Nang,Thiên Ý,Ẩm thực & Cafe,16.066128,108.222298,,Ẩm thực: coffee_shop.,,,,coffee_shop,True,cafe,,,,
node,3110591694,DANANG,Da Nang,Golden Buddha,Văn hóa & Nghệ thuật,16.099194,108.2767446,,,,,,,False,,,,,
node,3159486161,DANANG,Da Nang,Funtastic Danang Hostel,Khách sạn & Lưu trú,16.071774,108.214645,,Có Wifi.,,,,,True,homestay_guesthouse,,,,
node,3455679141,DANANG,Da Nang,Nhà trọ Nguyễn Thị Nga,Khách sạn & Lưu trú,15.972693,108.2417865,"Đường Lưu Quang Vũ, Hòa Quý, Ngũ Hành Sơn, Đà Nẵng","-Dãy trọ có 12 phòng -Giá phòng: 500.000 đồng/phòng -Phòng rộng, thoáng mát -Có la-phong, sàn nhà có gạch men, nhà vệ sinh riêng -An ninh tốt",0905043584,,,,True,homestay_guesthouse,,,,
node,3455687232,DANANG,Da Nang,Nhà trọ Huỳnh Định,Khách sạn & Lưu trú,15.9713255,108.2439001,"Lưu Quang Vũ, Hòa Quý, Ngũ Hành Sơn, Đà Nẵng","-Dãy trọ có 4 phòng -Giá phòng: 700.000 đồng/phòng -Phòng rộng, mát mẻ -Có la-phông, sàn nhà có gạch men, vệ sinh riêng -Đảm bảo an ninh",0968297688,,,,True,homestay_guesthouse,,,,
node,3478891526,DANANG,Da Nang,Nhà trọ DƯơng Thị Tánh,Khách sạn & Lưu trú,15.9671967,108.2382552,"Lưu Quang Vũ, Hòa Quý, Ngũ Hành Sơn, Đà Nẵng","-Dãy trọ có 4 phòng -Giá phòng: 500.000 đồng/phòng -Phòng rộng, thoáng mát, có sân vườn -Vệ sinh riêng -An ninh tốt",01284839231,,,,True,homestay_guesthouse,,,,
node,3478891527,DANANG,Da Nang,Nhà trọ Tán Thanh Huyền,Khách sạn & Lưu trú,15.9700413,108.2442529,"Lưu Quang Vũ, Hòa Quý, Ngũ Hành Sơn, Đà Nẵng","-Dãy trọ có 4 phòng -Giá phòng: 400.000 đồng/phòng -Phòng rộng -Sàn nhà có gạch men, vệ sinh chung -An ninh tốt",01212336441,,,,True,homestay_guesthouse,,,,
node,3489018328,DANANG,Da Nang,Nhà trọ Hoàng Văn Sinh,Khách sạn & Lưu trú,15.970688,108.2440386,"Lưu Quang Vũ, Hòa Quý, Ngũ Hành Sơn, Đà Nẵng","-Dãy trọ có 3 phòng -Giá phòng: 800.000 đồng/phòng -Có 1 phòng khách, 1 phòng ngủ, 1 phòng bếp, 1 phòng vệ sinh -An ninh tốt, có cổng ngoài",0905996806,,,,True,homestay_guesthouse,,,,
node,3489018330,DANANG,Da Nang,Nhà trọ Đinh Quốc Vương,Khách sạn & Lưu trú,15.9788648,108.2525834,"Lê Thiện Tri, Hòa Quý, Ngũ Hành Sơn, Đà Nẵng","-Dãy trọ có 8 phòng -Giá phòng: 500.000 đồng/phòng -Phòng rộng, thoáng, vệ sinh riêng -Có cổng ngoài",01202522881,,,,True,homestay_guesthouse,,,,
node,3489018331,DANANG,Da Nang,Nhà trọ Lê Đức Tín,Khách sạn & Lưu trú,15.9786338,108.251049,"Lê Thiện Trị, Hòa Quý, Ngũ Hành Sơn, Đà Nẵng","-Dãy trọ có 6 phòng -Giá phòng: 500.000 đồng/phòng -Phòng rộng, thoáng, vệ sinh riêng -Có lối đi riêng -An ninh tốt",0935898910,,,,True,homestay_guesthouse,,,,
node,3495233433,DANANG,Da Nang,Nhà trọ Tán Cảnh,Khách sạn & Lưu trú,15.9786456,108.2512708,"Lê Thiện Trị, Hòa Quý, Ngũ Hành Sơn, Đà Nẵng","-Dãy trọ có 9 phòng -Giá phòng: 500.000 đồng/phòng -Phòng thoáng, mát -Vệ sinh riêng -An ninh tốt",0905612909,,,,True,homestay_guesthouse,,,,
node,3495233434,DANANG,Da Nang,Nhà trọ Nguyễn Văn Sỹ,Khách sạn & Lưu trú,15.9786338,108.2516775,"Lê Thiện Trị, Hòa Quý, Ngũ Hành Sơn, Đà Nẵng","-Dãy trọ có 5 phòng -Giá phòng: 700.000 đồng/phòng -Phòng rộng, mát, có lối đi riêng -Nhà vệ sinh riêng -An ninh tốt",0905104943,,,,True,homestay_guesthouse,,,,
node,3495233441,DANANG,Da Nang,Nhà trọ Mai Trúc Lâm,Khách sạn & Lưu trú,15.9756184,108.2479094,"Lưu Quang Vũ, Hòa Quý, Ngũ Hành Sơn, Đà Nẵng","-Dãy trọ có 8 phòng -Giá phòng: 600.000 đồng/phòng -Có lối đi riêng, mát mẻ -An ninh tốt",0905310423,,,,True,homestay_guesthouse,,,,
node,3496244410,DANANG,Da Nang,Nhà trọ Nguyễn Quốc Dũng,Khách sạn & Lưu trú,15.9790396,108.2541639,"Nguyễn Minh Châu, Hòa Quý, Ngũ Hành Sơn, Đà Nẵng","-Dãy trọ có 6 phòng -Giá phòng: 600.000 đồng/phòng -Phòng rộng, mát mẻ, không quy định giờ giấc, có lối đi riêng -Nhà vệ sinh riêng -An ninh tốt",01225584350,,,,True,homestay_guesthouse,,,,
node,3497145814,DANANG,Da Nang,Nhà trọ Phạm Ngọc Hải,Khách sạn & Lưu trú,15.979241,108.2508611,"Nguyễn Minh Châu, Hòa Quý, Ngũ Hành Sơn, Đà Nẵng",-Dãy trọ có 7 phòng -Giá phòng: 500.000 đồng/phòng -Phòng rông thoáng mát - Có cổng rất an toàn -Giờ giâc tự do,0904468528,,,,True,homestay_guesthouse,,,,
node,3497145815,DANANG,Da Nang,Nhà trọ Nguyễn Văn Hùng,Khách sạn & Lưu trú,15.9679696,108.2380122,"Lưu Quang Vũ, Hòa Quý, Ngũ Hành Sơn, Đà Nẵng","-Dãy trọ có 3 phòng -Giá phòng: 900.000 đồng/tháng -Trần nhà có la-phông, nhà vệ sinh riêng -Có cổng ngoài",0962827851,,,,True,homestay_guesthouse,,,,
node,3512677310,DANANG,Da Nang,Nhà trọ Trần Hùng Sang,Khách sạn & Lưu trú,15.9803468,108.2521429,"Nguyễn Thức Tự, Hòa Quý, Ngũ Hành Sơn, Đà Nẵng",- Dãy trọ có 4 phòng - Giá phòng: 500.000 đồng/phòng - Phòng thoáng mát - An ninh tốt,01223209318,,,,True,homestay_guesthouse,,,,
node,3512677311,DANANG,Da Nang,Nhà trọ Hứa Diện,Khách sạn & Lưu trú,15.9803496,108.2511639,"Nguyễn Thức Tự, Hòa Quý, Ngũ Hành Sơn, Đà Nẵng","- Dãy trọ có 6 phòng - Giá phòng: 700.000 đồng/phòng - Phòng rộng, thoáng, nhà vệ sinh riêng -Giờ giấc tự do, có công rất an toàn",0905670708,,,,True,homestay_guesthouse,,,,
node,3514922509,DANANG,Da Nang,Nhà trọ Trần Thái Phương,Khách sạn & Lưu trú,15.9782666,108.2521038,"Nam Kỳ Khởi Nghĩa, Hòa Quý, Ngũ Hành Sơn, Đà Nẵng","-Dãy trọ có 10 phòng -Giá phòng: 500.000 đồng/phòng -Phòng rộng, mát, có nhà vệ sinh riêng -An ninh tốt",01213556444,,,,True,homestay_guesthouse,,,,
node,3514922511,DANANG,Da Nang,Nhà trọ Ngô Đình Tú,Khách sạn & Lưu trú,15.9759866,108.248505,"Lưu Quang Vũ, Hòa Quý, Ngũ Hành Sơn, Đà Nẵng","-Dãy trọ có 6 phòng -Giá phòng: 400.000 đồng/phòng -Phòng rộng, thoáng An ninh tốt",01687854262,,,,True,homestay_guesthouse,,,,
node,3516506506,DANANG,Da Nang,Nhà trọ Nguyễn Long,Khách sạn & Lưu trú,15.9787751,108.2542858,"Nguyễn Minh Châu, Hòa Quý, Ngũ Hành Sơn, Đà Nẵng","- Dãy trọ có 5 phòng - Giá phòng: 400.000 đồng/phòng -Phòng thoáng, nhà vệ sinh riêng - An ninh tốt, có cổng ngoài",01214599824,,,,True,homestay_guesthouse,,,,
node,3516506507,DANANG,Da Nang,Nhà trọ Trần Trọng Khiêm,Khách sạn & Lưu trú,15.9776686,108.2538819,"Nam Kỳ Khởi Nghĩa, Hòa Quý, Ngũ Hành Sơn, Đà Nẵng","- Dãy trọ có 9 phòng - Giá phòng: 500.000 đồng/phòng -Có la-phong, sàn có gạch men - An ninh tốt",0974729665,,,,True,homestay_guesthouse,,,,
node,3560105160,DANANG,Da Nang,Nhà trọ Nguyễn Ngọc Linh,Khách sạn & Lưu trú,15.9752877,108.2474964,"Lưu Quang Vũ, Hòa Quý, Ngũ Hành Sơn, Đà Nẵng","- Nhà nguyên căn có 3 phòng cho thuê - Giá phòng: 600.000 đồng/phòng - Diện tích từ 20-30 m2 - Tầng 2,3 phòng mới xây - Sạch sẽ, thoáng mát, có WC riêng, có chỗ để xe, có ban công phơi quần áo - An ninh tốt",0905006343,,,,True,homestay_guesthouse,,,,
node,3560105161,DANANG,Da Nang,Nhà trọ Nguyễn Huy Vũ,Khách sạn & Lưu trú,15.975667,108.2476281,"Lưu Quang Vũ, Hòa Quý, Ngũ Hành Sơn, Đà Nẵng","- Dãy trọ có 5 phòng - Giá phòng: 500.000 đồng/phòng - Phòng mới xây, sạch sẽ, thoáng mát - Có lối đi riêng - An ninh tốt",01223469636,,,,True,homestay_guesthouse,,,,
node,3560105162,DANANG,Da Nang,Nhà trọ Phạm Nhật Tân,Khách sạn & Lưu trú,15.9758881,108.2474617,"Lưu Quang Vũ, Hòa Quý, Ngũ Hành Sơn, Đà Nẵng","- Dãy trọ có 6 phòng - Giá phòng: 500.000 đồng/phòng - Phòng rộng, mát, có chỗ để xe",0935153944,,,,True,homestay_guesthouse,,,,
node,3560105163,DANANG,Da Nang,Nhà trọ Huỳnh Đinh Dũng,Khách sạn & Lưu trú,15.9760015,108.2480471,"Lưu Quang Vũ, Hòa Quý, Ngũ Hành Sơn, Đà Nẵng","- Cho thuê nhà nguyên căn - Có 1 PK, 1 PN, 1 WC - Giá: 800.000 đồng/tháng - Đảm bảo an ninh",01681539066,,,,True,homestay_guesthouse,,,,
node,3560105164,DANANG,Da Nang,Nhà trọ Phan Thanh Huấn,Khách sạn & Lưu trú,15.9763562,108.2479304,"Lưu Quang Vũ, Hòa Quý, Ngũ Hành Sơn, Đà Nẵng","- Dãy trọ có 7 phòng - Giá phòng: 500.000 đồng/phòng - Phòng rộng, thoáng mát - Không ở chung với chủ, giờ giấc tự do",0905685272,,,,True,homestay_guesthouse,,,,
node,3560105166,DANANG,Da Nang,Nhà trọ Nguyễn Thị Thu Hà,Khách sạn & Lưu trú,15.9785115,108.2525479,"Lê Thiện Trị, Hòa Quý, Ngũ Hành Sơn, Đà Nẵng","-Dãy trọ có 4 phòng -Giá phòng: 500.000 đồng/phòng -Phòng rông thoáng mát - Có cổng rất an toàn -Giờ giấc tự do, không ở chung với chủ",0987699189,,,,True,homestay_guesthouse,,,,
node,3564682825,DANANG,Da Nang,Go! Hypermarket,Mua sắm & Chợ,16.0667419,108.2134262,"257 Đường Hùng Vương, Thanh Khê, Đà Nẵng",Giờ mở cửa: Mo-Su 08:00-22:00.,,,Mo-Su 08:00-22:00,,False,,,,,
node,3564682826,DANANG,Da Nang,Thanh Thanh Hotel,Khách sạn & Lưu trú,16.0673207,108.2201195,,,,,,,False,,,,,
node,3628308493,DANANG,Da Nang,Fulmar Hotel,Khách sạn & Lưu trú,16.0696685,108.2229641,"11 Yên Bái, Đà Nẵng",Có Wifi.,05113810808,https://www.fulmarhotel.com/,,,False,,,,,
node,3628855206,DANANG,Da Nang,HQ Thai Food,Ẩm thực & Cafe,16.0697702,108.2229678,"9 Yên Bái, Đà Nẵng",Ẩm thực: thai. Giờ mở cửa: Mo-Su 06:30-22:00.,,,Mo-Su 06:30-22:00,thai,True,restaurant,,,,
node,3630417210,DANANG,Da Nang,Hoa Việt Hotel,Khách sạn & Lưu trú,16.070395,108.223643,"8 Phan Đình Phùng, Đà Nẵng",,,,,,False,,,,,
node,3673190359,DANANG,Da Nang,Hà Bổng Hotel,Khách sạn & Lưu trú,16.068082,108.2437616,,,,,,,False,,,,,
node,3762853481,DANANG,Da Nang,Sân vận động Cẩm Lệ,Thể thao & Giải trí,16.0148875,108.1891412,"Trường Sơn, Cẩm Lệ, Đà Nẵng",,,,,,False,,,,,
node,3842864143,DANANG,Da Nang,Oc Tien Sa Hotel,Khách sạn & Lưu trú,16.0606999,108.2137377,"163 Nguyễn Hoàng, Nam Duong, Hai Chau, Da Nang",,0905123084,,,,False,,,,,
node,3850502770,DANANG,Da Nang,Nhà hàng chay,Ẩm thực & Cafe,16.0707342,108.2150903,,,,,,,True,restaurant,,,,
node,3888954277,DANANG,Da Nang,Family,Ẩm thực & Cafe,16.0679366,108.2433703,,,,,,,True,restaurant,,,,
node,3888955324,DANANG,Da Nang,Cloud Garden Cafe,Ẩm thực & Cafe,16.0745387,108.2435313,,,,,,,True,cafe,,,,
node,3893467765,DANANG,Da Nang,Funtastic Beach Hostel,Khách sạn & Lưu trú,16.0683414,108.2438326,,,,,,,True,homestay_guesthouse,,,,
node,3893467887,DANANG,Da Nang,Karma Waters,Ẩm thực & Cafe,16.0765579,108.2203123,,,,http://karmawaters.com/,,,True,restaurant,,,,
node,4061783529,DANANG,Da Nang,Nam Anh Motel,Khách sạn & Lưu trú,16.0688063,108.2425695,"49 Dương Đình Nghệ, Son Tra, Da Nang",,,,,,False,,,,,
node,4076168082,DANANG,Da Nang,Cafe Phố,Ẩm thực & Cafe,16.070817,108.2095886,"01 Đường Hoàng Hoa Thám, Tân Chính, Thanh Khê, Đà Nẵng",,,,,,True,cafe,,,,
node,4076169309,DANANG,Da Nang,Quán cơm 08,Ẩm thực & Cafe,16.0706465,108.2093784,"08 Đường Hoàng Hoa Thám, Tân Chính, Thanh Khê, Đà Nẵng",,,,,,True,restaurant,,,,
node,4076171123,DANANG,Da Nang,Quán bún Liễu,Ẩm thực & Cafe,16.0704264,108.2096385,15 Đường Hoàng Hoa Thám,,,,,,True,restaurant,,,,
node,4076177424,DANANG,Da Nang,Cafe 35,Ẩm thực & Cafe,16.0700045,108.2097625,35 Đường Hoàng Hoa Thám,,,,,,True,cafe,,,,
node,4080898314,DANANG,Da Nang,Bún chả cá Thủy,Ẩm thực & Cafe,16.0705797,108.2072662,"236 Hải Phòng, Tân Chính, Thanh Khê, Đà Nẵng",,0905101187,,,,True,restaurant,,,,
node,4084349084,DANANG,Da Nang,Shopi,Mua sắm & Chợ,16.0101859,108.2535593,"65 Sơn Thủy 8, Đà Nẵng",Giờ mở cửa: 17:00-21:00.,,,17:00-21:00,,False,,,,,
node,4109054391,DANANG,Da Nang,bê thui 100,Ẩm thực & Cafe,16.0658884,108.2002733,Đường Điện Biên Phủ,,,,,,True,restaurant,,,,
node,4118223690,DANANG,Da Nang,phở phú gia,Ẩm thực & Cafe,16.0775366,108.2219306,Lý Tự Trọng,Ẩm thực: breakfast.,,,,breakfast,True,restaurant,,,,
node,4118223691,DANANG,Da Nang,Bê thui,Ẩm thực & Cafe,16.0549844,108.2200408,Tuệ Tĩnh,Ẩm thực: grill.,,,,grill,True,restaurant,,,,
node,4118236589,DANANG,Da Nang,Dê nghia,Ẩm thực & Cafe,16.0495912,108.23912,Kiệt 43 Ngũ Hành Sơn,,,,,,True,restaurant,,,,
node,4150425790,DANANG,Da Nang,La Luna,Ẩm thực & Cafe,16.0031775,108.2652843,187 Đường Huyền Trân Công Chúa,Có Wifi.,,,,,True,restaurant,,,,
node,4158619590,DANANG,Da Nang,huế xưa,Ẩm thực & Cafe,16.0560044,108.2053874,nguyễn phi khanh,,,,,,True,cafe,,,,
node,4166666089,DANANG,Da Nang,Danang Backpackers Hostel,Khách sạn & Lưu trú,16.0697636,108.2210638,106 Nguyễn Chí Thanh,Giờ mở cửa: 24/7. Có Wifi.,0845113898926,http://danangbackpackershostel.com,24/7,,True,homestay_guesthouse,,,,
node,4166771189,DANANG,Da Nang,Boulevard,Ẩm thực & Cafe,16.0662547,108.2209344,77 Trần Quốc Toản,"Ẩm thực: ice_cream, coffee_shop. Có Wifi.",0968007625,,,"ice_cream, coffee_shop",True,cafe,,,,
node,4172034499,DANANG,Da Nang,Non Nuoc Beach,Điểm tham quan & Cảnh quan,16.0205336,108.261744,,,,,,,False,,,,,
node,4196677589,DANANG,Da Nang,lunchplace,Ẩm thực & Cafe,16.1350863,108.119522,,,,,,,True,restaurant,,,,
node,4196924289,DANANG,Da Nang,Little Home Hotel,Khách sạn & Lưu trú,16.0663852,108.2087596,,,,,,,False,,,,,
node,4199966801,DANANG,Da Nang,Siêu thị Điện máy Nguyễn Kim,Mua sắm & Chợ,16.0665428,108.2052297,Hải Phòng,,,,,,False,,,,,
node,4199987426,DANANG,Da Nang,Faifo Hotel,Khách sạn & Lưu trú,16.0712651,108.2098782,200 Hải Phòng,,,,,,False,,,,,
node,4222784590,DANANG,Da Nang,Saturday Option,Điểm tham quan & Cảnh quan,16.0991336,108.3011822,Hoàng Sa,,,,,,False,,,,,
node,4239650889,DANANG,Da Nang,KIẾN GỖ coffee SHOP,Ẩm thực & Cafe,16.0720444,108.1424099,"155 Lạc Long Quân, Hòa Khánh Bắc, Liên Chiểu, Đà Nẵng",Ẩm thực: coffee_shop. Có Wifi.,,,,coffee_shop,True,cafe,,,,
node,4249901095,DANANG,Da Nang,Hoàng Phương Hotel,Khách sạn & Lưu trú,16.040909,108.2107662,Nguyễn Hữu Thọ,,,,,,False,,,,,
node,4254944689,DANANG,Da Nang,Mayfair hotel& Apartment Da Nang,Khách sạn & Lưu trú,16.0736131,108.2416073,,,,,,,False,,,,,
node,4259583468,DANANG,Da Nang,Au Lac,Ẩm thực & Cafe,16.0711878,108.2174617,,,,,,,True,restaurant,,,,
node,4260382168,DANANG,Da Nang,The Amazing Taco | In Da Nang,Ẩm thực & Cafe,16.0485168,108.2369175,"29 Mỹ An 5, Ngũ Hành Sơn, Ngũ Hành Sơn, Da Nang","Mexican restaurant run by Magnus and Chi, a Swedish/Vietnamese couple. | Ẩm thực: mexican, taco. Giờ mở cửa: 17:00-23:00.",0935110523,https://www.theamazingtaco.com,17:00-23:00,"mexican, taco",True,restaurant,,,,
node,4267912389,DANANG,Da Nang,Tran,Ẩm thực & Cafe,16.0717989,108.2226291,4 Lê Duẩn,,,,,,True,restaurant,,,,
node,4279350990,DANANG,Da Nang,Pho Bac Hai,Ẩm thực & Cafe,16.0662091,108.2238218,,,,https://blog.naver.com/nebdoyou/220635129234,,,True,restaurant,,,,
node,4279367889,DANANG,Da Nang,LAU & NUONG HA NOI,Ẩm thực & Cafe,16.0663382,108.2207967,,,,,,,True,restaurant,,,,
node,4279382289,DANANG,Da Nang,Quan Com Hue Ngon BBQ,Ẩm thực & Cafe,16.0662963,108.2212083,,,,,,,True,restaurant,,,,
node,4281430501,DANANG,Da Nang,Bé Man,Ẩm thực & Cafe,16.0818092,108.2472755,,,,,,,True,restaurant,,,,
node,4281489185,DANANG,Da Nang,TiPi English Speaking Cafe,Ẩm thực & Cafe,16.0574166,108.2100046,,,,https://www.facebook.com/tipicafe/,,,True,cafe,,,,
node,4287074189,DANANG,Da Nang,Ecodanang,Khách sạn & Lưu trú,16.06841,108.23891,31 Dương Đình Nghệ,Giờ mở cửa: 24/7. Có Wifi.,05113985986,http://Facebook.com/ecodananghotel,24/7,,True,homestay_guesthouse,,,,
node,4294056396,DANANG,Da Nang,Thiếu nữ,Văn hóa & Nghệ thuật,16.07122,108.217659,,,,,,,False,,,,,
node,4294056397,DANANG,Da Nang,nhà thờ Phú Hạ,Văn hóa & Nghệ thuật,16.0337221,108.1057336,,,,,,,False,,,,,
node,4294060393,DANANG,Da Nang,bến xe Đà Nẵng,Văn hóa & Nghệ thuật,16.0572378,108.1723285,,,,,,,False,,,,,
node,4294060394,DANANG,Da Nang,cầu vượt Ngã Ba Huế,Văn hóa & Nghệ thuật,16.0600652,108.1761573,,,,,,,False,,,,,
node,4294119391,DANANG,Da Nang,ngã tư Phú Hạ,Văn hóa & Nghệ thuật,16.0301178,108.1155043,,,,,,,False,,,,,
node,4294135791,DANANG,Da Nang,Bờ Biển Vàng,Dịch vụ du lịch,16.0481678,108.2440355,26 An Thượng 9,,,,,,False,,,,,
node,4294143690,DANANG,Da Nang,đèo Đại La - xã Hòa Sơn,Văn hóa & Nghệ thuật,16.042982,108.1348727,,,,,,,False,,,,,
node,4294143994,DANANG,Da Nang,chi nhánh Travel Indochina tại Đà nẵng,Văn hóa & Nghệ thuật,16.048629,108.2409543,,,,,,,False,,,,,
node,4294147089,DANANG,Da Nang,khách sạn Xanh - đường Hoàng văn Thái,Văn hóa & Nghệ thuật,16.0553852,108.1631626,,,,,,,False,,,,,
node,4297498393,DANANG,Da Nang,Ngã tư Quân Đoàn,Văn hóa & Nghệ thuật,16.0494977,108.2223405,,,,,,,False,,,,,
node,4299663593,DANANG,Da Nang,1812 Boutique hostel,Khách sạn & Lưu trú,16.0694815,108.2424446,,,,,,,True,homestay_guesthouse,,,,
node,4301384195,DANANG,Da Nang,Nhà hàng sinh thái Chân Trời Góc Bể,Văn hóa & Nghệ thuật,16.1006744,108.2244954,,,,,,,False,,,,,
node,4301483689,DANANG,Da Nang,Sơn,Ẩm thực & Cafe,16.0672283,108.2047003,12 Võ Văn Tần,Giờ mở cửa: Mo-Su 05:00-18:00. Có Wifi.,,,Mo-Su 05:00-18:00,,True,cafe,,,,
node,4312279989,DANANG,Da Nang,Cafe,Ẩm thực & Cafe,16.0384603,108.2179887,Lê Thanh Nghị,Có Wifi.,,,,,True,cafe,,,,
node,4326118127,DANANG,Da Nang,milano cafe 233 nguyen van linh,Văn hóa & Nghệ thuật,16.0605495,108.2140182,,,,,,,False,,,,,
node,4326140517,DANANG,Da Nang,"obama beach - son tra, danang",Văn hóa & Nghệ thuật,16.0992659,108.3007404,,,,,,,False,,,,,
node,4326474789,DANANG,Da Nang,Bánh tráng Trần,Ẩm thực & Cafe,16.0692226,108.205109,,,,,,,True,restaurant,,,,
node,4326819390,DANANG,Da Nang,Aquarium cafe,Ẩm thực & Cafe,16.0761324,108.2205151,69 Nguyễn Chí Thanh,Có Wifi.,,,,,True,cafe,,,,
node,4326820491,DANANG,Da Nang,Dai Long hotel,Khách sạn & Lưu trú,16.0623771,108.1918861,194 Đường Hà Huy Tập,Có Wifi.,,,,,False,,,,,
node,4339674497,DANANG,Da Nang,Cafe Việt Anh,Ẩm thực & Cafe,16.0694212,108.2054387,411 Hải Phòng,Ẩm thực: coffee_shop. Giờ mở cửa: 24/7. Có Wifi.,,,24/7,coffee_shop,True,cafe,,,,
node,4339674598,DANANG,Da Nang,Nhà hàng HanCook,Ẩm thực & Cafe,16.068911,108.2049831,316 - 318 Hải Phòng,"Ẩm thực: korean, fine_dining. Giờ mở cửa: Mo-Su 10:00-22:00. Có Wifi.",05113531318,,Mo-Su 10:00-22:00,"korean, fine_dining",True,restaurant,,,,
node,4339694191,DANANG,Da Nang,Cafe Han Pho,Ẩm thực & Cafe,16.0717817,108.2234199,Lê Duẩn,Ẩm thực: coffee_shop. Có Wifi.,,,,coffee_shop,True,cafe,,,,
node,4347925793,DANANG,Da Nang,Truong Son Tung 5,Khách sạn & Lưu trú,16.0586832,108.2460005,,Giờ mở cửa: 24/7. Có Wifi.,,,24/7,,True,homestay_guesthouse,,,,
node,4351989390,DANANG,Da Nang,Hau Sua & Tom Hum,Ẩm thực & Cafe,16.0835121,108.2476846,Lo 13 Đường Võ Nguyên Giáp,,,,,,True,restaurant,,,,
node,4352240896,DANANG,Da Nang,Cộng Cà Phê,Ẩm thực & Cafe,16.0690255,108.2249712,,"Ẩm thực: coffee_shop, vietnamese.",,,,"coffee_shop, vietnamese",False,,,,,
node,4352241691,DANANG,Da Nang,Pho Bac 63,Ẩm thực & Cafe,16.0762207,108.2155328,,,,,,,True,restaurant,,,,
node,4352241993,DANANG,Da Nang,Nha Hang Dong Duong,Ẩm thực & Cafe,16.0789023,108.2229568,,,,,,,True,restaurant,,,,
node,4352241994,DANANG,Da Nang,Quan Mi Quang,Ẩm thực & Cafe,16.0722793,108.2188897,,,,,,,True,restaurant,,,,
node,4352266089,DANANG,Da Nang,Babylon Steakgarden,Ẩm thực & Cafe,16.0417737,108.2483585,,Ẩm thực: steak_house. Giờ mở cửa: Mo-Su 10:00-22:00.,,http://blog.naver.com/PostView.nhn?blogId=double_latte&logNo=220683786253,Mo-Su 10:00-22:00,steak_house,True,restaurant,,,,
node,4352266389,DANANG,Da Nang,Burger Bros,Ẩm thực & Cafe,16.0485431,108.246541,,"Ẩm thực: burger. Giờ mở cửa: Mo-Su 11:00-14:00, Mo-Su 17:00-22:00.",,,"Mo-Su 11:00-14:00, Mo-Su 17:00-22:00",burger,True,restaurant,,,,
node,4352266689,DANANG,Da Nang,Nha hang nam hien,Ẩm thực & Cafe,16.0560809,108.2452639,,,,https://blog.naver.com/nebdoyou/220691195041,,,True,restaurant,,,,
node,4352303490,DANANG,Da Nang,Ông Minh,Ẩm thực & Cafe,16.0803548,108.2466261,92 Đường Võ Nguyên Giáp,Giờ mở cửa: Mo-Su 09:00-23:00.,,,Mo-Su 09:00-23:00,,True,restaurant,,,,
node,4352309392,DANANG,Da Nang,Madame Lan,Ẩm thực & Cafe,16.0813554,108.2229668,,,,,,,True,restaurant,,,,
node,4352309491,DANANG,Da Nang,Family Indian Restraurant,Ẩm thực & Cafe,16.0668649,108.2434008,,,,,,,True,restaurant,,,,
node,4354025497,DANANG,Da Nang,tattoo bon,Mua sắm & Chợ,16.067829,108.2015993,,,,,,,False,,,,,
node,4358812697,DANANG,Da Nang,Phieu Thanh Toán,Ẩm thực & Cafe,16.0648231,108.2235176,209 Trần Phú,Có Wifi.,,http://www.trasuahotcold.com,,,True,cafe,,,,
node,4378701501,DANANG,Da Nang,quan pho hong,Ẩm thực & Cafe,16.0775502,108.2217728,19 Lý Tự Trọng,Ẩm thực: noodle. Giờ mở cửa: Mo-Su 05:30-20:00.,,,Mo-Su 05:30-20:00,noodle,True,restaurant,,,,
node,4386676224,DANANG,Da Nang,Chợ Miếu Bông,Mua sắm & Chợ,15.97989,108.2089787,Quốc lộ 1A,,,,,,True,traditional_market,,,,
node,4401168900,DANANG,Da Nang,Star hotel,Khách sạn & Lưu trú,16.073522,108.24215,,,,,,,False,,,,,
node,4401174794,DANANG,Da Nang,Bien Vang Hotel,Khách sạn & Lưu trú,16.0709263,108.2352601,Phạm Văn Đồng,,,,,,False,,,,,
node,4401378391,DANANG,Da Nang,Red Beach Resort & Spa,Ẩm thực & Cafe,16.094989,108.14677,,,,,,,True,restaurant,,,,
node,4403884590,DANANG,Da Nang,Highlands Coffee,Ẩm thực & Cafe,16.0668609,108.2139388,,"Ẩm thực: coffee_shop, vietnamese. Có Wifi.",,,,"coffee_shop, vietnamese",False,,,,,
node,4408947190,DANANG,Da Nang,Faifo Grill & Buffet Restaurant,Ẩm thực & Cafe,16.0676713,108.208216,,,,,,,True,restaurant,,,,
node,4430043290,DANANG,Da Nang,Sofia Restaurant,Ẩm thực & Cafe,16.0705038,108.2423861,Phạm Văn Đồng,Ẩm thực: vietnamese. Giờ mở cửa: Mo-Su 06:00-22:00.,05113947669,,Mo-Su 06:00-22:00,vietnamese,True,restaurant,,,,
node,4430077491,DANANG,Da Nang,Mi Quang 1A,Ẩm thực & Cafe,16.0723814,108.2191279,Hải Phòng,"Ẩm thực: vietnamese, noodles. Giờ mở cửa: Mo-Su 06:00-21:00.",05113827936,,Mo-Su 06:00-21:00,"vietnamese, noodles",True,restaurant,,,,
node,4449942994,DANANG,Da Nang,Kua Coffee,Ẩm thực & Cafe,16.0702633,108.1515847,8 Kiệt 856 Tôn Đức Thắng,Ẩm thực: coffee_shop. Giờ mở cửa: Mo-Su 07:30-22:30. Có Wifi.,0973778301,,Mo-Su 07:30-22:30,coffee_shop,True,cafe,,,,
node,4464451389,DANANG,Da Nang,Nhà Hàng HanCook,Ẩm thực & Cafe,16.0539957,108.2203024,1 Núi Thành,Ẩm thực: fine_dining. Giờ mở cửa: Mo-Su 10:00-22:00. Có Wifi.,,,Mo-Su 10:00-22:00,fine_dining,True,restaurant,,,,
node,4464451390,DANANG,Da Nang,Nhà hàng HanCook,Ẩm thực & Cafe,16.0716557,108.2300722,Ngô Quyền,Ẩm thực: korean. Giờ mở cửa: Mo-Su 10:00-22:00. Có Wifi.,05113991828,,Mo-Su 10:00-22:00,korean,True,restaurant,,,,
node,4483622590,DANANG,Da Nang,Barney's Danang Backpacker's Hostel,Khách sạn & Lưu trú,16.0789241,108.2289649,169 Trần Hưng Đạo,Giờ mở cửa: Mo-Su 07:00-22:30. Có Wifi.,01265206103,http://www.barneyhostel.com,Mo-Su 07:00-22:30,,True,homestay_guesthouse,,,,
node,4496285792,DANANG,Da Nang,Vueng Beo Hoi Quan,Ẩm thực & Cafe,16.0555881,108.2457892,,"Ẩm thực: vietnamese, coffee_shop, italian_pizza.",,,,"vietnamese, coffee_shop, italian_pizza",True,restaurant,,,,
node,4522677590,DANANG,Da Nang,Quán Chay Vegetarian Restaurant Ngọc Chi,Ẩm thực & Cafe,16.0650511,108.2227097,32 Thái Phiên,"vegetarian restaurant | Ẩm thực: local, diner, regional, vietnamese. Giờ mở cửa: Mo-Su 06:00-22:00.",0935085088,,Mo-Su 06:00-22:00,"local, diner, regional, vietnamese",True,restaurant,,,,
node,4541140991,DANANG,Da Nang,Mi Quang Ba Vi,Ẩm thực & Cafe,16.0621563,108.2176836,,,,,,,True,restaurant,,,,
node,4541141193,DANANG,Da Nang,Ba Duong Banh Xeo,Ẩm thực & Cafe,16.0652255,108.2194342,,,,,,,True,restaurant,,,,
node,4541146990,DANANG,Da Nang,Pho 75,Ẩm thực & Cafe,16.067384,108.2178081,,,,,,,True,restaurant,,,,
node,4541170290,DANANG,Da Nang,Hoa Tu,Ẩm thực & Cafe,16.0613824,108.2185692,,,,,,,True,restaurant,,,,
node,4541197390,DANANG,Da Nang,Mi Total,Ẩm thực & Cafe,16.0651407,108.2207629,,,,,,,True,restaurant,,,,
node,4541198589,DANANG,Da Nang,Suan Trang,Ẩm thực & Cafe,16.0737572,108.2141429,,,,,,,True,restaurant,,,,
node,4541527689,DANANG,Da Nang,Bánh Xèo Bà Dưỡng,Ẩm thực & Cafe,16.0588034,108.2160349,23 Kiệt 280 Hoàng Diệu,"Ẩm thực: vietnamese, pancake. Giờ mở cửa: Mo-Su 09:30-21:30.",02363873168,,Mo-Su 09:30-21:30,"vietnamese, pancake",True,restaurant,,,,
node,4548775189,DANANG,Da Nang,Nha Mo Luc,Dịch vụ du lịch,15.9883793,108.2088177,,,,,,,False,,,,,
node,4548775589,DANANG,Da Nang,Nha Mo Luc,Dịch vụ du lịch,15.9881107,108.2094699,153 Hoàng Châu Ký,,,,,,False,,,,,
node,4550144589,DANANG,Da Nang,NOAH SPA,Thể thao & Giải trí,16.0706213,108.2360121,"c1-21 Phạm Văn Đồng, Danang",,,,,,False,,,,,
node,4564371397,DANANG,Da Nang,Cà Phê Trúc Nguyên,Ẩm thực & Cafe,16.0700393,108.2359373,103 Nguyễn Xuân Khoát,"Giờ mở cửa: Mo-Su 06:00-06:00, 22:00-22:00. Có Wifi.",0903434649,,"Mo-Su 06:00-06:00, 22:00-22:00",,True,cafe,,,,
node,4571159189,DANANG,Da Nang,Café 68,Ẩm thực & Cafe,16.0669707,108.2023984,68 Võ Văn Tần,"Ẩm thực: tea, coffee_shop. Giờ mở cửa: 24/7. Có Wifi.",,,24/7,"tea, coffee_shop",True,cafe,,,,
node,4578685691,DANANG,Da Nang,cafe mint,Ẩm thực & Cafe,16.0785014,108.166001,,,,,,,True,cafe,,,,
node,4582707890,DANANG,Da Nang,CaPhe Giai Khat 78,Khách sạn & Lưu trú,16.0593521,108.2084405,,,,,,,True,cafe,,,,
node,4589383489,DANANG,Da Nang,Nha me Lanh,Khách sạn & Lưu trú,16.0730481,108.1863864,,,,,,,True,homestay_guesthouse,,,,
node,4605114489,DANANG,Da Nang,Com Tâm Cô Nga,Ẩm thực & Cafe,16.0565983,108.24217,Đường Nguyễn Duy Hiệu,Ẩm thực: vietnamese.,,,,vietnamese,True,restaurant,,,,
node,4611974790,DANANG,Da Nang,Flóra Hotel,Khách sạn & Lưu trú,16.0607119,108.2184792,103 Đường Nguyễn Văn Linh,,,,,,False,,,,,
node,4612193833,DANANG,Da Nang,Sea Phoenix Hotel,Khách sạn & Lưu trú,16.0409715,108.2483633,115 Hồ Xuân Hương,Có Wifi.,,,,,False,,,,,
node,4647225192,DANANG,Da Nang,Hoa giấy,Ẩm thực & Cafe,16.0899217,108.242683,247 Ngô Quyền,,,,,,True,cafe,,,,
node,4652657809,DANANG,Da Nang,Khách sạn Hải An,Khách sạn & Lưu trú,16.0755387,108.178744,1449 Nguyễn Tất Thành,Giờ mở cửa: 24/7. Có Wifi.,,https://fb.com/haianhotel,24/7,,False,,,,,
node,4652751790,DANANG,Da Nang,Cà Phê Chim 606,Ẩm thực & Cafe,16.0616284,108.2164509,606 Đường Ông Ích Khiêm,Giờ mở cửa: Mo-Su 05:00-16:00. Có Wifi.,,,Mo-Su 05:00-16:00,,True,cafe,,,,
node,4654743090,DANANG,Da Nang,Cà phê koke mang vê,Ẩm thực & Cafe,16.0525986,108.2398606,,Ẩm thực: coffee_shop.,,,,coffee_shop,True,cafe,,,,
node,4659470491,DANANG,Da Nang,Hung binh hotel,Khách sạn & Lưu trú,16.0824068,108.2204617,,Có Wifi.,,,,,False,,,,,
node,4676094289,DANANG,Da Nang,cafe sạch,Ẩm thực & Cafe,16.068142,108.1986979,97 Đường Thái Thị Bôi,Giờ mở cửa: 24/7. Có Wifi.,,,24/7,,True,cafe,,,,
node,4677455200,DANANG,Da Nang,Homestay Heo Đất,Khách sạn & Lưu trú,16.0434346,108.212103,32 Đường Đào Cam Mộc,,,,,,True,homestay_guesthouse,,,,
node,4692968491,DANANG,Da Nang,Cong an My An,Văn hóa & Nghệ thuật,16.0426203,108.2481811,,,,,,,False,,,,,
node,4693195389,DANANG,Da Nang,Lêvi Gallery,Mua sắm & Chợ,16.0638091,108.2229512,"09 Lê Hồng Phong, Đà Nẵng",Giờ mở cửa: Mo-Su 09:00-20:00. Có Wifi.,0935102063,https://levigallery.com/,Mo-Su 09:00-20:00,,True,craft_gift_shop,,,,
node,4704794989,DANANG,Da Nang,Nhà trọ VTV,Khách sạn & Lưu trú,16.0614403,108.2101891,183/15/13 Phan Thanh,Có Wifi.,0905765959,,,,True,homestay_guesthouse,,,,
node,4706189591,DANANG,Da Nang,To Quoc Ghi Cong,Di tích & Lịch sử,16.023789,108.2477299,,,,,,,False,,,,,
node,4707610291,DANANG,Da Nang,quan quan hotel,Khách sạn & Lưu trú,16.0536953,108.2096156,,,,,,,False,,,,,
node,4717753291,DANANG,Da Nang,Cát Việt Travel & Media,Văn hóa & Nghệ thuật,16.0580155,108.2206803,,,,,,,False,,,,,
node,4724189189,DANANG,Da Nang,Mote pizza,Ẩm thực & Cafe,16.0731755,108.2203769,,,,,,,True,restaurant,,,,
node,4725835090,DANANG,Da Nang,Life fitness,Thể thao & Giải trí,16.0711322,108.2098745,,,,,,,False,,,,,
node,4725852294,DANANG,Da Nang,Trung tam fitness,Thể thao & Giải trí,16.0619753,108.2117326,,,,,,,False,,,,,
node,4743893223,DANANG,Da Nang,California Fitness & Spa,Thể thao & Giải trí,16.0597418,108.2113312,,,,,,,False,,,,,
node,4755650721,DANANG,Da Nang,Bò Né Quôc Minh,Ẩm thực & Cafe,16.070516,108.2220197,28 Đường Phan Đình Phùng,"Ẩm thực: vietnamese, steak.",,,,"vietnamese, steak",True,restaurant,,,,
node,4755851322,DANANG,Da Nang,Bún Thịt Nướng Bà Ngọc,Ẩm thực & Cafe,16.0777523,108.2165181,,Ẩm thực: vietnamese.,,,,vietnamese,True,restaurant,,,,
node,4759000238,DANANG,Da Nang,Dan Oasis Hotel,Khách sạn & Lưu trú,16.0954944,108.2520272,"A2.3 Hoàng Sa, Sơn Trà, Đà Nẵng",Có Wifi. Tiêu chuẩn: 3 sao.,02363925688,http://www.danoasis.com/,,,False,,,,,
node,4759752150,DANANG,Da Nang,Phố nướng Tokyo,Ẩm thực & Cafe,16.07061,108.2428955,"4 Phạm Văn Đồng, Sơn Trà, Đà Nẵng","Ẩm thực: barbecue, japanese. Có Wifi. Chỗ ngồi ngoài trời.",,,,"barbecue, japanese",True,restaurant,,,,
node,4761152563,DANANG,Da Nang,Tượng Mẹ Âu Cơ,Văn hóa & Nghệ thuật,16.0703195,108.2456156,,Statue of the mythical mother of the Vietnamese people,,,,,False,,,,,
node,4778581323,DANANG,Da Nang,My Casa,Ẩm thực & Cafe,16.0717885,108.2427211,53 Đường Morrison,"Ẩm thực: spanish, italian_pizza, tapas, pizza, noodles. Giờ mở cửa: Th-Tu 11:00-12:00, 13:00-14:00. Có Wifi.",0769919273,https://www.mycasa-danang.com/,"Th-Tu 11:00-12:00, 13:00-14:00","spanish, italian_pizza, tapas, pizza, noodles",True,restaurant,,,,
node,4782419524,DANANG,Da Nang,Happy Heart Cafe,Ẩm thực & Cafe,16.047694,108.2448029,57 Ngô Thi Sỹ;Đường Ngô Thì Sĩ,"Ẩm thực: pizza, burger, sandwich, breakfast, mexican.",02363888384,,,"pizza, burger, sandwich, breakfast, mexican",True,cafe,,,,
node,4807957148,DANANG,Da Nang,Trung tâm Giải trí Phức hợp Helio Center,Thể thao & Giải trí,16.0364559,108.2246715,"Đường 2 Tháng 9, Hòa Cường Bắc, Hải Châu, Đà Nẵng",,02363630888,https://helio.vn/,,,False,,,,,
node,4814994722,DANANG,Da Nang,The Chói's Kitchen,Ẩm thực & Cafe,16.0707738,108.2093349,"02 Đường Hoàng Hoa Thám, Tân Chính, Thanh Khê, Đà Nẵng",Ẩm thực: korean.,,,,korean,True,restaurant,,,,
node,4854309123,DANANG,Da Nang,Sàn giao dịch bất động sản ĐẤT LÀNH,Ẩm thực & Cafe,16.0697237,108.2356103,267 Dương Đình Nghệ,Giờ mở cửa: 24/7. Có Wifi.,0905211211,,24/7,,True,cafe,,,,
node,4854342521,DANANG,Da Nang,Coffee TRÚC NGUYÊN,Ẩm thực & Cafe,16.0701474,108.2358848,103 Nguyễn Xuân Khoát,Giờ mở cửa: 24/7. Có Wifi.,0903434649,,24/7,,True,cafe,,,,
node,4855468621,DANANG,Da Nang,Nơi ở,Khách sạn & Lưu trú,16.0608379,108.2136384,Nguyễn Hoàng,Có Wifi.,,,,,False,,,,,
node,4860107522,DANANG,Da Nang,phú mỹ thành nhà hàng,Ẩm thực & Cafe,16.0761835,108.2071943,Nguyễn Tất Thành,Có Wifi.,,,,,True,restaurant,,,,
node,4875985021,DANANG,Da Nang,quán nhậu lộc viên,Ẩm thực & Cafe,16.0659502,108.1552232,Nguyễn Sinh Sắc,Ẩm thực: vietnamese. Có Wifi.,,,,vietnamese,True,restaurant,,,,
node,4900673921,DANANG,Da Nang,San San Hotel,Khách sạn & Lưu trú,16.0553158,108.2453862,54 Đường An Thượng 26,Có Wifi.,,,,,False,,,,,
node,4900701521,DANANG,Da Nang,Quán Chay XUÂN,Ẩm thực & Cafe,16.0716462,108.1861689,631 Đường Trần Cao Vân,Có Wifi.,,,,,True,restaurant,,,,
node,4911301321,DANANG,Da Nang,LeRio,Ẩm thực & Cafe,16.0886185,108.2330326,,Giờ mở cửa: Mo-Su 06:00-22:30. Có Wifi.,,,Mo-Su 06:00-22:30,,True,cafe,,,,
node,4924323121,DANANG,Da Nang,Fishing Village and Fleet,Điểm tham quan & Cảnh quan,16.1017543,108.2589632,,,,,,,False,,,,,
node,4931062422,DANANG,Da Nang,TruongVuHouse's,Khách sạn & Lưu trú,16.0969476,108.1355671,Văn Thánh 2,Có Wifi.,,,,,True,homestay_guesthouse,,,,
node,4931152321,DANANG,Da Nang,Phú Hồng,Ẩm thực & Cafe,16.0695853,108.2229138,19 Yên Bái,"Ẩm thực: reg, regional. Giờ mở cửa: 10:30-14:00,16:00-21:30. Có Wifi.",,,"10:30-14:00,16:00-21:30","reg, regional",True,restaurant,,,,
node,4948013624,DANANG,Da Nang,Quán An Bún Chả Cá,Ẩm thực & Cafe,16.0745962,108.2206238,109 Nguyễn Chí Thanh,Ẩm thực: vietnamese.,0945713171,,,vietnamese,True,restaurant,,,,
node,4967908922,DANANG,Da Nang,Home,Khách sạn & Lưu trú,15.9798181,108.249729,,,,,,,False,,,,,
node,4974704122,DANANG,Da Nang,icafe,Ẩm thực & Cafe,16.0697904,108.1455723,,,,,,,True,cafe,,,,
node,5026609321,DANANG,Da Nang,Diễm Hồng,Ẩm thực & Cafe,16.063471,108.174643,9 Đường Nguyễn Tường Phổ,Ẩm thực: coffee_shop. Giờ mở cửa: Mo-Su 05:30-22:00. Có Wifi.,,,Mo-Su 05:30-22:00,coffee_shop,True,cafe,,,,
node,5030391521,DANANG,Da Nang,minimart kidoshop,Mua sắm & Chợ,16.0662104,108.2446508,64 Hà Bổng,,,,,,False,,,,,
node,5030398221,DANANG,Da Nang,Bảy Ban,Khách sạn & Lưu trú,16.1058044,108.2916629,Hoàng Sa,,,,,,False,,,,,
node,5038348824,DANANG,Da Nang,Andy coffee,Ẩm thực & Cafe,16.0469921,108.2374074,6-7-8 Hoài Thanh,Ẩm thực: coffee_shop. Giờ mở cửa: 24/7.,0905757490,,24/7,coffee_shop,True,cafe,,,,
node,5047614532,DANANG,Da Nang,Quán Ăn Tuk Tuk,Ẩm thực & Cafe,16.0426449,108.2433938,18 18 Dương Thị Xuân Quys,Ẩm thực: vietnamese. Giờ mở cửa: 6:00 - 22:00. Có Wifi.,0931987672,,6:00 - 22:00,vietnamese,True,restaurant,,,,
node,5076808721,DANANG,Da Nang,Cay Me,Ẩm thực & Cafe,16.0583641,108.2454746,,,,,,,True,restaurant,,,,
node,5076808821,DANANG,Da Nang,Thuoc Duong Bao An,Ẩm thực & Cafe,16.0744682,108.2414875,,,,,,,True,restaurant,,,,
node,5076909022,DANANG,Da Nang,Giac NGO,Ẩm thực & Cafe,16.0561934,108.2370014,,,,,,,True,restaurant,,,,
node,5110691331,DANANG,Da Nang,Tiem An Vu Gia,Ẩm thực & Cafe,16.071065,108.1984644,426 Trần Cao Vân,,,,,,True,restaurant,,,,
node,5111939921,DANANG,Da Nang,sông Thu,Khách sạn & Lưu trú,16.0689403,108.2396608,,,,,,,True,homestay_guesthouse,,,,
node,5116302323,DANANG,Da Nang,Mì Quảng Ếch,Ẩm thực & Cafe,16.0619829,108.2163479,441 Đường Ông Ích Khiêm,Giờ mở cửa: Mo-Su 06:30-22:30.,0968086529,,Mo-Su 06:30-22:30,,True,restaurant,,,,
node,5123239421,DANANG,Da Nang,Bún Chả Huệ Chi,Ẩm thực & Cafe,16.0848495,108.2296619,Số 6 Đường Hoàng Quốc Việt,Ẩm thực: vietnamese. Giờ mở cửa: 24/7. Có Wifi.,0905160246,,24/7,vietnamese,True,restaurant,,,,
node,5133731491,DANANG,Da Nang,Nhà của Vĩnh Brooklyn,Khách sạn & Lưu trú,16.0832087,108.2217292,17/7 3 Tháng 2,Có Wifi.,,,,,False,,,,,
node,5154435522,DANANG,Da Nang,Café Caracoli,Ẩm thực & Cafe,16.0829842,108.222509,2 3 Tháng 2,Giờ mở cửa: Mo-Su 09:00-18:00.,05113899755,http://www.caracolicoffee.us,Mo-Su 09:00-18:00,,True,cafe,,,,
node,5154881121,DANANG,Da Nang,The Coffee Bean,Ẩm thực & Cafe,16.0537533,108.2023591,,"Ẩm thực: breakfast, tea, vietnamese, coffee_shop. Có Wifi.",,,,"breakfast, tea, vietnamese, coffee_shop",True,cafe,,,,
node,5216161821,DANANG,Da Nang,Cậu 8,Khách sạn & Lưu trú,16.0658992,108.240998,107 Đường Bùi Hữu Nghĩa,Có Wifi.,02363933528,,,,False,,,,,
node,5216186221,DANANG,Da Nang,Chị Hoa,Khách sạn & Lưu trú,16.0759086,108.2108251,52 Đường Bắc Đẩu,Có Wifi.,0983819525,,,,False,,,,,
node,5216213221,DANANG,Da Nang,nhà Chị Hoa,Khách sạn & Lưu trú,16.075884,108.2107515,54 Bắc Đẩu,Giờ mở cửa: 24/7. Có Wifi.,02363819525,,24/7,,False,,,,,
node,5216213321,DANANG,Da Nang,nhà cậu 8,Khách sạn & Lưu trú,16.0659048,108.2409433,107 Bùi Hữu Nghĩa,Giờ mở cửa: 24/7. Có Wifi.,02363933528,,24/7,,False,,,,,
node,5217312122,DANANG,Da Nang,Cafe Caracoli,Ẩm thực & Cafe,16.0830572,108.2224703,2 Ba Tháng Hai,Ẩm thực: coffee_shop. Giờ mở cửa: Mo-Su 08:00-22:00. Có Wifi.,02363899755,http://www.caracolicofee.us,Mo-Su 08:00-22:00,coffee_shop,True,cafe,,,,
node,5249863421,DANANG,Da Nang,Huệ Chi,Khách sạn & Lưu trú,16.0810276,108.2296778,6 Hoàng Việt,Có Wifi.,,,,,True,homestay_guesthouse,,,,
node,5263738622,DANANG,Da Nang,đnHUỆchi,Khách sạn & Lưu trú,16.0848619,108.2296776,6 Hoàng Quốc Việt,,,,,,False,,,,,
node,5263740121,DANANG,Da Nang,đnChịHOA,Khách sạn & Lưu trú,16.0758941,108.2108875,52 Bắc Đẩu,,,,,,False,,,,,
node,5263740122,DANANG,Da Nang,đnCậu8,Khách sạn & Lưu trú,16.0658066,108.2409218,107 Bùi Hữu Nghĩa,,,,,,False,,,,,
node,5271605921,DANANG,Da Nang,Xuân Tời,Ẩm thực & Cafe,16.0787176,108.2297231,,Ẩm thực: asian. Giờ mở cửa: Mo-Su 17:00-21:30.,,,Mo-Su 17:00-21:30,asian,True,restaurant,,,,
node,5272119221,DANANG,Da Nang,Ca Chep Hoa Rong,Văn hóa & Nghệ thuật,16.062925,108.2298159,,,,,,,False,,,,,
node,5272119721,DANANG,Da Nang,Chu Dai Bi,Văn hóa & Nghệ thuật,16.0643389,108.2429817,,,,,,,False,,,,,
node,5273830623,DANANG,Da Nang,Khaî Vi,Ẩm thực & Cafe,16.0724539,108.1917763,,Có Wifi.,,,,,True,restaurant,,,,
node,5273998822,DANANG,Da Nang,Cầu Tiên Sơn,Điểm tham quan & Cảnh quan,16.0352694,108.2352722,,,,,,,False,,,,,
node,5273998823,DANANG,Da Nang,Cầu Trần Thị Lý,Điểm tham quan & Cảnh quan,16.050179,108.2293814,,Giờ mở cửa: 24/7.,,,24/7,,False,,,,,
node,5273999121,DANANG,Da Nang,Cầu Thuận Phước,Điểm tham quan & Cảnh quan,16.0948084,108.2200134,,,,,,,False,,,,,
node,5276547123,DANANG,Da Nang,Cau Nguyen Van Troi Bridge,Điểm tham quan & Cảnh quan,16.0510888,108.2292466,,,,,,,False,,,,,
node,5277226022,DANANG,Da Nang,WinMart,Mua sắm & Chợ,16.0716248,108.2303226,,,,,,,False,,,,,
node,5291584123,DANANG,Da Nang,Eva Beer,Ẩm thực & Cafe,16.0315264,108.2095739,Xô Viết Nghệ Tĩnh,Có Wifi.,0967076409,,,,True,cafe,,,,
node,5291676421,DANANG,Da Nang,Red Windows,Ẩm thực & Cafe,16.0460876,108.2468036,,,,,,,True,restaurant,,,,
node,5293335937,DANANG,Da Nang,Đổi gió,Ẩm thực & Cafe,16.0598008,108.2093536,"258 Nguyễn Văn Linh, Thạch Gián, Thanh Khê, Đà Nẵng",Giờ mở cửa: Mo-Su 10:00-23:00.,02363650955,,Mo-Su 10:00-23:00,,True,restaurant,,,,
node,5301723622,DANANG,Da Nang,Highlands Coffee,Ẩm thực & Cafe,16.0606157,108.216872,,"Ẩm thực: coffee_shop, vietnamese. Giờ mở cửa: Mo-Su 07:00-23:00. Có Wifi.",,,Mo-Su 07:00-23:00,"coffee_shop, vietnamese",False,,,,,
node,5307682921,DANANG,Da Nang,chung cư số 4 nguyễn tri phương,Khách sạn & Lưu trú,16.0374466,108.2119179,Lương Nhữ Hộc,,,,,,False,,,,,
node,5327302782,DANANG,Da Nang,Precious Plastic Da Nang Le café,Ẩm thực & Cafe,16.0798652,108.217161,"35 Dam Rong 1, Hai Chau, Da Nang",Giờ mở cửa: Mo-Su 09:00-19:00. Có Wifi. Chỗ ngồi ngoài trời.,,,Mo-Su 09:00-19:00,,True,cafe,,,,
node,5336675921,DANANG,Da Nang,Chay 99 vegetarian,Ẩm thực & Cafe,16.0679064,108.2100838,,,,,,,True,restaurant,,,,
node,5360440323,DANANG,Da Nang,Simpur,Ẩm thực & Cafe,16.0792103,108.2290755,"165 Trần Hưng Đạo, Đà Nẵng",Ẩm thực: asian.,,,,asian,True,restaurant,,,,
node,5382673622,DANANG,Da Nang,Phin Coffee,Ẩm thực & Cafe,16.0624587,108.2165898,,,,,,,True,cafe,,,,
node,5382673724,DANANG,Da Nang,Moc Mien - Coffee and more,Ẩm thực & Cafe,16.0583954,108.222676,34 Duong 2/9 - Q. Hai Chau,Ẩm thực: coffee_shop. Có Wifi.,,,,coffee_shop,True,cafe,,,,
node,5382678421,DANANG,Da Nang,Nam House,Ẩm thực & Cafe,16.0633249,108.2222501,,Ẩm thực: coffee_shop. Có Wifi.,,,,coffee_shop,True,cafe,,,,
node,5382808621,DANANG,Da Nang,Funky Coffee,Ẩm thực & Cafe,16.076042,108.2204389,,Ẩm thực: coffee_shop. Có Wifi.,,,,coffee_shop,True,cafe,,,,
node,5388438022,DANANG,Da Nang,"Ice cream - ice cream, milk tea and coffee",Ẩm thực & Cafe,16.0652627,108.2193007,,Ẩm thực: coffee_shop. Có Wifi.,,,,coffee_shop,True,cafe,,,,
node,5397903222,DANANG,Da Nang,Am Thuc Chay Da Nang,Ẩm thực & Cafe,16.0651438,108.221835,,Giờ mở cửa: Mo-Su 06:00-21:00.,,,Mo-Su 06:00-21:00,,True,restaurant,,,,
node,5397904121,DANANG,Da Nang,Zion Hostel,Khách sạn & Lưu trú,16.0628057,108.2185885,,,,,,,False,,,,,
node,5401407621,DANANG,Da Nang,미꽝 24 7,Ẩm thực & Cafe,16.0685698,108.2432035,,Ẩm thực: vietnamese.,,,,vietnamese,True,restaurant,,,,
node,5412275622,DANANG,Da Nang,Iris Hotel,Khách sạn & Lưu trú,16.0701554,108.2137712,181-183 Lê Duẩn,Có Wifi.,05113818515,http://www.irishotel.vn,,,False,,,,,
node,5413973113,DANANG,Da Nang,Red Palace Hotel,Khách sạn & Lưu trú,16.0516704,108.211934,275 Đường Nguyễn Tri Phương,,,,,,False,,,,,
node,5413973628,DANANG,Da Nang,King Garden Hotel,Khách sạn & Lưu trú,16.0514417,108.2114422,456A Đường Nguyễn Tri Phương,,,,,,False,,,,,
node,5414316021,DANANG,Da Nang,L’italiano,Ẩm thực & Cafe,16.0511561,108.2456807,40 Đường An Thượng 30,"Ẩm thực: italian. Giờ mở cửa: Mo-Su 10:30-14:00, 17:00-22:00. Có Wifi.",,,"Mo-Su 10:30-14:00, 17:00-22:00",italian,True,restaurant,,,,
node,5421670777,DANANG,Da Nang,Time Coffee,Ẩm thực & Cafe,16.062767,108.2303962,"509 Trần Hưng Đạo, Đà Nẵng",,,,,,True,cafe,,,,
node,5422390221,DANANG,Da Nang,Zenta Hotel,Khách sạn & Lưu trú,16.0487689,108.2484197,,,,,,,False,,,,,
node,5424056421,DANANG,Da Nang,Kara Beachside hotel,Khách sạn & Lưu trú,16.0439303,108.2469894,,,,,,,False,,,,,
node,5425375721,DANANG,Da Nang,Sunflower Hotel 2,Khách sạn & Lưu trú,16.0737604,108.2409435,,,,,,,False,,,,,
node,5426555721,DANANG,Da Nang,Homestay Halley,Khách sạn & Lưu trú,16.043357,108.2120125,37 Đường Đào Cam Mộc,,,,,,True,homestay_guesthouse,,,,
node,5429167110,DANANG,Da Nang,Thai Market,Ẩm thực & Cafe,16.0661423,108.2242408,"4 Trần Quốc Toản, Đà Nẵng",Ẩm thực: thai.,,https://thaimarket.vn/,,thai,True,restaurant,,,,
node,5429181331,DANANG,Da Nang,Thai Market,Ẩm thực & Cafe,16.0651331,108.2225171,"46 Thái Phiên, Đà Nẵng",Ẩm thực: thai.,,https://thaimarket.vn/,,thai,True,restaurant,,,,
node,5429221882,DANANG,Da Nang,Memory Lounge,Ẩm thực & Cafe,16.0726661,108.2251645,"7 Bạch Đằng, Đà Nẵng",,,https://www.facebook.com/memoryloungedanang/,,,True,restaurant,,,,
node,5432960921,DANANG,Da Nang,SIX ON SIX,Ẩm thực & Cafe,16.0432955,108.2441897,64 Đường Bà Huyện Thanh Quan,"Ẩm thực: coffee_shop, brunch. Giờ mở cửa: Mo-Su 07:30-21:30. Có Wifi.",0946114967,http://www.sixonsix.net/,Mo-Su 07:30-21:30,"coffee_shop, brunch",True,cafe,,,,
node,5436574423,DANANG,Da Nang,HaLo Homestay,Khách sạn & Lưu trú,16.0668988,108.2438296,k30/h1/08 Đường Hà Bổng,Có Wifi.,,,,,True,homestay_guesthouse,,,,
node,5437839417,DANANG,Da Nang,Samwon,Ẩm thực & Cafe,16.069034,108.2374986,"74 Dương Đình Nghệ, Đà Nẵng","Ẩm thực: barbecue, korean.",,,,"barbecue, korean",True,restaurant,,,,
node,5450558021,DANANG,Da Nang,Khách sạn Bốn Mùa,Khách sạn & Lưu trú,16.0428944,108.2100876,194 Nguyễn Hữu Thọ,Giờ mở cửa: 24/7. Có Wifi.,02363799777,,24/7,,False,,,,,
node,5454198622,DANANG,Da Nang,Marina Coffee,Ẩm thực & Cafe,16.0631134,108.2300825,Trần Hưng Đạo,"Ẩm thực: pizza, ice_cream, cake, tea, coffee_shop. Giờ mở cửa: Mo-Su 07:00-23:00.",02363945764,http://www.mollycoffee.net,Mo-Su 07:00-23:00,"pizza, ice_cream, cake, tea, coffee_shop",True,cafe,,,,
node,5460934221,DANANG,Da Nang,Hero Bar Coffee,Ẩm thực & Cafe,16.0846467,108.245474,,,,,,,True,cafe,,,,
node,5464674523,DANANG,Da Nang,Otium hostel danang,Khách sạn & Lưu trú,16.0762739,108.2205138,73 Đường Nguyễn Chí Thanh,,,,,,True,homestay_guesthouse,,,,
node,5474212423,DANANG,Da Nang,Bancaphe,Ẩm thực & Cafe,16.0547381,108.2414037,114 Nguyễn Văn Thoại;Đường Nguyễn Văn Thoại,,,,,,True,cafe,,,,
node,5484764821,DANANG,Da Nang,Bún chả cá 109,Ẩm thực & Cafe,16.0743887,108.2207958,,Ẩm thực: vietnamese.,0945713171,,,vietnamese,True,restaurant,,,,
node,5484776621,DANANG,Da Nang,Phở 29,Ẩm thực & Cafe,16.066153,108.2227599,,,0915797999,,,,True,restaurant,,,,
node,5484788221,DANANG,Da Nang,Tre việ,Ẩm thực & Cafe,16.0662328,108.2244753,,,02363575809,,,,True,restaurant,,,,
node,5485445021,DANANG,Da Nang,Lam Vien Restaurant,Ẩm thực & Cafe,16.0422313,108.2466636,,Ẩm thực: vietnamese. Giờ mở cửa: Mo-Su 11:30-21:30.,02363959171,http://lamviendanang.com,Mo-Su 11:30-21:30,vietnamese,True,restaurant,,,,
node,5485483822,DANANG,Da Nang,Nhà hàng hải sản Bé Anh,Ẩm thực & Cafe,16.0692319,108.2429913,"Lô 14-15 Hồ Nghinh, Phước Mỹ, Sơn Trà, Đà Nẵng, 베트남",Ẩm thực: seafood. Giờ mở cửa: Mo-Su 09:00-23:00.,0905516726,,Mo-Su 09:00-23:00,seafood,True,restaurant,,,,
node,5485496021,DANANG,Da Nang,Bé Bien,Ẩm thực & Cafe,16.0686243,108.244962,202 Đường Võ Nguyên Giáp,Ẩm thực: seafood.,,,,seafood,True,restaurant,,,,
node,5485620121,DANANG,Da Nang,Starfish Alley Hostel,Khách sạn & Lưu trú,16.046085,108.2469666,,Có Wifi.,,,,,True,homestay_guesthouse,,,,
node,5485709524,DANANG,Da Nang,Cafe Đà Phố,Ẩm thực & Cafe,16.0201659,108.2114815,8 ngã tư cầu Nguyễn Tri Phương,Giờ mở cửa: Mo-Su 05:30-21:30. Có Wifi.,0905537755,,Mo-Su 05:30-21:30,,True,cafe,,,,
node,5487860421,DANANG,Da Nang,Minh Quang,Ẩm thực & Cafe,16.0512864,108.2377222,,Giờ mở cửa: Mo-Su 06:00-20:00. Có Wifi.,,,Mo-Su 06:00-20:00,,True,restaurant,,,,
node,5509501527,DANANG,Da Nang,Palazzo Boutique,Khách sạn & Lưu trú,16.0491115,108.2477313,,Có Wifi.,,,,,False,,,,,
node,5541654969,DANANG,Da Nang,Maison du Café,Ẩm thực & Cafe,16.067526,108.245011,"216 Võ Nguyên Giáp, Phước Mỹ, Sơn Trà, Đà Nẵng","Ẩm thực: coffee, coffee_shop, cake, ice_cream, tea. Giờ mở cửa: Mo-Su 06:00-22:00. Có Wifi.",,https://facebook/bellemaisoncafe,Mo-Su 06:00-22:00,"coffee, coffee_shop, cake, ice_cream, tea",True,cafe,,,,
node,5541654970,DANANG,Da Nang,NEM Restaurant,Ẩm thực & Cafe,16.0675122,108.2449556,"216 Võ Nguyên Giáp, Phước Mỹ, Sơn Trà, Đà Nẵng","Ẩm thực: seafood, vietnamese, dessert, wine, asian. Giờ mở cửa: Mo-Su 05:30-22:00.",,,Mo-Su 05:30-22:00,"seafood, vietnamese, dessert, wine, asian",True,restaurant,,,,
node,5542427121,DANANG,Da Nang,CGV,Thể thao & Giải trí,16.0717819,108.2299111,,,,,,,False,,,,,
node,5558491521,DANANG,Da Nang,Pavilion,Ẩm thực & Cafe,16.074262,108.2170832,122 Quang Trung,"Ẩm thực: breakfast, international, ice_cream, tea, cake, coffee_shop, pasta, vietnamese. Có Wifi.",,,,"breakfast, international, ice_cream, tea, cake, coffee_shop, pasta, vietnamese",True,restaurant,,,,
node,5582157521,DANANG,Da Nang,Đà Nẵng cơm chay,Ẩm thực & Cafe,16.0784606,108.219203,87/16 Nguyễn Du,Ẩm thực: vietnamese.,,,,vietnamese,True,restaurant,,,,
node,5583697622,DANANG,Da Nang,Cents Hotel,Khách sạn & Lưu trú,16.0628484,108.2306558,108 Cao Bá Quát,Có Wifi.,0913560045,,,,False,,,,,
node,5596043121,DANANG,Da Nang,Little Raon Hotel,Khách sạn & Lưu trú,16.0656033,108.2445514,,,,,,,False,,,,,
node,5600384026,DANANG,Da Nang,Căn Tin FPT Software Right,Ẩm thực & Cafe,15.9792041,108.2624391,,,,,,,True,cafe,,,,
node,5600384027,DANANG,Da Nang,Căn Tin FPT Software Left,Ẩm thực & Cafe,15.9792051,108.261693,,,,,,,True,cafe,,,,
node,5600384028,DANANG,Da Nang,Căn Tin FPT Software Top,Ẩm thực & Cafe,15.9795351,108.2620632,,,,,,,True,cafe,,,,
node,5600384029,DANANG,Da Nang,Căn Tin FPT Software Bottom,Ẩm thực & Cafe,15.9788411,108.2620954,,,,,,,True,cafe,,,,
node,5602029922,DANANG,Da Nang,Tran local foods,Ẩm thực & Cafe,16.0723438,108.2229233,,,,,,,True,restaurant,,,,
node,5602509021,DANANG,Da Nang,Tâm House Villa Hotel,Khách sạn & Lưu trú,16.057376,108.2430631,27 K209 Nguyễn Văn Thoại,Giờ mở cửa: 24/7. Có Wifi.,0936577477,http://www.tamhousevillahotel.com,24/7,,False,,,,,
node,5604261722,DANANG,Da Nang,siêu thị Yến Nhi thái lan,Mua sắm & Chợ,16.0683727,108.2008178,25 Thái Thị Bôi,Có Wifi.,0905665696,,,,False,,,,,
node,5607040127,DANANG,Da Nang,La COOL House Hostel,Khách sạn & Lưu trú,16.0687774,108.2358207,"42 An Nhơn 6, An Hải Bắc, Sơn Trà, Đà Nẵng",https://www.facebook.com/lacoolhousehostel https://www.facebook.com/lacool.hostel | Có Wifi.,0975832746,,,,True,homestay_guesthouse,,,,
node,5625696021,DANANG,Da Nang,Highlands Coffee,Ẩm thực & Cafe,16.057248,108.2021585,,"Ẩm thực: coffee_shop, vietnamese.",,,,"coffee_shop, vietnamese",False,,,,,
node,5652771521,DANANG,Da Nang,Starbucks,Ẩm thực & Cafe,16.0731298,108.224748,,Ẩm thực: coffee_shop.,,,,coffee_shop,False,,,,,
node,5658315323,DANANG,Da Nang,loving hut - vegan restaurant,Ẩm thực & Cafe,16.0252156,108.2494793,,,,,,,True,restaurant,,,,
node,5678663421,DANANG,Da Nang,Mì Quảng Giao Thủy,Ẩm thực & Cafe,16.0762132,108.2193113,16 Đường Ba Đình,"Ẩm thực: vietnamese, noodle. Giờ mở cửa: Mo-Su 06:00-21:00.",,,Mo-Su 06:00-21:00,"vietnamese, noodle",True,restaurant,,,,
node,5684863921,DANANG,Da Nang,phì lũ,Ẩm thực & Cafe,16.0670866,108.2207417,,,,,,,True,restaurant,,,,
node,5696687927,DANANG,Da Nang,Mama Hotpot,Ẩm thực & Cafe,16.063147,108.2419488,19A Đường Võ Văn Kiệt,Ẩm thực: vietnamese.,,https://amthucxeo.com/,,vietnamese,True,restaurant,,,,
node,5699718559,DANANG,Da Nang,The Pizza Company,Ẩm thực & Cafe,16.0667331,108.1870304,"Tầng trệt, Coopmart, 478 Điện Biên Phủ, Q. Thanh Khê, TP, Thanh Khê Đông, Thanh Khê, Đà Nẵng, Vietnam",Giờ mở cửa: Mo-Su 10:00-22:00.,019006066,https://thepizzacompany.vn/,Mo-Su 10:00-22:00,,True,restaurant,,,,
node,5727675826,DANANG,Da Nang,ChaChi homestay,Khách sạn & Lưu trú,16.0638824,108.2343162,"06 Kiệt 15 Luong Thế Vinh, An Hải Đông, Sơn Trà, Đà Nẵng","homestay is near by Dragon bridge, Son Tra mountain, ngu Hanh Son mable...",0909450789,,,,True,homestay_guesthouse,,,,
node,5729312621,DANANG,Da Nang,hoàng kim khách sạn,Khách sạn & Lưu trú,16.1308058,108.119611,,,,,,,False,,,,,
node,5731447523,DANANG,Da Nang,Nhà Đậu Phụng,Khách sạn & Lưu trú,15.9969739,108.13225,,,,,,,False,,,,,
node,5762588562,DANANG,Da Nang,Orchide’es,Khách sạn & Lưu trú,16.068851,108.2441758,09 Dương Đình Nghệ,,,,,,False,,,,,
node,5780635953,DANANG,Da Nang,travidat,Khách sạn & Lưu trú,16.067533,108.2443277,20 Hà Bổng,,,,,,False,,,,,
node,5780795147,DANANG,Da Nang,Dreamy House,Khách sạn & Lưu trú,16.067078,108.2438459,"k30/3 Hà Bổng, Phước Mỹ, Sơn Trà, Đà Nẵng",,,,,,False,,,,,
node,5791814653,DANANG,Da Nang,Qquán Chay Ďiêu Hoa,Ẩm thực & Cafe,16.0784588,108.2190936,87/4 Nguyễn Du,Ẩm thực: vietnamese. Có Wifi.,0905504037,,,vietnamese,True,restaurant,,,,
node,5791962853,DANANG,Da Nang,Huong Khach Vegetarian,Ẩm thực & Cafe,16.0642464,108.2185815,106 Hoàng Diệu,Có Wifi.,,,,,True,restaurant,,,,
node,5793917955,DANANG,Da Nang,Goom Vegan,Ẩm thực & Cafe,16.067251,108.2209029,144 Nguyễn Chí Thanh,"Ẩm thực: tea, pizza, vietnamese, breakfast, korean, coffee_shop. Giờ mở cửa: Mo-Su 07:00-22:00. Có Wifi.",0988536931,,Mo-Su 07:00-22:00,"tea, pizza, vietnamese, breakfast, korean, coffee_shop",True,restaurant,,,,
node,5796473953,DANANG,Da Nang,Nhà hàng Chay,Ẩm thực & Cafe,16.0629555,108.2195011,87 Đường Hoàng Văn Thụ,"Ẩm thực: thai, vietnamese. Giờ mở cửa: Mo-Su 08:00-22:00. Có Wifi.",0905789085,http://revolutionofmushroom.com,Mo-Su 08:00-22:00,"thai, vietnamese",True,restaurant,,,,
node,5804107053,DANANG,Da Nang,Ða Năng Com Chay 2,Ẩm thực & Cafe,16.0707582,108.2329541,329 Dương Đình Nghệ,"Ẩm thực: tea, pizza, pasta, thai, vietnamese, coffee_shop. Giờ mở cửa: Mo-Su 07:00-22:00. Có Wifi.",0906268209,,Mo-Su 07:00-22:00,"tea, pizza, pasta, thai, vietnamese, coffee_shop",True,restaurant,,,,
node,5816040654,DANANG,Da Nang,nhà nghỉ tạm,Khách sạn & Lưu trú,16.0856756,108.1443601,,,,,,,False,,,,,
node,5817580453,DANANG,Da Nang,Art in Paradise Da Nang 3D Museum,Văn hóa & Nghệ thuật,16.0953807,108.2430769,Trần Nhân Tông,,,,,,False,,,,,
node,5818616054,DANANG,Da Nang,City Hostel Danang,Khách sạn & Lưu trú,16.0653434,108.2223565,114 Yên Bái,Có Wifi.,0974358935,,,,True,homestay_guesthouse,,,,
node,5864570785,DANANG,Da Nang,Quán Chay Hang Ngay,Ẩm thực & Cafe,16.0566224,108.1774621,,Ẩm thực: vietnamese. Giờ mở cửa: 24/7.,,,24/7,vietnamese,True,restaurant,,,,
node,5865968590,DANANG,Da Nang,Hachi Coffee,Ẩm thực & Cafe,16.0650395,108.2219481,59 Thái Phiên,Ẩm thực: coffee_shop. Giờ mở cửa: Mo-Su 06:00-22:00.,,,Mo-Su 06:00-22:00,coffee_shop,True,cafe,,,,
node,5893704690,DANANG,Da Nang,4 Seasons Danang Hostel,Khách sạn & Lưu trú,16.050939,108.2404008,"69 Châu Thị Vĩnh Tế, Mỹ An, Ngũ Hành Sơn District, Danang","Address: 69 Châu Thị Vĩnh Tế, Mỹ An, Ngũ Hành Sơn, Đà Nẵng. Tel: 0236 6284 888. Email: 4seasonshosteldanang@gmail.com This property is a 9-minute walk from the beach. 4 Seasons hostel Danang features free bicycles, as well as free WiFi.",,,,,True,homestay_guesthouse,,,,
node,5898266285,DANANG,Da Nang,Bún Chả Hà Nội,Ẩm thực & Cafe,16.0746282,108.218807,,,0972702568,,,,True,restaurant,,,,
node,5901161285,DANANG,Da Nang,Hiri,Ẩm thực & Cafe,16.0639503,108.221258,41 Lê Hồng Phong,Ẩm thực: japanese.,0935090508,,,japanese,True,restaurant,,,,
node,5908328086,DANANG,Da Nang,Loca Hostel,Khách sạn & Lưu trú,16.0735966,108.2422569,,,,,,,True,homestay_guesthouse,,,,
node,5911447385,DANANG,Da Nang,A tri,Ẩm thực & Cafe,16.1033816,108.2578211,145 Nguyễn Đăng Giai,Giờ mở cửa: Mo-Su 14:00-23:00. Có Wifi.,0905868627,,Mo-Su 14:00-23:00,,True,restaurant,,,,
node,5913221638,DANANG,Da Nang,Green Coffee 165,Ẩm thực & Cafe,16.0638679,108.1920138,"165 Đường Hà Huy Tập, Da Nang",Giờ mở cửa: Mo-Su 06:30-23:00. Có Wifi.,,,Mo-Su 06:30-23:00,,True,cafe,,,,
node,5920056999,DANANG,Da Nang,Cộng Cà Phê,Ẩm thực & Cafe,16.0657749,108.2211071,"259/15 Nguyễn Chí Thanh, Hải Châu, Đà Nẵng","Ẩm thực: coffee_shop, vietnamese. Giờ mở cửa: Mo-Su 09:30-18:00. Có Wifi.",,,Mo-Su 09:30-18:00,"coffee_shop, vietnamese",False,,,,,
node,5920067081,DANANG,Da Nang,Why Roastery,Ẩm thực & Cafe,16.0513778,108.2406334,"64 Ung Văn Khiêm, Mỹ An, Ngũ Hành Sơn District, Đà Nẵng",Ẩm thực: coffee_shop. Giờ mở cửa: Mo-Su 07:00-20:30. Có Wifi. Chỗ ngồi ngoài trời.,,,Mo-Su 07:00-20:30,coffee_shop,True,cafe,,,,
node,5920089202,DANANG,Da Nang,Brewman,Ẩm thực & Cafe,16.0643013,108.2229858,"27/21 Thái Phiên, Hải Châu, Đà Nẵng",Ẩm thực: coffee_shop. Giờ mở cửa: Mo-Su 06:30-22:00. Có Wifi. Chỗ ngồi ngoài trời.,,,Mo-Su 06:30-22:00,coffee_shop,True,cafe,,,,
node,5921911585,DANANG,Da Nang,Me Coffee,Ẩm thực & Cafe,16.0733954,108.2429536,126 Hồ Nghinh,Ẩm thực: vietnamese. Có Wifi.,,,,vietnamese,True,cafe,,,,
node,5922491536,DANANG,Da Nang,Buddha,Văn hóa & Nghệ thuật,16.0043609,108.2645787,,,,,,,False,,,,,
node,5922537305,DANANG,Da Nang,Golem,Ẩm thực & Cafe,16.0659109,108.2229495,,Có Wifi.,,,,,True,cafe,,,,
node,5942206189,DANANG,Da Nang,Nhà thuê viễn,Khách sạn & Lưu trú,16.1301005,108.119683,,,,,,,False,,,,,
node,5942228486,DANANG,Da Nang,Phở hà nội,Ẩm thực & Cafe,16.0585526,108.2227479,,,,,,,True,restaurant,,,,
node,5942230789,DANANG,Da Nang,Bò né,Ẩm thực & Cafe,16.0701223,108.2228896,,,,,,,True,restaurant,,,,
node,5947344085,DANANG,Da Nang,Bina gym,Thể thao & Giải trí,16.0451094,108.2457464,,,,,,,False,,,,,
node,5947469389,DANANG,Da Nang,"Quán chay Thúy, 122",Ẩm thực & Cafe,16.0639765,108.2184455,,,,,,,True,restaurant,,,,
node,5947469391,DANANG,Da Nang,com ga,Ẩm thực & Cafe,16.0653284,108.2200096,,,,,,,True,restaurant,,,,
node,5947469392,DANANG,Da Nang,VPT Fitness,Thể thao & Giải trí,16.0555135,108.2428496,,,,,,,False,,,,,
node,5947469393,DANANG,Da Nang,Bao An Macrobiotic,Ẩm thực & Cafe,16.0753828,108.2409602,56 Đường Hoàng Bích Sơn,Ẩm thực: vietnamese. Giờ mở cửa: Mo-Sa 06:30-20:30; Su 06:30-15:30. Có Wifi.,0902957256,https://thucduongbaoan.com.vn/,Mo-Sa 06:30-20:30; Su 06:30-15:30,vietnamese,True,restaurant,,,,
node,5947469394,DANANG,Da Nang,bun cha ha noi 58 Thái phien,Ẩm thực & Cafe,16.0651171,108.2218944,,,,,,,True,restaurant,,,,
node,5947478386,DANANG,Da Nang,Landing house,Khách sạn & Lưu trú,16.0541957,108.2063052,,,,,,,False,,,,,
node,5947490485,DANANG,Da Nang,Ngoc Tam,Thể thao & Giải trí,16.0471874,108.2430098,,,,,,,False,,,,,
node,5947490487,DANANG,Da Nang,HL Fitness 996,Thể thao & Giải trí,16.0637775,108.2334917,,,,,,,False,,,,,
node,5947493985,DANANG,Da Nang,Korean restaurant,Ẩm thực & Cafe,16.070945,108.2094052,,,,,,,True,restaurant,,,,
node,5947905986,DANANG,Da Nang,koko Green kafe 63,Ẩm thực & Cafe,16.0600295,108.2192703,234 Đường Phan Châu Trinh,,,,,,True,restaurant,,,,
node,5948634786,DANANG,Da Nang,com hen 105,Ẩm thực & Cafe,16.058077,108.2181557,,,,,,,True,restaurant,,,,
node,5950397485,DANANG,Da Nang,Sepon Blue Hotel,Khách sạn & Lưu trú,16.061807,108.2378752,157-159 Đường Võ Văn Kiệt,,,http://seponblue.com/,,,False,,,,,
node,5964310288,DANANG,Da Nang,Sổ Zách,Ẩm thực & Cafe,16.059107,108.2214952,47 Đường Trưng Nữ Vương,"Ẩm thực: chicken, vietnamese.",,,,"chicken, vietnamese",True,restaurant,,,,
node,5976010755,DANANG,Da Nang,No Way,Dịch vụ du lịch,16.1471162,108.2325513,,,,,,,False,,,,,
node,5977538086,DANANG,Da Nang,"Bánh xèo, Bún thịt nướng k25/16",Ẩm thực & Cafe,16.0661084,108.2231021,,,,,,,True,restaurant,,,,
node,5978084714,DANANG,Da Nang,Nhà Hàng Chay Hoa Sen - Vegetarian Restaurant,Ẩm thực & Cafe,16.0609388,108.2099353,30/1 Đặng Thai Mai,vegetarian food | Giờ mở cửa: Mo-Su 09:00-20:00.,0905994473,,Mo-Su 09:00-20:00,,True,restaurant,,,,
node,5983039285,DANANG,Da Nang,Mi Quang Thi 251,Ẩm thực & Cafe,16.058477,108.2171979,,,,,,,True,restaurant,,,,
node,5989958289,DANANG,Da Nang,Cafe X70,Ẩm thực & Cafe,16.0664155,108.2208467,,,,,,,True,cafe,,,,
node,5993039994,DANANG,Da Nang,Bun cha va beo 120,Ẩm thực & Cafe,16.0614101,108.2107771,,,,,,,True,restaurant,,,,
node,5998097585,DANANG,Da Nang,Korean 30-17 Tran phu,Ẩm thực & Cafe,16.0739742,108.2226561,,,,,,,True,restaurant,,,,
node,6001904585,DANANG,Da Nang,Bun thit nuong Nga 191,Ẩm thực & Cafe,16.0658388,108.2237856,,,,,,,True,restaurant,,,,
node,6012955658,DANANG,Da Nang,Nobipet - Siêu Thị Thú Cưng,Mua sắm & Chợ,16.0641901,108.1829694,"169 Đường Cù Chính Lan, Hoa An, Thanh Khe, Da Nang","Nobipet là siêu thị thú cưng có trụ sở tại Đà Nẵng chuyên bán thú cưng, đồ dùng và phụ kiện giá rẻ cho Chó, Mèo, Chuột Hamster, Sóc Cảnh, Thỏ, Bọ Ú, Bò Sát, Nhím Kiểng. Với đa dạng sản phẩm giá sỉ lẻ như: thức ăn, chuồng nuôi, sữa tắm, vật dụng, đồ chơi, | Giờ mở cửa: Mo-Su 07:30-21:00. Hỗ trợ xe lăn.",073405754,https://www.nobipet.vn/,Mo-Su 07:30-21:00,,False,,,,,
node,6054437786,DANANG,Da Nang,Green Balcony Hostel & Coffee,Khách sạn & Lưu trú,16.0683158,108.2404477,01 Sương Nguyệt Ánh,Có Wifi.,0703617530,,,,True,homestay_guesthouse,,,,
node,6108930789,DANANG,Da Nang,Bentley,Ẩm thực & Cafe,16.0513235,108.2403147,"Châu Thị Vĩnh Tế, Đà Nẵng",Ẩm thực: coffee_shop. Giờ mở cửa: Mo-Su 07:00-23:30. Có Wifi. Chỗ ngồi ngoài trời.,,,Mo-Su 07:00-23:30,coffee_shop,True,cafe,,,,
node,6108930790,DANANG,Da Nang,Tokbokki Ly,Ẩm thực & Cafe,16.0514127,108.2405714,"64 An Thượng 20, Đà Nẵng",Ẩm thực: korean. Giờ mở cửa: Mo-Su 09:00-21:00.,,,Mo-Su 09:00-21:00,korean,True,restaurant,,,,
node,6108958604,DANANG,Da Nang,Danang Moment - Boutique Serviced Apartment,Khách sạn & Lưu trú,16.0492961,108.2437637,"D10 An Thượng 34, My An, Ngu Hanh Son, Danang",Có Wifi.,,,,,False,,,,,
node,6108958605,DANANG,Da Nang,Detroit-style pizza,Ẩm thực & Cafe,16.0489169,108.2434508,"Hoàng Kế Viêm, Ngu Hanh Son, Danang",Ẩm thực: pizza. Giờ mở cửa: Mo-Su 06:00-22:30.,,,Mo-Su 06:00-22:30,pizza,True,cafe,,,,
node,6108958606,DANANG,Da Nang,Venus Cafe,Ẩm thực & Cafe,16.0481193,108.2463832,,Ẩm thực: coffee_shop. Giờ mở cửa: 06:45-22:00. Có Wifi.,,,06:45-22:00,coffee_shop,True,cafe,,,,
node,6108965845,DANANG,Da Nang,Thanh Tam,Ẩm thực & Cafe,16.0478808,108.246362,"Ngô Thì Sĩ, Danang","Ẩm thực: coffee_shop, bakery. Giờ mở cửa: Mo-Sa 07:00-17:00.",,,Mo-Sa 07:00-17:00,"coffee_shop, bakery",True,cafe,,,,
node,6109158033,DANANG,Da Nang,Monsieur Crêpes,Ẩm thực & Cafe,16.0482129,108.2456498,,"Ẩm thực: french. Giờ mở cửa: Mo-Su 09:00-14:00, Mo-Su 18:00-21:00.",0869810275,https://monsieurcrepes-dn.business.site/,"Mo-Su 09:00-14:00, Mo-Su 18:00-21:00",french,True,restaurant,,,,
node,6109163975,DANANG,Da Nang,Mini's Cafe & Breakfast,Ẩm thực & Cafe,16.0481205,108.24525,An Thượng 6,"Ẩm thực: breakfast, coffee. Giờ mở cửa: Tu-Su 08:00-14:00.",0983105494,,Tu-Su 08:00-14:00,"breakfast, coffee",True,cafe,,,,
node,6109275899,DANANG,Da Nang,BBQ Grill Roaster,Ẩm thực & Cafe,16.048356,108.2466278,,Giờ mở cửa: Th-Tu 14:00-24:00.,,,Th-Tu 14:00-24:00,,True,restaurant,,,,
node,6109480851,DANANG,Da Nang,Issun Boshi,Ẩm thực & Cafe,16.0489959,108.2467271,,Giờ mở cửa: Mo-Su 17:30-21:00.,,,Mo-Su 17:30-21:00,,True,restaurant,,,,
node,6109480872,DANANG,Da Nang,Vallhalla GRILL,Ẩm thực & Cafe,16.0484563,108.2465774,,Giờ mở cửa: Mo-Su 10:00-02:00.,,,Mo-Su 10:00-02:00,,True,restaurant,,,,
node,6120622785,DANANG,Da Nang,Quán ăn ngon Thìa Gỗ Danang-style,Ẩm thực & Cafe,16.0760522,108.2183879,"37 Đường Ba Đình, Hải Châu",Ẩm thực: vietnamese. Giờ mở cửa: Mo-Su 11:00-20:30.,02363689005,http://www.thiagodnstyle.com,Mo-Su 11:00-20:30,vietnamese,True,restaurant,,,,
node,6125276059,DANANG,Da Nang,Temple Da Nang,Ẩm thực & Cafe,16.074127,108.2459307,,Water sport – restaurant – bar – event,,,,,True,restaurant,,,,
node,6125276062,DANANG,Da Nang,Auminimart,Mua sắm & Chợ,16.073743,108.2422346,,,,,,,False,,,,,
node,6133794585,DANANG,Da Nang,Anh TUẤN,Khách sạn & Lưu trú,16.0769551,108.2206615,55F Nguyễn Chí Thanh,,,,,,False,,,,,
node,6133794685,DANANG,Da Nang,MƯỜI,Khách sạn & Lưu trú,16.0654097,108.2325788,25 Đường Nguyễn Văn Siêu,Có Wifi.,0762605571,,,,False,,,,,
node,6133794785,DANANG,Da Nang,Mumtaz,Ẩm thực & Cafe,16.0484899,108.2371823,"69 Hoài Thanh, Đà Nẵng",Ẩm thực: indian.,,https://www.mumtaz-danang.com/,,indian,True,restaurant,,,,
node,6146812885,DANANG,Da Nang,Phú Hồng,Ẩm thực & Cafe,16.0691035,108.2229133,19 Đường Yên Bái,"Ẩm thực: vietnamese, noodle.",0905588855,,,"vietnamese, noodle",True,restaurant,,,,
node,6146988786,DANANG,Da Nang,Nối Café,Ẩm thực & Cafe,16.0737653,108.2216024,18 Kiệt 113 Nguyễn Chí Thanh,Ẩm thực: coffee_shop. Có Wifi.,,,,coffee_shop,True,cafe,,,,
node,6147088185,DANANG,Da Nang,Bún Bò Bà Diệu,Ẩm thực & Cafe,16.0585612,108.210864,17 Trần Tống,"Ẩm thực: vietnamese, beef_noodle. Giờ mở cửa: Mo-Su 13:00+.",02363652323,,Mo-Su 13:00+,"vietnamese, beef_noodle",True,restaurant,,,,
node,6151185387,DANANG,Da Nang,Chè Thái Liên,Ẩm thực & Cafe,16.0606096,108.2171498,189 Đường Hoàng Diệu,,,,,,True,restaurant,,,,
node,6151186386,DANANG,Da Nang,Hải sản Năm Đảnh,Ẩm thực & Cafe,16.1044234,108.2535985,K139/H59/38 Trần Quang Khải,,,,,,True,restaurant,,,,
node,6151202685,DANANG,Da Nang,Chè Xuân Trang,Ẩm thực & Cafe,16.071271,108.2205088,31 Lê Duẩn,,,,,,True,restaurant,,,,
node,6151202686,DANANG,Da Nang,Yaourt muối Cây Bàng,Ẩm thực & Cafe,16.0518187,108.234043,64 Phan Huy Chú,,,,,,True,restaurant,,,,
node,6152585585,DANANG,Da Nang,Sữa chua nếp cẩm Cô Phúc,Ẩm thực & Cafe,16.080151,108.218796,65 Lý Thường Kiệt,,,,,,True,restaurant,,,,
node,6152595285,DANANG,Da Nang,Xôi gà Bà Bé,Ẩm thực & Cafe,16.0695779,108.2172394,27 Ngô Gia Tự,Ẩm thực: breakfast. Giờ mở cửa: Mo-Su 06:00-10:00.,,,Mo-Su 06:00-10:00,breakfast,True,restaurant,,,,
node,6152597685,DANANG,Da Nang,Bánh mì chấm Pate,Ẩm thực & Cafe,16.0568993,108.2180885,26 Chu Văn An,Ẩm thực: breakfast. Giờ mở cửa: Mo-Su 06:00-10:00.,,,Mo-Su 06:00-10:00,breakfast,True,restaurant,,,,
node,6152603585,DANANG,Da Nang,Ốc bươu trộn Cô Hà,Ẩm thực & Cafe,16.0673375,108.2139836,348-352 Ông Ích Khiêm,Giờ mở cửa: Mo-Su 16:00-22:00.,,,Mo-Su 16:00-22:00,,True,restaurant,,,,
node,6152615685,DANANG,Da Nang,Cút lộn me Bà Lanh,Ẩm thực & Cafe,16.0684812,108.2174327,35 Ngô Gia Tự,Ẩm thực: diner.,,,,diner,True,restaurant,,,,
node,6152679485,DANANG,Da Nang,Quán Mậu - Bánh tráng thịt heo,Ẩm thực & Cafe,16.0248521,108.2100572,35 Đỗ Thúc Tịnh,,,,,,True,restaurant,,,,
node,6152681085,DANANG,Da Nang,Ram cuốn cải Dì Hoả,Ẩm thực & Cafe,16.0686844,108.2091895,K232/10 Lê Duẩn,Giờ mở cửa: Mo-Su 16:00-21:00.,,,Mo-Su 16:00-21:00,,True,restaurant,,,,
node,6152685685,DANANG,Da Nang,Bún Mắm Vân,Ẩm thực & Cafe,16.0667015,108.2168708,K23/14 Trần Kế Xương,Giờ mở cửa: Mo-Su 06:00-23:00.,,,Mo-Su 06:00-23:00,,True,restaurant,,,,
node,6152690985,DANANG,Da Nang,Goblin Coffee & Play Fashion,Ẩm thực & Cafe,16.0637608,108.2230417,18-20 Lê Hồng Phong,Giờ mở cửa: Mo-Su 07:00-22:00.,,,Mo-Su 07:00-22:00,,True,cafe,,,,
node,6161201219,DANANG,Da Nang,Dòng Sông Xanh,Ẩm thực & Cafe,16.0315871,108.2321115,,,,,,,True,cafe,,,,
node,6161201220,DANANG,Da Nang,Quán Bún Cô Nga,Ẩm thực & Cafe,16.0310999,108.232192,,,,,,,True,restaurant,,,,
node,6172518285,DANANG,Da Nang,RuNam,Ẩm thực & Cafe,16.0792034,108.2237153,,,,,,,True,restaurant,,,,
node,6172556485,DANANG,Da Nang,Yến nhi thailand 2,Mua sắm & Chợ,16.0556368,108.1695926,12 Nguyễn Huy Tưởng,Có Wifi.,0905222629,,,,False,,,,,
node,6257200887,DANANG,Da Nang,Quan Chay,Ẩm thực & Cafe,16.0713351,108.2168553,,,,,,,True,restaurant,,,,
node,6259384087,DANANG,Da Nang,Thung Mai Quan Chay,Ẩm thực & Cafe,16.0685129,108.2327489,,,,,,,True,restaurant,,,,
node,6297025485,DANANG,Da Nang,Taco Ngon,Ẩm thực & Cafe,16.0644993,108.2416156,,,,,,,True,restaurant,,,,
node,6303318585,DANANG,Da Nang,Local SeaFood Market&Restaurant,Ẩm thực & Cafe,16.1014736,108.2582066,,Ẩm thực: seafood.,,,,seafood,True,restaurant,,,,
node,6307339286,DANANG,Da Nang,Zari House,Khách sạn & Lưu trú,16.0416686,108.2465989,,Có Wifi.,,,,,True,homestay_guesthouse,,,,
node,6310334885,DANANG,Da Nang,Indochine Coffee & Food,Ẩm thực & Cafe,16.0653876,108.2445632,11 Hà Chương,Giờ mở cửa: Mo-Su 08:00-22:00.,,,Mo-Su 08:00-22:00,,True,cafe,,,,
node,6313525388,DANANG,Da Nang,bella boutique Villa,Khách sạn & Lưu trú,16.0777588,108.2444152,"29 Đỗ Thế Chấp, Phước Mỹ, Sơn Trà, Đà Nẵng",,,,,,False,,,,,
node,6317648886,DANANG,Da Nang,Com 30k,Ẩm thực & Cafe,15.9990512,108.267364,,,,,,,True,restaurant,,,,
node,6325568188,DANANG,Da Nang,Sushis,Ẩm thực & Cafe,16.078763,108.221659,,,,,,,True,restaurant,,,,
node,6330431498,DANANG,Da Nang,Hero Statue,Văn hóa & Nghệ thuật,16.0653638,108.2045114,,Hero Statue,,,,,False,,,,,
node,6332534540,DANANG,Da Nang,Elena,Khách sạn & Lưu trú,16.0488744,108.2483821,,,,,,,False,,,,,
node,6332534542,DANANG,Da Nang,Ruby Hotel,Khách sạn & Lưu trú,16.0491799,108.248285,,,,,,,False,,,,,
node,6332534544,DANANG,Da Nang,Sunrise Hotel,Khách sạn & Lưu trú,16.0496369,108.2481244,,,,,,,False,,,,,
node,6332534548,DANANG,Da Nang,Angel Hotels,Khách sạn & Lưu trú,16.0486026,108.2481857,,,,,,,False,,,,,
node,6341340536,DANANG,Da Nang,Bubble Tea,Ẩm thực & Cafe,16.075686,108.2290447,,,,,,,True,cafe,,,,
node,6346486685,DANANG,Da Nang,Cây đa đại thụ,Điểm tham quan & Cảnh quan,16.1226157,108.3316779,,,,,,,False,,,,,
node,6348009201,DANANG,Da Nang,Kong Cafe,Ẩm thực & Cafe,16.0695472,108.2015523,,,,,,,True,cafe,,,,
node,6348014013,DANANG,Da Nang,Madame Ngon,Ẩm thực & Cafe,16.0639338,108.2032153,,,,,,,True,restaurant,,,,
node,6355823385,DANANG,Da Nang,Son Tra Green Hotel,Khách sạn & Lưu trú,16.0881891,108.2444228,116 Đường Nguyễn Huy Chương,Có Wifi.,098223567,,,,False,,,,,
node,6357894213,DANANG,Da Nang,Chè Tâm Ý,Ẩm thực & Cafe,16.0660663,108.2201171,,,,,,,True,restaurant,,,,
node,6362798786,DANANG,Da Nang,589 Hoang Dieu,Ẩm thực & Cafe,16.0495204,108.2183669,,,,,,,True,restaurant,,,,
node,6370513486,DANANG,Da Nang,Quan Phuoc Thai - Hai san tuoi song tu chon,Ẩm thực & Cafe,16.080244,108.2433649,,Ẩm thực: seafood.,,,,seafood,True,restaurant,,,,
node,6378039485,DANANG,Da Nang,Markets,Ẩm thực & Cafe,16.0402369,108.2456682,29 Đường Lưu Quang Thuận,Ẩm thực: vietnamese. Giờ mở cửa: Mo-Su 10:00-22:00. Có Wifi.,00905001744,,Mo-Su 10:00-22:00,vietnamese,True,restaurant,,,,
node,6400809288,DANANG,Da Nang,markets’s b&b,Ẩm thực & Cafe,16.0402971,108.2457146,,,,,,,True,cafe,,,,
node,6410944785,DANANG,Da Nang,Đi Outdoor,Khách sạn & Lưu trú,16.0516883,108.2089317,16 Đường Nguyễn Hữu Thọ,Giờ mở cửa: Mo-Su 09:00-22:00. Có Wifi.,0979729140,https://dioutdoor.vn,Mo-Su 09:00-22:00,,False,,,,,
node,6429921485,DANANG,Da Nang,Quán Chay Thanh Tâm,Ẩm thực & Cafe,16.0710615,108.2169829,7 Ngô Gia Tự,Ẩm thực: vietnamese.,02363887224,,,vietnamese,True,restaurant,,,,
node,6466304585,DANANG,Da Nang,My Quang Ba Mua,Ẩm thực & Cafe,16.056524,108.2084118,,,,,,,True,restaurant,,,,
node,6469566385,DANANG,Da Nang,Banh xeo Co Ba,Ẩm thực & Cafe,16.0545392,108.2197591,,,,,,,True,restaurant,,,,
node,6479964400,DANANG,Da Nang,1986,Ẩm thực & Cafe,16.071764,108.2138701,,Ẩm thực: vietnamese.,,,,vietnamese,True,restaurant,,,,
node,6512888885,DANANG,Da Nang,Cementerio militar franco-español de Y Pha Nho,Di tích & Lịch sử,16.1223304,108.2200384,,,,,,,False,,,,,
node,6514131805,DANANG,Da Nang,Solar Hotel,Khách sạn & Lưu trú,16.0309898,108.2250188,Đường Trương Chí Cương,,,,,,False,,,,,
node,6517510885,DANANG,Da Nang,Cafe 36,Ẩm thực & Cafe,16.0283484,108.2217163,Số nhà 16 Đường Tiên Sơn 18,"Ẩm thực: coffee_shop, tea. Giờ mở cửa: Mo-Su 07:00-21:00. Có Wifi.",,,Mo-Su 07:00-21:00,"coffee_shop, tea",True,cafe,,,,
node,6518732280,DANANG,Da Nang,New Orient Hotel,Khách sạn & Lưu trú,16.0825866,108.2214313,20 Đường Đống Đa,,,,,,False,,,,,
node,6518899995,DANANG,Da Nang,Mì Quảng Đại Lộc,Ẩm thực & Cafe,16.0311438,108.225275,27 Đường Trương Chí Cương,,,,,,True,restaurant,,,,
node,6520610586,DANANG,Da Nang,Samdi Coffee,Ẩm thực & Cafe,16.0661595,108.1895469,,,,,,,True,cafe,,,,
node,6520986631,DANANG,Da Nang,Highlands Coffee,Ẩm thực & Cafe,16.0661312,108.2034083,46 Đường Điện Biên Phủ,"Ẩm thực: coffee_shop, vietnamese.",,,,"coffee_shop, vietnamese",False,,,,,
node,6520986632,DANANG,Da Nang,Starlight,Thể thao & Giải trí,16.0664264,108.203356,,,,,,,False,,,,,
node,6524320292,DANANG,Da Nang,Bún Bò - Mì Quảng,Ẩm thực & Cafe,16.0310787,108.2266436,,,,,,,True,restaurant,,,,
node,6525009326,DANANG,Da Nang,Tiần Lê,Ẩm thực & Cafe,16.020723,108.1978876,275 Đường Lê Đại Hành,,,,,,True,restaurant,,,,
node,6528451001,DANANG,Da Nang,Cây đa Đò Xu,Điểm tham quan & Cảnh quan,16.0276784,108.2218873,,,,,,,False,,,,,
node,6528451118,DANANG,Da Nang,Đà Thành,Ẩm thực & Cafe,16.0280716,108.2221797,,,,,,,True,cafe,,,,
node,6530479393,DANANG,Da Nang,New Life Hotel,Khách sạn & Lưu trú,16.0335638,108.2206857,Đường Trịnh Công Sơn,,,,,,False,,,,,
node,6544417146,DANANG,Da Nang,Thanh Nhung,Khách sạn & Lưu trú,16.0712142,108.2360048,"17 Đường Phạm Văn Đồng, Phường An Hải Bắc, Quận Sơn Trà, Danang",,,,,,False,,,,,
node,6544417147,DANANG,Da Nang,Lenid,Khách sạn & Lưu trú,16.0713438,108.2363631,"23 Đường Đinh Thị Hòa, Phường An Hải Bắc, Quận Sơn Trà, Danang",,,,,,False,,,,,
node,6544417152,DANANG,Da Nang,Tabii,Khách sạn & Lưu trú,16.0729945,108.2372723,"27 Đường An Đồn 4, Phường An Hải Bắc, Quận Sơn Trà, Danang",,,,,,False,,,,,
node,6544417154,DANANG,Da Nang,Luxtery,Khách sạn & Lưu trú,16.070692,108.2357923,"136 Đường Phạm Văn Đồng, Danang",,,,,,False,,,,,
node,6544417155,DANANG,Da Nang,Sunrise,Ẩm thực & Cafe,16.0706544,108.2359101,Đường Phạm Văn Đồng,,,,,,True,cafe,,,,
node,6544450819,DANANG,Da Nang,Herriott,Khách sạn & Lưu trú,16.0718093,108.238651,"7 Đường Lê Văn Quý, Danang",,,,,,False,,,,,
node,6544492198,DANANG,Da Nang,Mari Gold,Khách sạn & Lưu trú,16.0692957,108.2415842,"14 Đường Nguyễn Cao Luyện, Phường An Hải Bắc, Sơn Trà, Da Nang",,,,,,False,,,,,
node,6544495730,DANANG,Da Nang,Rosetta,Khách sạn & Lưu trú,16.0687168,108.2423129,"63 Đường Dương Đình Nghệ, Phường An Hải Bắc, Sơn Trà, Da Nang",,,,,,False,,,,,
node,6553580441,DANANG,Da Nang,Green Coffee,Ẩm thực & Cafe,16.0522267,108.2175603,283 Đường Trưng Nữ Vương,,,,,,True,cafe,,,,
node,6560957861,DANANG,Da Nang,Forest Coffee & Milk Tea,Ẩm thực & Cafe,16.0593795,108.2134806,Đường Nguyễn Hoàng,,,,,,True,cafe,,,,
node,6561782799,DANANG,Da Nang,ANs - Vegeterian Cuisine,Ẩm thực & Cafe,16.0549271,108.2203088,169F Đường Trưng Nữ Vương,delicious vegeterian restaurant,0763669995,https://nhahangchayans.com,,,True,restaurant,,,,
node,6563400562,DANANG,Da Nang,Coffee 279,Ẩm thực & Cafe,16.0524651,108.2177782,279 Đường Trưng Nữ Vương,,,,,,True,cafe,,,,
node,6563961976,DANANG,Da Nang,Highlands Coffee,Ẩm thực & Cafe,16.04628,108.2212369,Đường Núi Thành,"Ẩm thực: coffee_shop, vietnamese.",,,,"coffee_shop, vietnamese",False,,,,,
node,6570954851,DANANG,Da Nang,Molly's,Ẩm thực & Cafe,16.0655249,108.1936967,267 Đường Điện Biên Phủ,,,,,,True,cafe,,,,
node,6594176685,DANANG,Da Nang,Cơm Bà Thôi,Ẩm thực & Cafe,16.0613578,108.2227325,100 Đường Lê Đình Dương,Giờ mở cửa: 24/7.,05113825384,,24/7,,True,restaurant,,,,
node,6594185186,DANANG,Da Nang,Cơm bà thôi,Ẩm thực & Cafe,16.0613662,108.2227782,100 Lê Đình Dương,Giờ mở cửa: 24/7.,05113825384,,24/7,,True,restaurant,,,,
node,6617189371,DANANG,Da Nang,Thai Market,Ẩm thực & Cafe,16.0552391,108.2227388,"43 Đường Bình Minh 5, Đà Nẵng",Ẩm thực: thai. Có Wifi.,,,,thai,True,restaurant,,,,
node,6631591487,DANANG,Da Nang,BBQ Un In,Ẩm thực & Cafe,16.0661853,108.2296188,,,,,,,True,restaurant,,,,
node,6634490985,DANANG,Da Nang,Co.opMart,Mua sắm & Chợ,16.0944744,108.2427257,,,,,,,False,,,,,
node,6643623494,DANANG,Da Nang,D&C Hotel,Khách sạn & Lưu trú,16.0661345,108.2310854,,,,,,,False,,,,,
node,6652587509,DANANG,Da Nang,GoGi House,Ẩm thực & Cafe,16.0608788,108.2220207,,Ẩm thực: korean.,,,,korean,True,restaurant,,,,
node,6652587510,DANANG,Da Nang,Kichi-Kichi,Ẩm thực & Cafe,16.0608787,108.2219409,,Ẩm thực: japanese.,,,,japanese,True,restaurant,,,,
node,6654699997,DANANG,Da Nang,Nha Chung Homestay,Khách sạn & Lưu trú,16.0638036,108.2385305,Kiệt 81 Lương Thế Vinh,,,,,,True,homestay_guesthouse,,,,
node,6678249499,DANANG,Da Nang,Pureza,Ẩm thực & Cafe,16.0649939,108.2335163,905B Ngô Quyền,,,,,,True,cafe,,,,
node,6679881359,DANANG,Da Nang,Cherry Coffee,Ẩm thực & Cafe,16.0632448,108.2352911,,,,,,,True,cafe,,,,
node,6681015018,DANANG,Da Nang,Mr. Banh Mi,Ẩm thực & Cafe,16.0661512,108.2228161,37 Trần Quốc Toản,Ẩm thực: sandwich.,0916856910,,,sandwich,True,restaurant,,,,
node,6698271427,DANANG,Da Nang,Waikiki Hotel,Khách sạn & Lưu trú,16.0730869,108.2012776,,,,,,,False,,,,,
node,6698271431,DANANG,Da Nang,Highlands Coffee,Ẩm thực & Cafe,16.0666078,108.2103487,,"Ẩm thực: coffee_shop, vietnamese.",,,,"coffee_shop, vietnamese",False,,,,,
node,6698378750,DANANG,Da Nang,Star Cafe,Ẩm thực & Cafe,16.0530221,108.2026134,,,,,,,True,cafe,,,,
node,6698378752,DANANG,Da Nang,Highlands Coffee,Ẩm thực & Cafe,16.0536062,108.2023623,,"Ẩm thực: coffee_shop, vietnamese. Có Wifi.",,,,"coffee_shop, vietnamese",False,,,,,
node,6712140863,DANANG,Da Nang,Hilary Hotel,Khách sạn & Lưu trú,16.0733588,108.2429392,"128 Hồ Nghinh, Phước Mỹ, Sơn Trà, Đà Nẵng",Có Wifi. Tiêu chuẩn: 1 sao.,02363928268,,,,False,,,,,
node,6772235387,DANANG,Da Nang,Al Fresco's Café & Grill,Ẩm thực & Cafe,16.0640289,108.2233802,210 Đường Trần Phú,"Ẩm thực: pizza, bbq. Có Wifi.",,https://www.alfrescos.com.vn/,,"pizza, bbq",True,restaurant,,,,
node,6786458285,DANANG,Da Nang,Limocello,Ẩm thực & Cafe,16.0659513,108.2238068,,Có Wifi.,,,,,True,restaurant,,,,
node,6797860085,DANANG,Da Nang,GIOANG,Khách sạn & Lưu trú,16.0754888,108.2103505,Đường Bắc Đẩu,,,,,,False,,,,,
node,6801109899,DANANG,Da Nang,AnhTUẤN,Khách sạn & Lưu trú,16.0768733,108.2206099,57 Đường Nguyễn Chí Thanh,Có Wifi.,0905499543,,,,False,,,,,
node,7296009586,DANANG,Da Nang,HÙNGđn,Khách sạn & Lưu trú,16.0705085,108.2133449,Ông Ích Khiêm,Có Wifi.,,,,,False,,,,,
node,6801113785,DANANG,Da Nang,GIOANG,Khách sạn & Lưu trú,16.0756899,108.2101253,Đường Bắc Đẩu,Có Wifi.,0914177772,,,,False,,,,,
node,6804757885,DANANG,Da Nang,Art for Life coffe,Ẩm thực & Cafe,16.0358122,108.223819,468 Đường 2 Tháng 9,"Ẩm thực: tea, coffee_shop, ice_cream. Có Wifi.",,,,"tea, coffee_shop, ice_cream",True,cafe,,,,
node,6842451685,DANANG,Da Nang,HÙNGdn,Khách sạn & Lưu trú,16.0705741,108.2133491,Đường Ông Ích Khiêm,,,,,,False,,,,,
node,6860578686,DANANG,Da Nang,Cafe Long,Ẩm thực & Cafe,16.0328873,108.2221857,,,,,,,True,cafe,,,,
node,6860614485,DANANG,Da Nang,Chung cư Vicoland,Khách sạn & Lưu trú,16.0443346,108.2176027,,,,,,,False,,,,,
node,6882096586,DANANG,Da Nang,Pho Trang,Ẩm thực & Cafe,16.0672803,108.2397923,,Ẩm thực: vietnamese. Giờ mở cửa: Mo-Su 10:00-22:00. Có Wifi.,,,Mo-Su 10:00-22:00,vietnamese,True,restaurant,,,,
node,6911218676,DANANG,Da Nang,NEM NƯỚNG THANH HÀ,Ẩm thực & Cafe,16.0675559,108.1964679,"K96/146 Kiệt 96 Điện Biên Phủ, Thanh Khê Đông, Thanh Khê, Đà Nẵng",Giờ mở cửa: Mo-Su 10:00-22:00. Có Wifi.,090281196,,Mo-Su 10:00-22:00,,True,restaurant,,,,
node,6975273686,DANANG,Da Nang,saint-Honore,Ẩm thực & Cafe,16.0633787,108.2233992,,,,,,,True,restaurant,,,,
node,6975514285,DANANG,Da Nang,Doll coffee,Ẩm thực & Cafe,16.0549519,108.241287,k1/151 Đường Nguyễn Văn Thoại,Giờ mở cửa: 24/7. Có Wifi.,,,24/7,,True,cafe,,,,
node,6976178456,DANANG,Da Nang,Dreams Hotel,Khách sạn & Lưu trú,16.0420845,108.248275,,,,,,,False,,,,,
node,6984061285,DANANG,Da Nang,Bikini Bottom Express,Ẩm thực & Cafe,16.0486661,108.2475717,"45-47 An Thuong 2, Mỹ An, Ngũ Hành Sơn, Đà Nẵng","Ẩm thực: breakfast, coffee_shop, american, burger. Giờ mở cửa: mo-su 08:00-22:45.",0934916911,https://bikinibottomexpress.com/,mo-su 08:00-22:45,"breakfast, coffee_shop, american, burger",True,restaurant,,,,
node,7005484185,DANANG,Da Nang,nhà riêng,Khách sạn & Lưu trú,16.0475207,108.1769956,,Có Wifi.,,,,,False,,,,,
node,7020359049,DANANG,Da Nang,Nhóp Nhép Lẩu Nướng,Ẩm thực & Cafe,16.0722538,108.2178675,"45 Đường Hải Phòng, Thạch Thang, Hải Châu, Đà Nẵng",Ẩm thực: asian. Giờ mở cửa: Mo-Su 16:30-23:30.,0379011111,,Mo-Su 16:30-23:30,asian,True,restaurant,,,,
node,7027674785,DANANG,Da Nang,Danang Tower Steakhouse,Ẩm thực & Cafe,16.0709643,108.2292556,Đường Trần Hưng Đạo,Ẩm thực: steak_house. Giờ mở cửa: Mo-Su 11:00-24:00.,0896623737,,Mo-Su 11:00-24:00,steak_house,True,restaurant,,,,
node,7027674985,DANANG,Da Nang,Muoi Bien,Ẩm thực & Cafe,16.0477833,108.2497818,,"Ẩm thực: vietnamese, seafood.",,,,"vietnamese, seafood",True,restaurant,,,,
node,7064981285,DANANG,Da Nang,Mộc Quán,Ẩm thực & Cafe,16.0639457,108.2414873,26 Đường Tô Hiến Thành,Ẩm thực: seafood.,0905665058,,,seafood,True,restaurant,,,,
node,7076705485,DANANG,Da Nang,Mia food&drink,Ẩm thực & Cafe,16.0508053,108.2454567,159-161 Lê Quang Đạo,,,,,,True,cafe,,,,
node,7076707520,DANANG,Da Nang,Noodle shop,Ẩm thực & Cafe,16.0626988,108.2229473,,,,,,,True,restaurant,,,,
node,7076714787,DANANG,Da Nang,The Coffee House,Ẩm thực & Cafe,16.0643005,108.2301121,,"Ẩm thực: coffee_shop, vietnamese.",,,,"coffee_shop, vietnamese",False,,,,,
node,7079687848,DANANG,Da Nang,FC Hotel & Coffee,Khách sạn & Lưu trú,16.0697171,108.2241967,,,,,,,False,,,,,
node,7081635538,DANANG,Da Nang,The Cups Coffee,Ẩm thực & Cafe,16.0701848,108.2135582,,,,,,,True,cafe,,,,
node,7082209711,DANANG,Da Nang,Bread of Life,Ẩm thực & Cafe,16.082686,108.2218642,,,,,,,True,restaurant,,,,
node,7082243339,DANANG,Da Nang,Work Cafe,Ẩm thực & Cafe,16.0774946,108.2164624,,,,,,,True,cafe,,,,
node,7082258884,DANANG,Da Nang,Com Tam Tram,Ẩm thực & Cafe,16.0773948,108.216388,,Ẩm thực: vietnamese.,,,,vietnamese,True,restaurant,,,,
node,7082259608,DANANG,Da Nang,King Gaming Center,Ẩm thực & Cafe,16.0811255,108.2188865,,,,,,,False,,,,,
node,7083733985,DANANG,Da Nang,DMZ Bar,Ẩm thực & Cafe,16.0665591,108.2431007,,Có Wifi.,,,,,True,restaurant,,,,
node,7085739056,DANANG,Da Nang,Cong Hua Xa,Mua sắm & Chợ,16.0558591,108.2393895,,,,,,,True,traditional_market,,,,
node,7085762965,DANANG,Da Nang,Highlands Coffee,Ẩm thực & Cafe,16.0542619,108.2391991,,"Ẩm thực: coffee_shop, vietnamese.",,,,"coffee_shop, vietnamese",False,,,,,
node,7088117187,DANANG,Da Nang,Cây Sung,Ẩm thực & Cafe,16.0730509,108.2448801,,Ẩm thực: fish.,,,,fish,True,restaurant,,,,
node,7089176543,DANANG,Da Nang,Pho Bo,Ẩm thực & Cafe,16.0708169,108.2212597,,they give good slices of meat,,,,,True,restaurant,,,,
node,7089181781,DANANG,Da Nang,Van Son,Ẩm thực & Cafe,16.0674784,108.2331205,,,,,,,False,,,,,
node,7089184180,DANANG,Da Nang,Bin,Ẩm thực & Cafe,16.0702305,108.2229622,,,,,,,True,restaurant,,,,
node,7089218624,DANANG,Da Nang,Thuy Tien Coffee,Ẩm thực & Cafe,16.0635852,108.235348,,,,,,,True,cafe,,,,
node,7089229992,DANANG,Da Nang,Arcadia Coffee,Ẩm thực & Cafe,16.0533252,108.2393791,,,,,,,True,cafe,,,,
node,7090665544,DANANG,Da Nang,Mưa Coffee,Ẩm thực & Cafe,16.052533,108.2397481,28 Đường Châu Thị Vĩnh Tế,"Ẩm thực: coffee_shop, vietnamese. Giờ mở cửa: Mo-Su 07:30-22:00. Có Wifi.",0346810068,,Mo-Su 07:30-22:00,"coffee_shop, vietnamese",True,cafe,,,,
node,7090678884,DANANG,Da Nang,Han Coffee,Ẩm thực & Cafe,16.062648,108.2304129,,,,,,,True,cafe,,,,
node,7090693027,DANANG,Da Nang,Hanh,Ẩm thực & Cafe,16.0518906,108.2348554,,,,,,,True,restaurant,,,,
node,7090694066,DANANG,Da Nang,Himalaya Yoga Studio,Thể thao & Giải trí,16.0580292,108.2356834,,,,,,,False,,,,,
node,7090695981,DANANG,Da Nang,Hosttin,Ẩm thực & Cafe,16.0497481,108.2400721,,,,,,,True,cafe,,,,
node,7090699270,DANANG,Da Nang,My Home Coffee,Ẩm thực & Cafe,16.0552175,108.2324928,,,,,,,True,cafe,,,,
node,7095153583,DANANG,Da Nang,Da Nang Visitor Centre,Dịch vụ du lịch,16.0684794,108.2248261,,,,,,,False,,,,,
node,7095169367,DANANG,Da Nang,Art Gallery,Văn hóa & Nghệ thuật,16.0857203,108.2194277,,,,,,,False,,,,,
node,7095169369,DANANG,Da Nang,Non La,Mua sắm & Chợ,16.0857055,108.2194606,,,,,,,True,craft_gift_shop,,,,
node,7095169371,DANANG,Da Nang,Monza Coffee,Ẩm thực & Cafe,16.0856147,108.2197348,,,,,,,True,cafe,,,,
node,7095169373,DANANG,Da Nang,Coffee House,Ẩm thực & Cafe,16.0856892,108.2194966,,,,,,,True,cafe,,,,
node,7095169374,DANANG,Da Nang,Night Sky Hotel,Khách sạn & Lưu trú,16.0886808,108.2195747,,,,,,,False,,,,,
node,7095169375,DANANG,Da Nang,Coffee 0609,Ẩm thực & Cafe,16.0859463,108.2196909,,,,,,,True,cafe,,,,
node,7095169377,DANANG,Da Nang,Kimura Coffee,Ẩm thực & Cafe,16.0863514,108.2198364,,,,,,,True,cafe,,,,
node,7095169378,DANANG,Da Nang,Bánh canh Cá Nướng Tư Lên,Ẩm thực & Cafe,16.0858442,108.2191537,,,,,,,True,restaurant,,,,
node,7095169379,DANANG,Da Nang,Xôi Anh,Ẩm thực & Cafe,16.0871828,108.219952,,,,,,,True,restaurant,,,,
node,7095169381,DANANG,Da Nang,Thái Bình,Khách sạn & Lưu trú,16.0876027,108.2201148,,,,,,,False,,,,,
node,7095169382,DANANG,Da Nang,Com Ga Quay Thanh Nhan,Ẩm thực & Cafe,16.0857533,108.2193548,,,,,,,True,restaurant,,,,
node,7095259586,DANANG,Da Nang,Rau Câu Dừa,Ẩm thực & Cafe,16.0681373,108.2248091,,,,,,,True,cafe,,,,
node,7095259597,DANANG,Da Nang,Phở 29,Ẩm thực & Cafe,16.0687033,108.2246727,,,,,,,True,restaurant,,,,
node,7095259603,DANANG,Da Nang,Cafe 122,Ẩm thực & Cafe,16.0679377,108.2248012,,,,,,,True,cafe,,,,
node,7095259611,DANANG,Da Nang,Quán Cây Đa,Ẩm thực & Cafe,16.0679888,108.2248032,,,,,,,True,cafe,,,,
node,7095259615,DANANG,Da Nang,Phở,Ẩm thực & Cafe,16.0687062,108.2247301,,,,,,,True,restaurant,,,,
node,7095259622,DANANG,Da Nang,Kon Cofi,Ẩm thực & Cafe,16.0691755,108.2249391,,,,,,,True,cafe,,,,
node,7095281753,DANANG,Da Nang,Hai Cử,Ẩm thực & Cafe,16.0657491,108.2225793,,,,,,,True,restaurant,,,,
node,7095281754,DANANG,Da Nang,Đại Á,Khách sạn & Lưu trú,16.065957,108.2226034,,,,,,,False,,,,,
node,7095281755,DANANG,Da Nang,El Gaucho,Ẩm thực & Cafe,16.0700598,108.2243522,,,,,,,True,restaurant,,,,
node,7096082208,DANANG,Da Nang,Nhà Rốt,Ẩm thực & Cafe,16.0641091,108.2187615,91 Đường Lê Hồng Phong,,,,,,True,cafe,,,,
node,7097051823,DANANG,Da Nang,NOS House Coffee,Ẩm thực & Cafe,16.0557846,108.232412,,,,,,,True,cafe,,,,
node,7097152795,DANANG,Da Nang,Xuan Truc Aerobic Yoga,Thể thao & Giải trí,16.0518759,108.2375173,,,,,,,False,,,,,
node,7103226687,DANANG,Da Nang,Châu Á Mart,Mua sắm & Chợ,16.0690149,108.2238657,,,,,,,False,,,,,
node,7103226688,DANANG,Da Nang,I Love Bánh Mì,Ẩm thực & Cafe,16.0690732,108.2238654,,Ẩm thực: vietnamese.,,,,vietnamese,True,restaurant,,,,
node,7103226690,DANANG,Da Nang,Ocean Flower,Khách sạn & Lưu trú,16.0692472,108.2238806,,,,,,,False,,,,,
node,7103226692,DANANG,Da Nang,Aroma Italian Oven,Ẩm thực & Cafe,16.0695261,108.223928,,Ẩm thực: italian.,,,,italian,True,restaurant,,,,
node,7103226698,DANANG,Da Nang,Café 76,Ẩm thực & Cafe,16.0699484,108.2239003,,,,,,,True,cafe,,,,
node,7103226699,DANANG,Da Nang,Pizza M,Ẩm thực & Cafe,16.0700128,108.2239728,,Ẩm thực: pizza.,,,,pizza,True,restaurant,,,,
node,7103226711,DANANG,Da Nang,Tulip Hotel,Khách sạn & Lưu trú,16.0706895,108.2238849,58 Trần Phú,,,,,,False,,,,,
node,7105366874,DANANG,Da Nang,Đông Thu Luxury,Ẩm thực & Cafe,16.0686854,108.2236189,,,,,,,True,restaurant,,,,
node,7105401487,DANANG,Da Nang,Bún Xương,Ẩm thực & Cafe,16.0696516,108.2241708,,,,,,,True,restaurant,,,,
node,7105401498,DANANG,Da Nang,Bương Nam Binh Gia,Ẩm thực & Cafe,16.0690624,108.2240693,,,,,,,True,restaurant,,,,
node,7105401501,DANANG,Da Nang,Côba Bánh Mỳ,Ẩm thực & Cafe,16.0689738,108.2240598,,Ẩm thực: vietnamese.,,,,vietnamese,True,restaurant,,,,
node,7105401509,DANANG,Da Nang,Evelyn Coffee Bar,Ẩm thực & Cafe,16.0687734,108.2240712,,,,,,,True,cafe,,,,
node,7105401510,DANANG,Da Nang,Evelyn Hotel,Khách sạn & Lưu trú,16.0687296,108.2240722,,,,,,,False,,,,,
node,7108269050,DANANG,Da Nang,Tacos Danang,Ẩm thực & Cafe,16.0538341,108.2404975,72/17 Nguyễn Văn Thoại,Ẩm thực: mexican.,,https://facebook.com/TacosDanang/,,mexican,True,restaurant,,,,
node,7108357495,DANANG,Da Nang,Lullaby,Khách sạn & Lưu trú,16.0522853,108.2395573,,,,,,,False,,,,,
node,7116041302,DANANG,Da Nang,Fivitel Boutique da nang,Khách sạn & Lưu trú,16.0643682,108.2206297,202,,,,,,False,,,,,
node,7118928274,DANANG,Da Nang,Fatfish,Ẩm thực & Cafe,16.0647868,108.2299995,439,,,,,,True,restaurant,,,,
node,7138469785,DANANG,Da Nang,Highlands Coffee,Ẩm thực & Cafe,16.0617279,108.2234726,,"Ẩm thực: coffee_shop, vietnamese.",,,,"coffee_shop, vietnamese",False,,,,,
node,7138650085,DANANG,Da Nang,Ador Coffee,Ẩm thực & Cafe,16.0539772,108.2208251,,,,,,,True,cafe,,,,
node,7141021585,DANANG,Da Nang,Nam Danh,Ẩm thực & Cafe,16.102266,108.2534494,"139/59/38 10 Tran Quang Khai, Tho Quang","Ẩm thực: seafood, vietnamese. Có Wifi.",,,,"seafood, vietnamese",True,restaurant,,,,
node,7141021685,DANANG,Da Nang,Namaste Omar's Indian Restaurant,Ẩm thực & Cafe,16.0649353,108.2238688,06 Đường Thái Phiên,Ẩm thực: indian. Có Wifi.,0917411169,https://www.namasteomar.com/,,indian,True,restaurant,,,,
node,7143487885,DANANG,Da Nang,139nguyễn đucedm,Khách sạn & Lưu trú,16.062815,108.2101633,139 Nguyễn đức chung,Có Wifi.,,,,,True,homestay_guesthouse,,,,
node,7148361385,DANANG,Da Nang,ADOD-Coffee & Bottle,Ẩm thực & Cafe,16.0515033,108.2208441,,,,,,,True,cafe,,,,
node,7202746885,DANANG,Da Nang,Tata House,Khách sạn & Lưu trú,16.052034,108.2428026,Đường An Thượng 29,,,,,,False,,,,,
node,7210857787,DANANG,Da Nang,My Quang Bà Mua,Ẩm thực & Cafe,16.055773,108.2436587,195/2 Đường Nguyễn Văn Thoại,Ẩm thực: vietnamese.,0965159159,https://myquangbamua.com.vn/,,vietnamese,True,restaurant,,,,
node,7215657985,DANANG,Da Nang,Miss Nhi,Ẩm thực & Cafe,16.0511722,108.2457346,,Ẩm thực: vietnamese. Có Wifi.,,,,vietnamese,True,restaurant,,,,
node,7222014985,DANANG,Da Nang,Nha Hang Mr.Anh,Ẩm thực & Cafe,16.0677685,108.2137837,,Ẩm thực: vietnamese.,,,,vietnamese,True,restaurant,,,,
node,7244106587,DANANG,Da Nang,"Lady selling Banh Canh Ga for 20,000 Dong",Ẩm thực & Cafe,16.0660534,108.2090852,,,,,,,True,restaurant,,,,
node,7253450586,DANANG,Da Nang,Red window food and cafe,Ẩm thực & Cafe,16.0577425,108.2456116,46 Đường Mỹ Khê 4,Giờ mở cửa: Mo-Su 07:00-22:30.,,,Mo-Su 07:00-22:30,,True,restaurant,,,,
node,7253521885,DANANG,Da Nang,Den long,Ẩm thực & Cafe,16.0798246,108.2183286,71 Đường Lý Thường Kiệt,"Ẩm thực: vietnamese. Giờ mở cửa: Mo-Su 11:30-14:45, 17:30-21:30.",,,"Mo-Su 11:30-14:45, 17:30-21:30",vietnamese,True,cafe,,,,
node,7253556386,DANANG,Da Nang,Golden dragon,Ẩm thực & Cafe,16.0483659,108.2268229,Đường Đảo Xanh 1,"Giờ mở cửa: Mo-Su 11:30-14:00, 18:00-21:30.",,,"Mo-Su 11:30-14:00, 18:00-21:30",,True,restaurant,,,,
node,7253559186,DANANG,Da Nang,Cape Nao Beach Club,Ẩm thực & Cafe,15.9996189,108.2711653,19 Đường Trường Sa,Giờ mở cửa: Mo-Su 11:00-23:00.,,,Mo-Su 11:00-23:00,,True,restaurant,,,,
node,7253593585,DANANG,Da Nang,Panorama,Ẩm thực & Cafe,16.0547604,108.24349,120а Đường Nguyễn Văn Thoại,Ẩm thực: korean. Giờ mở cửa: Mo-Su 11:30-23:00.,,,Mo-Su 11:30-23:00,korean,True,restaurant,,,,
node,7262851085,DANANG,Da Nang,BACAMA,Ẩm thực & Cafe,16.0680586,108.2044481,Kiệt 322 Đường Hải Phòng,"Ẩm thực: tea, coffee_shop.",,,,"tea, coffee_shop",True,cafe,,,,
node,7265347998,DANANG,Da Nang,Trạm Bơm Cafe,Ẩm thực & Cafe,16.0574473,108.235798,"1083 Đường Ngô Quyền, An Hải Đông, Sơn Trà, Đà Nẵng","Ẩm thực: coffee_shop, vietnamese, cafe, drinks. Giờ mở cửa: Mo-Su 06:00-22:00. Có Wifi. Chỗ ngồi ngoài trời.",,,Mo-Su 06:00-22:00,"coffee_shop, vietnamese, cafe, drinks",True,cafe,,,,
node,7271270243,DANANG,Da Nang,Bodhicitta,Ẩm thực & Cafe,16.0527091,108.238828,"23b K18 Nguyen Van Thoai, Đà Nẵng",Best Vegan Restaurant in town (3/20) Check FB for daily menu. | Giờ mở cửa: Mo-Su 09:00-17:00.,0901140049,,Mo-Su 09:00-17:00,,True,restaurant,,,,
node,7276380289,DANANG,Da Nang,Cầu Sông Hàn,Điểm tham quan & Cảnh quan,16.0721398,108.2268106,,,,,,,False,,,,,
node,7281943185,DANANG,Da Nang,Trung Hoa,Ẩm thực & Cafe,16.001168,108.2641009,Kiệt 128 Huyền Trần Công Chúa,Có Wifi.,,,,,True,cafe,,,,
node,7281943485,DANANG,Da Nang,Tiêm Cafè,Ẩm thực & Cafe,16.059008,108.2349241,Đường Hà Thị Thân,Có Wifi.,,,,,True,cafe,,,,
node,7282442185,DANANG,Da Nang,Cafe Anh,Ẩm thực & Cafe,16.0197996,108.2264724,138 Đường Lê Quảng Chí,Có Wifi.,,,,,True,cafe,,,,
node,7284065585,DANANG,Da Nang,High quality Pho,Ẩm thực & Cafe,16.0607278,108.2343928,Đường Ngô Quyền,"Ẩm thực: vietnamese. Giờ mở cửa: Mo-Su 05:30-12:30,16:30-00:30. Có Wifi.",0869898998,,"Mo-Su 05:30-12:30,16:30-00:30",vietnamese,True,restaurant,,,,
node,7287589653,DANANG,Da Nang,Son Tra Ocean View Cafe,Ẩm thực & Cafe,16.0970047,108.2458775,"95 Đường Ngô Quyền, Thọ Quang, Sơn Trà, Đà Nẵng",Ẩm thực: regional. Giờ mở cửa: 24/7. Chỗ ngồi ngoài trời.,,,24/7,regional,True,cafe,,,,
node,7298660639,DANANG,Da Nang,Bò Né 3 Ngon,Ẩm thực & Cafe,16.0545829,108.2366958,,,00888333774,,,,True,restaurant,,,,
node,7300993486,DANANG,Da Nang,HÙNGđn,Khách sạn & Lưu trú,16.0704863,108.2133763,Ông Ích Khiêm,,,,,,False,,,,,
node,7301996085,DANANG,Da Nang,Chợ đêm Helio,Điểm tham quan & Cảnh quan,16.0370944,108.2248186,Đường 2 Tháng 9,,,,,,False,,,,,
node,7370362779,DANANG,Da Nang,"Cơm trưa, lẫu nướng Rammus",Ẩm thực & Cafe,16.0574296,108.2115285,"73 Đường Lê Đình Lý, Vĩnh Trung, Thanh Khê, Đà Nẵng","Ẩm thực: vietnamese, grill, hotpot. Giờ mở cửa: Mo-Su 09:00-23:00.",0905002304,,Mo-Su 09:00-23:00,"vietnamese, grill, hotpot",True,restaurant,,,,
node,7417163291,DANANG,Da Nang,Cơm gà Hồng Ngọc,Ẩm thực & Cafe,16.0696363,108.2211827,,Có Wifi.,,,,,True,restaurant,,,,
node,7417168685,DANANG,Da Nang,bánh mì cô Thông,Ẩm thực & Cafe,16.0659118,108.2017595,,,,,,,True,restaurant,,,,
node,7418417986,DANANG,Da Nang,Ngon Hà Nội Quán,Ẩm thực & Cafe,16.0806421,108.2186063,,,0812466666,,,,True,restaurant,,,,
node,7477670190,DANANG,Da Nang,노니판매점,Mua sắm & Chợ,16.0894666,108.2394816,,,,,,,True,craft_gift_shop,,,,
node,7477670191,DANANG,Da Nang,Gio coffee,Mua sắm & Chợ,16.0692623,108.2376088,,,,,,,True,craft_gift_shop,,,,
node,7518538886,DANANG,Da Nang,Street food corner,Ẩm thực & Cafe,16.0674098,108.2210728,Đường Phạm Hồng Thái,,,,,,True,restaurant,,,,
node,7705143488,DANANG,Da Nang,IT Ca phe,Ẩm thực & Cafe,16.0013713,108.2137212,Đường Lỗ Giáng 5,Giờ mở cửa: 24/7. Có Wifi.,,,24/7,,True,cafe,,,,
node,7705143785,DANANG,Da Nang,HT ca phe,Ẩm thực & Cafe,16.0329206,108.2173323,12 Đường Hoàng Xuân Nhị,Ẩm thực: american. Giờ mở cửa: 24/7. Có Wifi.,123456789,http://Loren.com,24/7,american,True,cafe,,,,
node,7705143786,DANANG,Da Nang,BT ca phe,Ẩm thực & Cafe,16.0325524,108.2173479,12 Đường Phạm Trọng Tuệ,Giờ mở cửa: 24/7. Có Wifi.,,,24/7,,True,cafe,,,,
node,7705143787,DANANG,Da Nang,CT ca phe,Ẩm thực & Cafe,16.0331092,108.2186139,,Giờ mở cửa: 24/7. Có Wifi.,,,24/7,,True,cafe,,,,
node,7705143788,DANANG,Da Nang,DT ca phe,Ẩm thực & Cafe,16.0334108,108.2185254,,Giờ mở cửa: 24/7.,,,24/7,,True,cafe,,,,
node,7705143789,DANANG,Da Nang,KT ca phe,Ẩm thực & Cafe,15.9997908,108.2127556,Đường Lỗ Giáng 11,,,,,,True,cafe,,,,
node,7705143985,DANANG,Da Nang,IT ca phe,Ẩm thực & Cafe,16.0004347,108.2148832,,Giờ mở cửa: 24/7. Có Wifi.,,,24/7,,True,cafe,,,,
node,7705144085,DANANG,Da Nang,JT ca phe,Ẩm thực & Cafe,16.0007887,108.2131392,Đường Văn Tiến Dũng,Giờ mở cửa: 24/7. Có Wifi.,,,24/7,,True,cafe,,,,
node,7712584625,DANANG,Da Nang,The Code,Khách sạn & Lưu trú,16.0952888,108.251941,,,,,,,False,,,,,
node,8234362986,DANANG,Da Nang,Cà phê 102,Ẩm thực & Cafe,16.0831894,108.2455981,,,,,,,True,cafe,,,,
node,8234373233,DANANG,Da Nang,Quán Lâm Béo,Ẩm thực & Cafe,16.0826449,108.2444192,,,,,,,True,restaurant,,,,
node,8446244502,DANANG,Da Nang,My Little Pig Homestay,Khách sạn & Lưu trú,16.0704986,108.233022,"04 Đường An Nhơn 1, An Hải Bắc, Sơn Trà, Đà Nẵng",Có Wifi.,,,,,True,homestay_guesthouse,,,,
node,8474743417,DANANG,Da Nang,Bảo tàng Phật giáo,Văn hóa & Nghệ thuật,15.9994308,108.2545831,Đường Sựvăn Hanh,Giờ mở cửa: Mo-Su 09:00-17:00.,,,Mo-Su 09:00-17:00,,False,,,,,
node,8474743517,DANANG,Da Nang,Ăn sáng 15k chị Út Cúc,Ẩm thực & Cafe,16.0654168,108.2085681,24 K69 Lý Thái tổ,"Ẩm thực: breakfast, coffee_shop, noodles, ramen, tea. Giờ mở cửa: Mo-Su 06:20-09:15.",,,Mo-Su 06:20-09:15,"breakfast, coffee_shop, noodles, ramen, tea",True,restaurant,,,,
node,8616526719,DANANG,Da Nang,Cà phê chim  K69 chị Yến,Ẩm thực & Cafe,16.0656191,108.2085147,K69/16 Đường Lý Thái Tổ,"Ẩm thực: coffee_shop, tea. Giờ mở cửa: Mo-Su 06:00-20:00. Có Wifi.",,,Mo-Su 06:00-20:00,"coffee_shop, tea",True,cafe,,,,
node,8616536517,DANANG,Da Nang,Điểm tâm chị Út,Ẩm thực & Cafe,16.0653562,108.2085727,k69/24 Đường Lý Thái Tổ,"Ẩm thực: breakfast, noodles, tea, vietnamese. Giờ mở cửa: Mo-Su 06:15-09:45. Có Wifi.",,,Mo-Su 06:15-09:45,"breakfast, noodles, tea, vietnamese",True,restaurant,,,,
node,8616536518,DANANG,Da Nang,Indochine Box cà phê,Ẩm thực & Cafe,16.075972,108.2240808,40 Bạch Đằng,Ẩm thực: coffee_shop. Có Wifi.,,,,coffee_shop,True,cafe,,,,
node,8616537318,DANANG,Da Nang,Cà phê 27,Ẩm thực & Cafe,16.0649681,108.2027737,Đường Nguyễn Tri Phương,Ẩm thực: coffee_shop. Giờ mở cửa: Mo-Su 06:30-22:30. Có Wifi.,,,Mo-Su 06:30-22:30,coffee_shop,True,cafe,,,,
node,8616537417,DANANG,Da Nang,1981 Coffee & Tea,Ẩm thực & Cafe,16.0591471,108.2057089,192 Đường Nguyễn Tri Phương,Ẩm thực: coffee_shop.,,,,coffee_shop,True,cafe,,,,
node,8624261430,DANANG,Da Nang,cá sấu nướng Đà Thành 2,Ẩm thực & Cafe,16.0346103,108.2437554,"29 Đường Doãn Uẩn, Khuê Mỹ, Ngũ Hành Sơn, Đà Nẵng",Ẩm thực: vietnamese. Giờ mở cửa: Mo-Su 09:00-20:00.,0906058087,,Mo-Su 09:00-20:00,vietnamese,True,restaurant,,,,
node,8926531321,DANANG,Da Nang,Tiệm Ăn,Ẩm thực & Cafe,16.0762861,108.231271,,,,,,,True,cafe,,,,
node,9243903065,DANANG,Da Nang,Aria Đà Nẵng,Khách sạn & Lưu trú,15.9896594,108.2723335,"02 Đường Trường Sa, Hoà Hải, Ngũ Hành Sơn, Đà Nẵng",Có Wifi.,0902860111,https://www.facebook.com/CanhobietthucaocapAriaDaNang,,,False,,,,,
node,9391370817,DANANG,Da Nang,Quan Ngon Bo Ne,Ẩm thực & Cafe,16.0742052,108.2144372,,,,,,,True,cafe,,,,
node,9655304117,DANANG,Da Nang,Café Cố Quận,Ẩm thực & Cafe,16.0672941,108.2342965,127 Đường Nguyễn Công Trứ,,0905622001,,,,True,cafe,,,,
node,9921282483,DANANG,Da Nang,Viet Nam's Delights,Mua sắm & Chợ,16.0529199,108.2024664,,,,,,,True,craft_gift_shop,,,,
node,9921286578,DANANG,Da Nang,Việt Nam Bốn Mùa Hoa Trái,Ẩm thực & Cafe,16.0527645,108.2024897,,,,,,,True,cafe,,,,
node,9921286579,DANANG,Da Nang,Lucky Gift Shop,Mua sắm & Chợ,16.0534676,108.2030432,,,,,,,True,craft_gift_shop,,,,
node,9921295981,DANANG,Da Nang,Bun Tung Xeo,Ẩm thực & Cafe,16.0723298,108.1919743,,,,,,,True,restaurant,,,,
node,9921304858,DANANG,Da Nang,Kia Coffee - Beer,Ẩm thực & Cafe,16.0789353,108.1702968,,,,,,,True,cafe,,,,
node,9921305987,DANANG,Da Nang,Huy Hoang Hotel,Khách sạn & Lưu trú,16.0721459,108.1939154,,,,,,,False,,,,,
node,9921315929,DANANG,Da Nang,Lưu Niệm - Đặc Sản,Mua sắm & Chợ,16.0526672,108.2025006,,,,,,,True,craft_gift_shop,,,,
node,9921315930,DANANG,Da Nang,Highlands Coffee,Ẩm thực & Cafe,16.0534077,108.2030538,,"Ẩm thực: coffee_shop, vietnamese.",,,,"coffee_shop, vietnamese",False,,,,,
node,9921316241,DANANG,Da Nang,Pho Bien,Ẩm thực & Cafe,16.0803367,108.2112302,,,,,,,True,restaurant,,,,
node,9921321258,DANANG,Da Nang,Ca Vang,Ẩm thực & Cafe,16.0772432,108.2084353,,,,,,,True,restaurant,,,,
node,9921321271,DANANG,Da Nang,Smile Souvenir Shop,Mua sắm & Chợ,16.0525749,108.2025122,,,,,,,True,craft_gift_shop,,,,
node,9921321628,DANANG,Da Nang,The Eden,Khách sạn & Lưu trú,16.07733,108.1737329,,,,,,,False,,,,,
node,9938322902,DANANG,Da Nang,Tra Sua- An Vat,Ẩm thực & Cafe,16.0464972,108.2463572,,,,,,,True,cafe,,,,
node,10054034978,DANANG,Da Nang,Mikazuki Đà Nẵng Hotel,Khách sạn & Lưu trú,16.0935456,108.1444194,,,,,,,False,,,,,
node,10111472817,DANANG,Da Nang,Hu Tieu,Ẩm thực & Cafe,16.0509293,108.2403375,,,,,,,True,restaurant,,,,
node,10111546117,DANANG,Da Nang,Bếp Hên,Ẩm thực & Cafe,16.0639909,108.2210351,47 Lê Hồng Phong,"Ẩm thực: regional. Giờ mở cửa: 09:00-15:00,17:00-21:00. Có Wifi. Chỗ ngồi ngoài trời.",,,"09:00-15:00,17:00-21:00",regional,True,restaurant,,,,
node,10111550317,DANANG,Da Nang,Bánh Canh Ruộng,Ẩm thực & Cafe,16.0587335,108.2317512,,,,,,,True,restaurant,,,,
node,10120348018,DANANG,Da Nang,Lu Coffee,Ẩm thực & Cafe,16.0509513,108.2451762,,Có Wifi.,,,,,True,cafe,,,,
node,10126113417,DANANG,Da Nang,Thia Go,Ẩm thực & Cafe,16.0529621,108.2415067,,,,,,,True,restaurant,,,,
node,10137315103,DANANG,Da Nang,NĂM RẢNH HẢI SẢN,Ẩm thực & Cafe,16.0658727,108.2297117,,"Ẩm thực: hải_sản, seafood.",,,,"hải_sản, seafood",True,restaurant,,,,
node,10230442790,DANANG,Da Nang,Cafe Sakura,Ẩm thực & Cafe,16.1304561,108.1196496,,,,,,,True,cafe,,,,
node,10232416717,DANANG,Da Nang,WinMart,Mua sắm & Chợ,16.0396159,108.2456166,,,,,,,False,,,,,
node,10292550606,DANANG,Da Nang,Coffee Nano,Ẩm thực & Cafe,16.0584955,108.2402527,81 Đường Lê Hữu Trác,Ẩm thực: coffee_shop.,,,,coffee_shop,True,cafe,,,,
node,10294581427,DANANG,Da Nang,Chi House Hotel & Apartment,Khách sạn & Lưu trú,16.0617324,108.2452005,42 Đường Lâm Hoành,,,https://chihousedanang.com/,,,False,,,,,
node,10294581428,DANANG,Da Nang,Hai Yen Hotel,Khách sạn & Lưu trú,16.0615001,108.2453032,428 Đường Lâm Hoành,,,https://m.facebook.com/khachsandanangkhachsangiare/,,,False,,,,,
node,10295139993,DANANG,Da Nang,Limoncello,Ẩm thực & Cafe,16.0639607,108.2233784,212 Đường Trần Phú,Ẩm thực: italian.,,https://limoncellovn.com,,italian,True,restaurant,,,,
node,10295259298,DANANG,Da Nang,Mỳ Quảng Đà Nẵng Bà Mua,Ẩm thực & Cafe,16.0612678,108.2212735,44 Đường Lê Đình Dương,Ẩm thực: vietnamese.,,http://myquangbamua.com,,vietnamese,True,restaurant,,,,
node,10310109109,DANANG,Da Nang,KURUMI - Healthy Vegan Food & Desserts,Ẩm thực & Cafe,16.0457151,108.2478678,"17/22 Đường Mỹ Đa Đông 12, Ngũ Hành Sơn, Da Nang","Ẩm thực: breakfast, coffee_shop, salad, pancake, russian, european. Giờ mở cửa: Mo-Su 08:00-21:30. Có Wifi. Chỗ ngồi ngoài trời.",0569844088,https://kurumi.vn,Mo-Su 08:00-21:30,"breakfast, coffee_shop, salad, pancake, russian, european",True,restaurant,,,,
node,10312895500,DANANG,Da Nang,Cardi Pizzeria,Ẩm thực & Cafe,16.0677525,108.2248496,124 Bạch Đằng,"Ẩm thực: pizza, steak_house. Giờ mở cửa: Mo-Su 11:00-22:00. Có Wifi.",,https://cardipizzeria.com/,Mo-Su 11:00-22:00,"pizza, steak_house",True,restaurant,,,,
node,10312969476,DANANG,Da Nang,Mộc Nguyên Coffee,Ẩm thực & Cafe,16.0016692,108.2210803,"60 Đường Mẹ Thứ, Phường Hòa Xuân, Quận Cẩm Lệ, Thành Phố Đà Nẵng",Ẩm thực: coffee_shop. Giờ mở cửa: Mo-Su 06:30-22:00. Có Wifi. Chỗ ngồi ngoài trời.,0905307823,,Mo-Su 06:30-22:00,coffee_shop,True,cafe,,,,
node,10314394509,DANANG,Da Nang,Tôn Lê,Ẩm thực & Cafe,16.0849263,108.2479754,60 Đường Võ Nguyên Giáp,,,,,,True,restaurant,,,,
node,10314394510,DANANG,Da Nang,Cua Bien,Ẩm thực & Cafe,16.0786398,108.2456824,112 Đường Võ Nguyên Giáp,Ẩm thực: seafood.,,,,seafood,True,restaurant,,,,
node,10314394512,DANANG,Da Nang,Kyoto Sushi,Ẩm thực & Cafe,16.0662868,108.2460197,,,,,,,True,restaurant,,,,
node,10314394610,DANANG,Da Nang,Esco Beach,Ẩm thực & Cafe,16.0659619,108.2460277,,,,,,,True,restaurant,,,,
node,10314394611,DANANG,Da Nang,DTC Hotel,Khách sạn & Lưu trú,16.0626468,108.2460673,252B Đường Võ Nguyên Giáp,,,,,,False,,,,,
node,10314394709,DANANG,Da Nang,Radisson,Khách sạn & Lưu trú,16.0738839,108.2446681,,,,,,,False,,,,,
node,10537046604,DANANG,Da Nang,Carol Lounge,Ẩm thực & Cafe,16.0823478,108.2203289,"28d Đường Đống Đa, Phường Thuận Phước, Quận Hải Châu, Đà Nẵng",Ẩm thực: vietnamese. Giờ mở cửa: Mo-Su 20:00-03:00.,0927456789,https://carollounge.com/,Mo-Su 20:00-03:00,vietnamese,True,restaurant,,,,
node,10598314706,DANANG,Da Nang,Reply 1988,Ẩm thực & Cafe,16.0639774,108.2228375,,,,,,,True,cafe,,,,
node,10600854557,DANANG,Da Nang,The Memory - Danang,Khách sạn & Lưu trú,16.0669994,108.2430093,,,,https://thememorydanang.com/en,,,False,,,,,
node,10600872413,DANANG,Da Nang,Mì Quảng Bà Mua,Ẩm thực & Cafe,16.0662211,108.2433013,,Ẩm thực: vietnamese.,,,,vietnamese,True,restaurant,,,,
node,10603622205,DANANG,Da Nang,Pont main,Điểm tham quan & Cảnh quan,16.0520775,108.2156357,,,,,,,False,,,,,
node,10709724107,DANANG,Da Nang,Làng đá mỹ nghệ Non Nước,Điểm tham quan & Cảnh quan,16.0009523,108.2666434,,,,,,,False,,,,,
node,10709738005,DANANG,Da Nang,Làng chiếu Cẩm Nê,Điểm tham quan & Cảnh quan,15.9867322,108.1772823,,,,,,,False,,,,,
node,10709738105,DANANG,Da Nang,Làng nước mắm Nam Ô,Điểm tham quan & Cảnh quan,16.1128315,108.1300902,,,,,,,False,,,,,
node,10711527705,DANANG,Da Nang,An Thoi,Ẩm thực & Cafe,16.0683105,108.2249176,114 Đường Bạch Đằng,,,,,,True,restaurant,,,,
node,10747827206,DANANG,Da Nang,Rom Casa Hostel,Khách sạn & Lưu trú,16.0484407,108.2465963,47 Đường An Thượng 4,Giờ mở cửa: Su-Sa 07:00-23:55. Có Wifi.,,https://www.booking.com/hotel/vn/rom-casa-hostel-da-nang.html,Su-Sa 07:00-23:55,,True,homestay_guesthouse,,,,
node,10749874405,DANANG,Da Nang,Roots Plant-Based Café,Ẩm thực & Cafe,16.0486599,108.2478755,"27 Trần Bạch Đằng, Bắc Mỹ Phú, Ngũ Hành Sơn, Đà Nẵng","Healthy Vegan Restaurant | Ẩm thực: breakfast, burger, cake, vietnamese, salad. Giờ mở cửa: Mo-Su 08:30-22:45. Có Wifi. Chỗ ngồi ngoài trời.",0865528252,https://rootsplantbasedcafe.com/,Mo-Su 08:30-22:45,"breakfast, burger, cake, vietnamese, salad",True,cafe,,,,
node,10768167105,DANANG,Da Nang,Hana Homestay Danang,Khách sạn & Lưu trú,16.0565287,108.2445298,"84 Đường Thạch Lam, Ngũ Hành Sơn, ĐÀ NẴNG",Có Wifi.,,,,,True,homestay_guesthouse,,,,
node,10768300006,DANANG,Da Nang,Bua No Nhau,Ẩm thực & Cafe,16.0484694,108.2427929,58 Đường Hoàng Kế Viêm,Ẩm thực: vietnamese. Giờ mở cửa: Mo-Su 09:00-22:00.,,,Mo-Su 09:00-22:00,vietnamese,True,restaurant,,,,
node,10768346405,DANANG,Da Nang,Bo De Tam;Bodhicitta,Ẩm thực & Cafe,16.0512699,108.2407887,117 Đường Ung Văn Khiêm,Ẩm thực: vietnamese. Giờ mở cửa: Tu-Sa 11:30-20:00; Su 11:30-17:30.,0905895411,https://www.facebook.com/bodhicittavegan,Tu-Sa 11:30-20:00; Su 11:30-17:30,vietnamese,True,restaurant,,,,
node,10773540605,DANANG,Da Nang,Art Coffee,Ẩm thực & Cafe,16.0565444,108.2446766,"77 Đường Thạch Lam, Ngũ Hành Sơn, ĐÀ NẴNG","Ẩm thực: coffee_shop, vietnamese. Giờ mở cửa: Mo-Su 06:00-17:30. Có Wifi. Chỗ ngồi ngoài trời.",0985511324,https://website--7227724345093534127171-cafe.business.site/,Mo-Su 06:00-17:30,"coffee_shop, vietnamese",True,cafe,,,,
node,10775822705,DANANG,Da Nang,Dimsum Bà Thím,Ẩm thực & Cafe,16.0508224,108.2404799,71 Đường Châu Thị Vĩnh Tế,Giờ mở cửa: Mo-Su 11:30-23:00.,,,Mo-Su 11:30-23:00,,True,restaurant,,,,
node,10775883305,DANANG,Da Nang,Lẩu Thái,Ẩm thực & Cafe,16.0510302,108.2403276,Đường Châu Thị Vĩnh Tế,"Ẩm thực: barbecue, vietnamese. Giờ mở cửa: Mo-Su 17:00-23:00.",,,Mo-Su 17:00-23:00,"barbecue, vietnamese",True,restaurant,,,,
node,10776337811,DANANG,Da Nang,Quan an Dim Sum,Ẩm thực & Cafe,16.0691538,108.2179141,,,,,,,True,restaurant,,,,
node,10777150405,DANANG,Da Nang,Quán chay Tỉnh Quán,Ẩm thực & Cafe,16.1006667,108.2541354,11 Đường Trần Nhật Duật,,,,,,True,restaurant,,,,
node,10777276806,DANANG,Da Nang,Coffee Thanh Hà,Ẩm thực & Cafe,16.0590473,108.2445472,10 Đường Trần Bạch Đằng,"Ẩm thực: coffee_shop, vietnamese. Giờ mở cửa: Mo-Su 06:00-21:30. Có Wifi.",,,Mo-Su 06:00-21:30,"coffee_shop, vietnamese",True,cafe,,,,
node,10777962706,DANANG,Da Nang,Hanh Phuc BookCoffee,Ẩm thực & Cafe,16.0496739,108.2406526,126 Đường Châu Thị Vĩnh Tế,"Ẩm thực: coffee_shop, vietnamese. Giờ mở cửa: Mo-Su 06:00-22:30. Có Wifi.",0793456729,,Mo-Su 06:00-22:30,"coffee_shop, vietnamese",True,cafe,,,,
node,10779089305,DANANG,Da Nang,Khang Gia Quan,Ẩm thực & Cafe,16.05249,108.2397668,32 Đường Châu Thị Vĩnh Tế,Ẩm thực: vietnamese. Có Wifi.,,,,vietnamese,True,restaurant,,,,
node,10779745505,DANANG,Da Nang,De Nhat Sui Cao Hoàn My - Hoàn My Dumplings King,Ẩm thực & Cafe,16.0484989,108.2410216,172 Đường Châu Thị Vĩnh Tế,Giờ mở cửa: Mo-Su 06:30-22:00.,0343122339,,Mo-Su 06:30-22:00,,True,restaurant,,,,
node,10781116908,DANANG,Da Nang,Bểp Phượng Món Ngon Hà Nội,Ẩm thực & Cafe,16.0556423,108.2428864,An Hải Đông 1,Ẩm thực: vietnamese.,,,,vietnamese,True,restaurant,,,,
node,10781135505,DANANG,Da Nang,Quán Bé Út - Nem Lụi & Bún Thịt Nướng,Ẩm thực & Cafe,16.055949,108.2426508,An Hải Đông 1,Ẩm thực: vietnamese.,,,,vietnamese,True,restaurant,,,,
node,10783641305,DANANG,Da Nang,AROWANA 88,Ẩm thực & Cafe,16.0582419,108.2399082,88 Đường Lê Hữu Trác,"Ẩm thực: coffee_shop, vietnamese. Giờ mở cửa: Mo-Su 06:00-22:00. Có Wifi.",0917106879,,Mo-Su 06:00-22:00,"coffee_shop, vietnamese",True,cafe,,,,
node,10784775351,DANANG,Da Nang,No Nee,Ẩm thực & Cafe,16.0807217,108.2212569,"04 Đường Phan Bội Châu, Thạch Thang, Quận Hải Châu, Đà Nẵng",Ẩm thực: coffee_shop. Có Wifi. Chỗ ngồi ngoài trời.,0969777504,https://nonee.vn/,,coffee_shop,True,cafe,,,,
node,10796872105,DANANG,Da Nang,Haomi - Tiệm Mì Trộn,Ẩm thực & Cafe,16.0553774,108.2406379,17 Kiệt 126 Nguyễn Duy Hiệu,"Ẩm thực: noodles, vietnamese. Giờ mở cửa: Mo-Su 09:00-14:00, 16:00-21:00. Có Wifi.",,,"Mo-Su 09:00-14:00, 16:00-21:00","noodles, vietnamese",True,restaurant,,,,
node,10798682806,DANANG,Da Nang,Làng Tôi - Bánh Khoái Cá Kình Huế,Ẩm thực & Cafe,16.0583075,108.2443933,85 Kiệt 227 Đường Nguyễn Văn Thoại,Ẩm thực: vietnamese. Giờ mở cửa: Mo-Su 10:00-22:00. Có Wifi.,0935982771,,Mo-Su 10:00-22:00,vietnamese,True,restaurant,,,,
node,10807491807,DANANG,Da Nang,Quán Tý,Ẩm thực & Cafe,16.0489561,108.2450031,1 Đường An Thượng 6,"Ẩm thực: coffee_shop, vietnamese.",0979298398,,,"coffee_shop, vietnamese",True,restaurant,,,,
node,10813726005,DANANG,Da Nang,Phương Nguyên,Ẩm thực & Cafe,16.0590952,108.2414204,103 Đường Lê Hữu Trác,Ẩm thực: coffee_shop. Có Wifi.,02363764369,,,coffee_shop,True,cafe,,,,
node,10819049905,DANANG,Da Nang,Quán Mai - Bún chả Obama,Ẩm thực & Cafe,16.0482464,108.2455492,40 Đường An Thượng 5,Ẩm thực: vietnamese.,0944956396,,,vietnamese,True,restaurant,,,,
node,10837001505,DANANG,Da Nang,Bún bò Chum,Ẩm thực & Cafe,16.051573,108.2401295,78 Đường Châu Thị Vĩnh Tế,"Ẩm thực: noodles, vietnamese. Có Wifi.",0766716241,,,"noodles, vietnamese",True,restaurant,,,,
node,10845600805,DANANG,Da Nang,No Automatic Scooters,Dịch vụ du lịch,16.1137653,108.3097764,,,,,,,False,,,,,
node,10855442410,DANANG,Da Nang,NHÀ VIỆT Bánh Mì & Coffee,Ẩm thực & Cafe,16.0654095,108.2448713,,,,,,,True,restaurant,,,,
node,10875254005,DANANG,Da Nang,Thia Go,Ẩm thực & Cafe,16.0532123,108.24153,,,,,,,True,restaurant,,,,
node,10957072405,DANANG,Da Nang,My Quang Ba Mua,Ẩm thực & Cafe,16.0657778,108.2432909,,,,,,,True,restaurant,,,,
node,11074810731,DANANG,Da Nang,Bro's Kafe,Ẩm thực & Cafe,16.0472109,108.2431257,"39 Đường Ngô Thì Sĩ, Phường Mỹ An, Ngu Hanh Son, Đà Nẵng",Giờ mở cửa: Mo-Su 07:00-21:30.,0905057903,https://broskafe.com/,Mo-Su 07:00-21:30,,True,cafe,,,,
node,11119046805,DANANG,Da Nang,Bello Pizzeria,Ẩm thực & Cafe,16.0477353,108.2451866,,Ẩm thực: pizza.,,,,pizza,True,restaurant,,,,
node,11128253915,DANANG,Da Nang,MeKong Rest Stop,Khách sạn & Lưu trú,16.1449901,108.1058892,,,,,,,False,,,,,
node,11128332582,DANANG,Da Nang,Son Tra Getaway,Khách sạn & Lưu trú,16.1362485,108.3175936,,,,,,,False,,,,,
node,11128332583,DANANG,Da Nang,Quán Ăn Sân Vườn Trường Mai,Ẩm thực & Cafe,16.1361412,108.3176686,,,,,,,True,restaurant,,,,
node,11160818006,DANANG,Da Nang,Bà Nam Sea Food,Ẩm thực & Cafe,16.0607802,108.232003,,,,,,,True,restaurant,,,,
node,11161070774,DANANG,Da Nang,Dragon's Tail,Điểm tham quan & Cảnh quan,16.06108,108.2248167,,,,,,,False,,,,,
node,11161070775,DANANG,Da Nang,Dragon's Head,Điểm tham quan & Cảnh quan,16.0612476,108.2296554,,,,,,,False,,,,,
node,11166924808,DANANG,Da Nang,Sasa,Ẩm thực & Cafe,16.000477,108.2691814,,,,,,,True,restaurant,,,,
node,11171035936,DANANG,Da Nang,Buddha,Văn hóa & Nghệ thuật,16.0043207,108.2622067,,,,,,,False,,,,,
node,11171038441,DANANG,Da Nang,Buddha,Văn hóa & Nghệ thuật,16.004402,108.2638971,,,,,,,False,,,,,
node,11171782637,DANANG,Da Nang,SC Restaurant,Ẩm thực & Cafe,16.0023894,108.2659567,,,,,,,True,restaurant,,,,
node,11176025737,DANANG,Da Nang,Lang Bich hoa Da Nang,Điểm tham quan & Cảnh quan,16.0607097,108.2200254,,,,,,,False,,,,,
node,11198985391,DANANG,Da Nang,IVegan,Ẩm thực & Cafe,16.0486923,108.2464076,,HEALTHY VEGAN RESTAURANT - THUẦN CHAY THỰC VẬT | Ẩm thực: vietnamese. Giờ mở cửa: Mon-Sun 08:00-21:00.,02366522331,https://heyzine.com/flip-book/ba8d6b5ed1.html,Mon-Sun 08:00-21:00,vietnamese,True,restaurant,,,,
node,11276780187,DANANG,Da Nang,La Cabana - House of BBQ,Ẩm thực & Cafe,16.0629394,108.2302972,"505 Đường Trần Hưng Đạo, Sơn Trà, Phường An Hải Trung","La Cabana is a Cozy Argentinian Steak house in Da Nang. Han River, Dragon Bridge view with spacious space, comfortable seats, excellent air conditioners. La Cabana's signature includes perfect grilled Argentinian Steaks with reasonable prices. | Ẩm thực: steak_house, argentinian, burger. Giờ mở cửa: Mo-Su 16:00-23:00. Có Wifi. Chỗ ngồi ngoài trời. Tiêu chuẩn: 5 sao.",0934935198,https://lacabana.vn,Mo-Su 16:00-23:00,"steak_house, argentinian, burger",True,restaurant,,,,
node,11359603957,DANANG,Da Nang,Chùa Nam Sơn,Tôn giáo & Tâm linh,15.9987986,108.2051036,,,,,,,False,,,,,
node,11360322717,DANANG,Da Nang,Market Street,Mua sắm & Chợ,16.0557874,108.2394141,,,,,,,True,traditional_market,,,,
node,11361153194,DANANG,Da Nang,Ngoi Café,Ẩm thực & Cafe,16.0581168,108.2431065,209/85 209 Nguyễn Văn Thoạ,Giờ mở cửa: Mo-Su 06:30-22:00. Có Wifi. Chỗ ngồi ngoài trời.,,,Mo-Su 06:30-22:00,,True,cafe,,,,
node,11361296208,DANANG,Da Nang,Bánh cuốn,Ẩm thực & Cafe,16.0560446,108.240529,,,,,,,True,restaurant,,,,
node,11433787697,DANANG,Da Nang,Ponte Boutique Da Nang,Khách sạn & Lưu trú,16.0746079,108.2427787,104 Ho Nginh,,,,,,False,,,,,
node,11434545361,DANANG,Da Nang,Pizza 4P's,Ẩm thực & Cafe,16.0698498,108.2248855,,Ẩm thực: pizza. Có Wifi.,,,,pizza,True,restaurant,,,,
node,11436132931,DANANG,Da Nang,Meet Coffee,Ẩm thực & Cafe,16.0687325,108.243763,,Ẩm thực: coffee_shop. Có Wifi. Chỗ ngồi ngoài trời.,,,,coffee_shop,True,cafe,,,,
node,11510069939,DANANG,Da Nang,Mint Cafe,Ẩm thực & Cafe,16.0661869,108.2366867,K230/14 Nguyễn Công Trứ,,,,,,True,cafe,,,,
node,11510069960,DANANG,Da Nang,DREAMER,Ẩm thực & Cafe,16.065937,108.2368088,230 Nguyễn Công Trứ,Giờ mở cửa: Mo-Su 07:00-22:00.,,,Mo-Su 07:00-22:00,,True,cafe,,,,
node,11519311602,DANANG,Da Nang,Hòa Phú House,Khách sạn & Lưu trú,15.9934896,108.0912605,"Thôn Hòa Phước, Xã Hòa Phú, Huyện Hòa Vang, Đà Nẵng",Giờ mở cửa: 24/7.,0905319616,,24/7,,False,,,,,
node,11530773064,DANANG,Da Nang,"Khách Sạn Sea Castle Hotel
Sea Castle Hotel",Khách sạn & Lưu trú,16.0683117,108.243309,171 Hồ Nghinh,,02363941955,,,,False,,,,,
node,11533284293,DANANG,Da Nang,Lucky Souvenir Shop,Mua sắm & Chợ,16.0522911,108.2027385,,,,,,,True,craft_gift_shop,,,,
node,11533284294,DANANG,Da Nang,Lucky Cafe & Restaurant,Ẩm thực & Cafe,16.0522251,108.2027451,,,,,,,True,cafe,,,,
node,11542192672,DANANG,Da Nang,Khách sạn Golden Lotus Grand Đà Nẵng,Khách sạn & Lưu trú,16.0477415,108.2464455,86 Đường Lê Quang Đạo,Giờ mở cửa: 24/7.,02363846666,https://grand.goldenlotushotel.vn,24/7,,True,homestay_guesthouse,,,,
node,11555496744,DANANG,Da Nang,Tượng Mẹ Nhu,Di tích & Lịch sử,16.0652606,108.1833538,,,,,,,False,,,,,
node,11556866469,DANANG,Da Nang,Pho Ha Noi Hosana,Ẩm thực & Cafe,16.0669077,108.2355548,,,,,,,True,cafe,,,,
node,11563407269,DANANG,Da Nang,Mixue,Ẩm thực & Cafe,16.0532385,108.2394465,,"Ẩm thực: ice_cream, bubble_tea.",,,,"ice_cream, bubble_tea",False,,,,,
node,11566583269,DANANG,Da Nang,Mixue,Ẩm thực & Cafe,16.045167,108.240743,,"Ẩm thực: ice_cream, bubble_tea.",,,,"ice_cream, bubble_tea",False,,,,,
node,11581320169,DANANG,Da Nang,Butcher Grilled,Ẩm thực & Cafe,16.0498969,108.2470143,,Ẩm thực: brazilian.,,,,brazilian,True,restaurant,,,,
node,11593457770,DANANG,Da Nang,Bread & Butter,Ẩm thực & Cafe,16.0559244,108.2459439,,"Giờ mở cửa: Mo-Su,PH 07:00-23:00.",,,"Mo-Su,PH 07:00-23:00",,False,,,,,
node,11602260469,DANANG,Da Nang,Ùmm,Ẩm thực & Cafe,16.0495679,108.2457786,,Giờ mở cửa: Mo-Su 07:00-22:00. Có Wifi.,,,Mo-Su 07:00-22:00,,True,cafe,,,,
node,11606548802,DANANG,Da Nang,Lady Buddha,Văn hóa & Nghệ thuật,16.0609832,108.2178549,,,,,,,False,,,,,
node,11665246470,DANANG,Da Nang,Trình cà phê,Ẩm thực & Cafe,16.0673434,108.2215887,,Giờ mở cửa: Mo-Su 06:30-01:30. Có Wifi.,,https://o2o.ipos.vn/menu?pos_parent=BRAND-9R85&pos_id=79368&table_name=PHT01&type=undefined,Mo-Su 06:30-01:30,,True,cafe,,,,
node,11668818569,DANANG,Da Nang,"Bún Bò, Bò Kho, Mỳ, Cháo Bò, Ốp La, Bánh My",Ẩm thực & Cafe,16.0562497,108.2451768,,,,,,,True,restaurant,,,,
node,11680203169,DANANG,Da Nang,Izakaya Man,Ẩm thực & Cafe,16.0490475,108.2469494,,Ẩm thực: sushi.,,,,sushi,True,restaurant,,,,
node,11680377169,DANANG,Da Nang,Señorita boutique hotel,Khách sạn & Lưu trú,16.0497984,108.2477859,89 Tran Bach Dang,,,,,,False,,,,,
node,11684513272,DANANG,Da Nang,Nu Đồ,Ẩm thực & Cafe,16.0409571,108.2453688,11/1 Đường Lưu Quang Thuận,Ẩm thực: vietnamese. Giờ mở cửa: Mo-Su 08:00-16:00. Có Wifi.,0932594771,,Mo-Su 08:00-16:00,vietnamese,True,restaurant,,,,
node,11715206469,DANANG,Da Nang,Cơm gà Trần Tống,Ẩm thực & Cafe,16.0564235,108.2089137,107 Đường Phạm Văn Nghị,"Ẩm thực: chicken, vietnamese. Giờ mở cửa: Mo-Su 09:30-21:00.",,,Mo-Su 09:30-21:00,"chicken, vietnamese",True,restaurant,,,,
node,11715209969,DANANG,Da Nang,ChiPa Homestay,Khách sạn & Lưu trú,16.0589381,108.2094602,1A Đường Phạm Văn Nghị,Có Wifi.,0969764343,,,,True,homestay_guesthouse,,,,
node,11758839350,DANANG,Da Nang,Bếp Của Mạ - Cơm niêu và món Huế,Ẩm thực & Cafe,16.0389193,108.2234461,"346 Hai Tháng Chín, Hòa Cường Bắc, Hải Châu, Đà Nẵng",Ẩm thực: vietnamese. Giờ mở cửa: Mo-Su 10:00-21:00.,0866353739,fb.com/comnieuvamonhue,Mo-Su 10:00-21:00,vietnamese,True,restaurant,,,,
node,11832500969,DANANG,Da Nang,Rào chắn,Điểm tham quan & Cảnh quan,16.1167482,108.3084376,,,,,,,False,,,,,
node,11878408547,DANANG,Da Nang,Lazeez Indian Restaurant,Ẩm thực & Cafe,16.0705165,108.2421861,,,,,,,True,restaurant,,,,
node,11878409048,DANANG,Da Nang,Haka Boutique Hotel,Khách sạn & Lưu trú,16.0789591,108.2446667,,,,,,,False,,,,,
node,11878410784,DANANG,Da Nang,Huong Que,Ẩm thực & Cafe,16.0715325,108.2428486,,,,,,,True,restaurant,,,,
node,11887430532,DANANG,Da Nang,Siêu thị Bony,Mua sắm & Chợ,16.1032212,108.120006,,,,,,,False,,,,,
node,11888483369,DANANG,Da Nang,Chợ Phước Mỹ,Mua sắm & Chợ,16.0665465,108.2422676,37 Đường Lý Văn Tố,Giờ mở cửa: Mo-Su 05:00-18:00.,,,Mo-Su 05:00-18:00,,True,traditional_market,,,,
node,11888486669,DANANG,Da Nang,M. Oi Bistro & Bar,Ẩm thực & Cafe,16.0672036,108.242719,90-92 Đường Dương Tự Minh,Giờ mở cửa: Mo-Su 07:00-22:00.,,,Mo-Su 07:00-22:00,,True,cafe,,,,
node,11888500069,DANANG,Da Nang,Lucia beach hotel,Khách sạn & Lưu trú,16.0688138,108.2435395,,Có Wifi.,,,,,False,,,,,
node,11888983269,DANANG,Da Nang,Alyssa hotel,Khách sạn & Lưu trú,16.0686659,108.2388273,109D Đường Dương Đình Nghệ,Có Wifi.,,,,,False,,,,,
node,11889083769,DANANG,Da Nang,Lu peaceful homestay,Khách sạn & Lưu trú,16.0551135,108.189185,Đường Phần Lăng 14,Có Wifi.,0918310879,,,,True,homestay_guesthouse,,,,
node,11890753369,DANANG,Da Nang,Cơm Gà Hội An,Ẩm thực & Cafe,16.0708596,108.2090429,285 Đường Hải Phòng,Ẩm thực: vietnamese.,,,,vietnamese,True,restaurant,,,,
node,11903073144,DANANG,Da Nang,My An Sport Center,Thể thao & Giải trí,16.0483707,108.244485,,Giờ mở cửa: Mo-Su 05:00-20:00.,,,Mo-Su 05:00-20:00,,False,,,,,
node,11906556370,DANANG,Da Nang,Mỳ quảng Ông Cảnh,Ẩm thực & Cafe,16.0614893,108.2438292,298 Đường Hồ Nghinh,Ẩm thực: local. Giờ mở cửa: Mo-Su 06:30-22:00. Có Wifi.,,,Mo-Su 06:30-22:00,local,True,restaurant,,,,
node,11906566069,DANANG,Da Nang,BaBaBa Japanese Restaurant,Ẩm thực & Cafe,16.0622398,108.2436944,333 Đường Hồ Nghinh,Ẩm thực: japanese. Giờ mở cửa: Mo-Su 10:00-22:00. Có Wifi.,0789686856,https://www.bababajapan.com,Mo-Su 10:00-22:00,japanese,True,restaurant,,,,
node,11906566169,DANANG,Da Nang,Olivia Pizza,Ẩm thực & Cafe,16.0627602,108.2436287,309 Hồ nghinh Đường Hồ Nghinh,"Ẩm thực: italian_pizza, pizza, pasta. Giờ mở cửa: Mo-Su 11:00-01:00. Có Wifi.",,https://www.facebook.com/profile.php?id=100087214174943,Mo-Su 11:00-01:00,"italian_pizza, pizza, pasta",True,restaurant,,,,
node,11906566170,DANANG,Da Nang,Olivia Pizza,Ẩm thực & Cafe,16.0477146,108.2450807,75 Đường Ngô Thì Sĩ,"Ẩm thực: italian_pizza, pizza, pasta. Giờ mở cửa: Mo-Su 17:00-01:30. Có Wifi.",0986080847,,Mo-Su 17:00-01:30,"italian_pizza, pizza, pasta",True,restaurant,,,,
node,11934061598,DANANG,Da Nang,Shamballa,Ẩm thực & Cafe,16.0756165,108.2290387,,Giờ mở cửa: Mo-Su 07:00-22:00.,,,Mo-Su 07:00-22:00,,True,restaurant,,,,
node,11934076219,DANANG,Da Nang,Dr. Dan Hotel & Apartment,Khách sạn & Lưu trú,16.1055133,108.2594805,,,,,,,False,,,,,
node,11934095151,DANANG,Da Nang,New Day,Khách sạn & Lưu trú,16.104614,108.2572551,,,,,,,False,,,,,
node,11934161570,DANANG,Da Nang,Dimsum ba thim - dumplings,Ẩm thực & Cafe,16.0584735,108.2190641,280 Đường Phan Châu Trinh,Có Wifi.,,,,,True,cafe,,,,
node,11934169470,DANANG,Da Nang,Queen Cobra,Điểm tham quan & Cảnh quan,16.0432987,108.22599,,Giờ mở cửa: Mo-Su 18:00-22:00.,,,Mo-Su 18:00-22:00,,False,,,,,
node,11951128766,DANANG,Da Nang,Mì Cay SEOUL Hải Châu,Ẩm thực & Cafe,16.0543706,108.2224112,"Lô B6-B7, Đường 2/9, Bình Thuận, Hải Châu Đường 2 Tháng 9, Hòa Thuận Đông, Hải Châu, Đà Nẵng",Ẩm thực: korean. Giờ mở cửa: Mo-Su 08:00-22:00.,0397366673,https://micayseoul.com/,Mo-Su 08:00-22:00,korean,True,restaurant,,,,
node,11951235169,DANANG,Da Nang,Kiến Gym,Thể thao & Giải trí,16.0326361,108.2194866,104 Đường Xô Viết Nghệ Tĩnh,Giờ mở cửa: Mo-Su 05:00-22:30.,,,Mo-Su 05:00-22:30,,False,,,,,
node,12002534969,DANANG,Da Nang,GỐM Garden Coffee,Ẩm thực & Cafe,16.061519,108.2413131,8a Đường Mỹ Khê 5,Ẩm thực: coffee_shop. Giờ mở cửa: Mo-Su 06:30-22:00. Có Wifi.,0932587890,,Mo-Su 06:30-22:00,coffee_shop,True,cafe,,,,
node,12009157357,DANANG,Da Nang,Holiday Coffee,Ẩm thực & Cafe,16.0500935,108.2489953,"Holiday Coffee,, Phường Mỹ An, Quận Ngũ Hành Sơn, Thành phố Đà Nẵng",,,,,,True,cafe,,,,
node,12019369169,DANANG,Da Nang,Bếp Quê,Ẩm thực & Cafe,16.065987,108.2237186,187 Đường Trần Phú,Ẩm thực: vietnamese. Giờ mở cửa: Mo-Su 10:00-20:00.,,,Mo-Su 10:00-20:00,vietnamese,True,restaurant,,,,
node,12030866669,DANANG,Da Nang,Altara Suites,Khách sạn & Lưu trú,16.0777438,108.2451365,120,Có Wifi.,02362687979,http://altarasuites.com,,,False,,,,,
node,12032859170,DANANG,Da Nang,XÓM MỚI GARDEN ĐÀ NẴNG (씀모이가든 다낭),Ẩm thực & Cafe,16.0635146,108.2232424,222 Đường Trần Phú,Ẩm thực: vietnamese. Giờ mở cửa: Mo-Su 10:30-22:00.,0931951004,https://www.xommoigarden.com/,Mo-Su 10:30-22:00,vietnamese,True,restaurant,,,,
node,12098065601,DANANG,Da Nang,Tashi Park View Hotel & Apartment,Khách sạn & Lưu trú,16.0763967,108.2418113,24-26 Đường Phước Trường 15,Có Wifi.,0901999223,,,,False,,,,,
node,12101736706,DANANG,Da Nang,Hong Chau,Khách sạn & Lưu trú,16.0735258,108.242881,122 Đường Hồ Nghinh,Có Wifi.,0941462155,,,,False,,,,,
node,12103878902,DANANG,Da Nang,Siro House Homestay,Khách sạn & Lưu trú,16.0539254,108.2402218,8 Kiệt 72 Nguyễn Văn Thoại,Có Wifi.,,,,,True,homestay_guesthouse,,,,
node,12107623401,DANANG,Da Nang,Kon-Tiki Hostel,Khách sạn & Lưu trú,16.0642477,108.2308224,12 Đường Triệu Việt Vương,Có Wifi.,0772888894,,,,True,homestay_guesthouse,,,,
node,12109646801,DANANG,Da Nang,THỰC DƯỠNG ÁNH MINH,Ẩm thực & Cafe,16.0902277,108.2181825,,Giờ mở cửa: Mo-Su 07:00-20:00.,,,Mo-Su 07:00-20:00,,True,restaurant,,,,
node,12109686301,DANANG,Da Nang,Pha Lê Hotel,Khách sạn & Lưu trú,16.0668574,108.2430295,204-206 Đường Hồ Nghinh,Có Wifi.,02363747559,http://www.crystalhoteldanang.com,,,False,,,,,
node,12112067801,DANANG,Da Nang,Tâm Body Fitness Center,Thể thao & Giải trí,16.0887433,108.2399674,6 Đường Lý Đạo Thành,Giờ mở cửa: Mo-Sa 04:30-20:30.,,,Mo-Sa 04:30-20:30,,False,,,,,
node,12114300901,DANANG,Da Nang,Zuka Hotel & Apartments,Khách sạn & Lưu trú,16.0677368,108.2436651,09 Kiệt 35 Dương Đình Nghệ,Có Wifi.,0932756996,,,,False,,,,,
node,12119724802,DANANG,Da Nang,Diamond Beach,Khách sạn & Lưu trú,16.0741685,108.2395703,22 Chính Hữu,Có Wifi.,0905567008,,,,False,,,,,
node,12121684001,DANANG,Da Nang,Alibaba,Khách sạn & Lưu trú,16.0720626,108.2428897,168 Đường Hồ Nghinh,Có Wifi.,02363945888,http://www.alibabadanang.com,,,False,,,,,
node,12129062601,DANANG,Da Nang,Star near me Hotel,Khách sạn & Lưu trú,16.0735167,108.2414618,42 Đường Loseby,Có Wifi.,02363984777,https://danangstarhotel.vn/,,,False,,,,,
node,12133395101,DANANG,Da Nang,Grand Sea View Hotel,Khách sạn & Lưu trú,16.0499198,108.2471017,121 Đường Hoàng Kế Viêm,Có Wifi.,02363959105,,,,False,,,,,
node,12140323602,DANANG,Da Nang,voco - Ma Belle Danang,Khách sạn & Lưu trú,16.0742174,108.2446524,,Có Wifi.,,,,,False,,,,,
node,12140344101,DANANG,Da Nang,A-Market,Mua sắm & Chợ,16.0723744,108.2448534,,Giờ mở cửa: 24/7.,,,24/7,,False,,,,,
node,12145093701,DANANG,Da Nang,Cherry Hotel & Apartments,Khách sạn & Lưu trú,16.0543834,108.2458171,20 Đường Đỗ Bí,Có Wifi.,0795520588,,,,False,,,,,
node,12145515001,DANANG,Da Nang,Cardi Pizzeria,Ẩm thực & Cafe,16.0627879,108.2422158,,"Ẩm thực: pizza, steak_house. Có Wifi.",,https://www.pizzacardi.com/,,"pizza, steak_house",True,restaurant,,,,
node,12147633201,DANANG,Da Nang,Hodi Hotel,Khách sạn & Lưu trú,16.05511,108.2445499,12-14 Đường An Thượng 26,Có Wifi.,0905472702,https://www.hodihotel.com/,,,False,,,,,
node,12147949702,DANANG,Da Nang,ONE MORE CRAFT BEER,Ẩm thực & Cafe,16.075246,108.2217528,,"Ẩm thực: fish, seafood.",,,,"fish, seafood",True,restaurant,,,,
node,12163654196,DANANG,Da Nang,Adela,Khách sạn & Lưu trú,16.052917,108.2440574,10 Đường An Thượng 36,,,,,,False,,,,,
node,12163654197,DANANG,Da Nang,Sydney Da Nang,Khách sạn & Lưu trú,16.0523364,108.2442488,,,,,,,False,,,,,
node,12164803912,DANANG,Da Nang,Baan Taley Da Nang,Khách sạn & Lưu trú,16.0509565,108.2466457,,,,,,,False,,,,,
node,12164803913,DANANG,Da Nang,Raon,Khách sạn & Lưu trú,16.0510524,108.2463307,,,,,,,False,,,,,
node,12165826954,DANANG,Da Nang,Highlands Coffee,Ẩm thực & Cafe,16.0540151,108.2473481,"268 Đường Võ Nguyên Giáp, Da Nang",Giờ mở cửa: Mo-Su 06:30-23:30. Có Wifi.,02367301219,https://www.highlandscoffee.com.vn/,Mo-Su 06:30-23:30,,False,,,,,
node,12165835662,DANANG,Da Nang,Cơm tấm Út Vân,Ẩm thực & Cafe,16.0556685,108.2447376,,,,,,,True,restaurant,,,,
node,12165838991,DANANG,Da Nang,All Seasons,Ẩm thực & Cafe,16.0554575,108.2430682,,,,,,,True,restaurant,,,,
node,12167363605,DANANG,Da Nang,Diner 66,Ẩm thực & Cafe,16.0557727,108.2450936,,Ẩm thực: american.,,,,american,True,cafe,,,,
node,12167609718,DANANG,Da Nang,Phuc Long,Ẩm thực & Cafe,16.0608151,108.2205865,,,,,,,False,,,,,
node,12167609723,DANANG,Da Nang,Malisa,Khách sạn & Lưu trú,16.0607363,108.2186955,,,,,,,False,,,,,
node,12167609726,DANANG,Da Nang,Mercury,Khách sạn & Lưu trú,16.0603892,108.2158377,,,,,,,False,,,,,
node,12167609731,DANANG,Da Nang,Don Chicken,Ẩm thực & Cafe,16.0601516,108.2135042,,Ẩm thực: chicken.,,,,chicken,True,cafe,,,,
node,12167609733,DANANG,Da Nang,RIN Cafe,Ẩm thực & Cafe,16.0601516,108.2136281,,,,,,,True,cafe,,,,
node,12167609734,DANANG,Da Nang,Do Hai,Khách sạn & Lưu trú,16.0601454,108.2139664,,,,,,,False,,,,,
node,12167716635,DANANG,Da Nang,Tigon Coffee,Ẩm thực & Cafe,16.0611629,108.2216068,,,,,,,True,cafe,,,,
node,12167716636,DANANG,Da Nang,Katinat,Ẩm thực & Cafe,16.0607803,108.2221852,,,,,,,True,cafe,,,,
node,12167716638,DANANG,Da Nang,Madame Trang,Khách sạn & Lưu trú,16.0611062,108.2347998,,,,,,,False,,,,,
node,12167716641,DANANG,Da Nang,Quamientrung,Mua sắm & Chợ,16.0615508,108.23668,,,,,,,False,,,,,
node,12167716642,DANANG,Da Nang,Khanh Vinh,Khách sạn & Lưu trú,16.0621964,108.2373438,,,,,,,False,,,,,
node,12167716643,DANANG,Da Nang,Calix,Khách sạn & Lưu trú,16.0617163,108.2373542,,,,,,,False,,,,,
node,12167716644,DANANG,Da Nang,San Marino,Khách sạn & Lưu trú,16.0617252,108.237526,,,,,,,False,,,,,
node,12167716645,DANANG,Da Nang,Rivera Boutique,Khách sạn & Lưu trú,16.0622524,108.2376054,,,,,,,False,,,,,
node,12167716646,DANANG,Da Nang,Mi An,Khách sạn & Lưu trú,16.0623808,108.2383449,,,,,,,False,,,,,
node,12167891403,DANANG,Da Nang,Golden Sun,Khách sạn & Lưu trú,16.0627565,108.242083,,,,,,,False,,,,,
node,12167891404,DANANG,Da Nang,Huong Da,Mua sắm & Chợ,16.0636411,108.2431009,,,,,,,False,,,,,
node,12167891417,DANANG,Da Nang,Arrive Apartment,Khách sạn & Lưu trú,16.0621868,108.2454565,,,,,,,False,,,,,
node,12167891418,DANANG,Da Nang,An House,Khách sạn & Lưu trú,16.0619012,108.2452014,,,,,,,False,,,,,
node,12167891419,DANANG,Da Nang,K House,Khách sạn & Lưu trú,16.0615602,108.2452591,,,,,,,False,,,,,
node,12167891421,DANANG,Da Nang,Galina,Ẩm thực & Cafe,16.0597004,108.2462533,,"Ẩm thực: russian, uzbek. Có Wifi.",,,,"russian, uzbek",True,restaurant,,,,
node,12167891422,DANANG,Da Nang,T20,Ẩm thực & Cafe,16.05883,108.2464671,,,,,,,True,restaurant,,,,
node,12167891426,DANANG,Da Nang,Kungfu Panda,Ẩm thực & Cafe,16.056021,108.245053,,,,,,,True,restaurant,,,,
node,12167898650,DANANG,Da Nang,Yen Yakiniku,Ẩm thực & Cafe,16.0554313,108.2429757,,Ẩm thực: japanese.,,,,japanese,True,restaurant,,,,
node,12167898651,DANANG,Da Nang,Bep Hue,Ẩm thực & Cafe,16.0553597,108.2427238,,,,,,,True,restaurant,,,,
node,12167898652,DANANG,Da Nang,Azzan,Ẩm thực & Cafe,16.0552917,108.2424842,,,,,,,True,cafe,,,,
node,12168408866,DANANG,Da Nang,Lang Ghe Bien,Ẩm thực & Cafe,16.0523892,108.2479296,,Ẩm thực: seafood.,,,,seafood,True,restaurant,,,,
node,12168408876,DANANG,Da Nang,Benaras Central,Ẩm thực & Cafe,16.0556342,108.2436904,,Ẩm thực: indian.,,,,indian,True,restaurant,,,,
node,12168408882,DANANG,Da Nang,Seomin,Ẩm thực & Cafe,16.0493745,108.2461402,,"Ẩm thực: barbecue, korean.",,,,"barbecue, korean",True,restaurant,,,,
node,12168408886,DANANG,Da Nang,Ecogreen Boutique,Khách sạn & Lưu trú,16.0495831,108.2467755,,,,,,,False,,,,,
node,12168408888,DANANG,Da Nang,Samantha Apartment,Khách sạn & Lưu trú,16.0530106,108.2450894,,,,,,,False,,,,,
node,12168408889,DANANG,Da Nang,Maruten,Ẩm thực & Cafe,16.0522763,108.2450489,,Ẩm thực: sushi.,,,,sushi,True,restaurant,,,,
node,12168408890,DANANG,Da Nang,Vegan Cafe,Ẩm thực & Cafe,16.0492163,108.2466627,,,,,,,True,cafe,,,,
node,12168408891,DANANG,Da Nang,Five Senses,Ẩm thực & Cafe,16.0489642,108.2467417,,Ẩm thực: korean.,,,,korean,True,restaurant,,,,
node,12168408895,DANANG,Da Nang,Sun Flower Apartment,Khách sạn & Lưu trú,16.0488443,108.2467801,,,,,,,False,,,,,
node,12168408896,DANANG,Da Nang,Dhaba,Ẩm thực & Cafe,16.0489224,108.2467499,,Ẩm thực: indian.,,,,indian,True,restaurant,,,,
node,12168408897,DANANG,Da Nang,Calla Lily,Khách sạn & Lưu trú,16.0490512,108.2467206,,,,,,,False,,,,,
node,12168408898,DANANG,Da Nang,Pink Garden,Khách sạn & Lưu trú,16.0493539,108.2468532,,,,,,,False,,,,,
node,12169109801,DANANG,Da Nang,Hẽm,Ẩm thực & Cafe,16.0500297,108.2407236,Đường Đỗ Bá,Ẩm thực: vietnamese. Có Wifi. Chỗ ngồi ngoài trời.,,,,vietnamese,True,restaurant,,,,
node,12169174292,DANANG,Da Nang,Charming,Khách sạn & Lưu trú,16.0556054,108.2435891,,,,,,,False,,,,,
node,12169174293,DANANG,Da Nang,Minh Coffee,Ẩm thực & Cafe,16.0556822,108.2438597,,,,,,,True,cafe,,,,
node,12169278140,DANANG,Da Nang,Da Thanh Quan,Ẩm thực & Cafe,16.0554598,108.2440161,,Ẩm thực: seafood.,,,,seafood,True,restaurant,,,,
node,12169278141,DANANG,Da Nang,Thai Market,Ẩm thực & Cafe,16.0553408,108.242657,,Ẩm thực: thai.,,,,thai,True,restaurant,,,,
node,12169339369,DANANG,Da Nang,Flower Beachstay,Khách sạn & Lưu trú,16.0535165,108.2405561,,,,,,,False,,,,,
node,12169339370,DANANG,Da Nang,Sake House,Ẩm thực & Cafe,16.0535784,108.2405373,,,,,,,True,cafe,,,,
node,12169339371,DANANG,Da Nang,Vatthe,Ẩm thực & Cafe,16.0537431,108.2405121,,,,,,,True,cafe,,,,
node,12169743812,DANANG,Da Nang,Koi Spa & Coffee,Ẩm thực & Cafe,16.0520105,108.2450929,,,,,,,True,cafe,,,,
node,12169743813,DANANG,Da Nang,Adaline,Khách sạn & Lưu trú,16.0351466,108.2514666,,,,,,,False,,,,,
node,12169743815,DANANG,Da Nang,Ritzy Boutique,Khách sạn & Lưu trú,16.0546988,108.2442688,,,,,,,False,,,,,
node,12169743821,DANANG,Da Nang,Platinum,Khách sạn & Lưu trú,16.0533644,108.2446517,,,,,,,False,,,,,
node,12169743824,DANANG,Da Nang,Coala,Khách sạn & Lưu trú,16.0494535,108.2468195,,,,,,,False,,,,,
node,12169743825,DANANG,Da Nang,Papis,Ẩm thực & Cafe,16.04955,108.2465553,,"Ẩm thực: italian, pizza.",,,,"italian, pizza",True,restaurant,,,,
node,12169743826,DANANG,Da Nang,Classic,Khách sạn & Lưu trú,16.0556203,108.2436414,,,,,,,False,,,,,
node,12169743829,DANANG,Da Nang,Istanbul Kebab,Ẩm thực & Cafe,16.0511553,108.2451145,,"Ẩm thực: turkish, pizza, grill.",,,,"turkish, pizza, grill",True,restaurant,,,,
node,12169743830,DANANG,Da Nang,Bhojan,Ẩm thực & Cafe,16.052863,108.2446023,,Ẩm thực: indian.,,,,indian,True,restaurant,,,,
node,12169743833,DANANG,Da Nang,K-Mart,Mua sắm & Chợ,16.0404802,108.2490041,,,,,,,False,,,,,
node,12169743835,DANANG,Da Nang,Sofia Suite,Khách sạn & Lưu trú,16.0549862,108.244181,,,,,,,False,,,,,
node,12169743836,DANANG,Da Nang,Thuc Thanh,Khách sạn & Lưu trú,16.0542202,108.2444428,,,,,,,False,,,,,
node,12169743837,DANANG,Da Nang,Pizza House,Ẩm thực & Cafe,16.0535697,108.2445857,,"Ẩm thực: international, pizza, italian, pasta.",,,,"international, pizza, italian, pasta",True,restaurant,,,,
node,12169743838,DANANG,Da Nang,LIVIE,Khách sạn & Lưu trú,16.0498528,108.2458381,,,,,,,False,,,,,
node,12169743843,DANANG,Da Nang,An An,Ẩm thực & Cafe,16.0517882,108.2451501,,Ẩm thực: vietnamese.,,,,vietnamese,True,cafe,,,,
node,12169743844,DANANG,Da Nang,Gold Time,Khách sạn & Lưu trú,16.0513804,108.2454781,,,,,,,False,,,,,
node,12169835013,DANANG,Da Nang,Saluton,Khách sạn & Lưu trú,16.0655723,108.2392644,,,,,,,False,,,,,
node,12169835016,DANANG,Da Nang,Ending Coffee,Ẩm thực & Cafe,16.0578601,108.2448938,,,,,,,True,cafe,,,,
node,12169835018,DANANG,Da Nang,Bac Nam,Khách sạn & Lưu trú,16.0582833,108.2447647,,,,,,,False,,,,,
node,12169835021,DANANG,Da Nang,Yellow Apricot,Khách sạn & Lưu trú,16.0598468,108.2444625,,,,,,,False,,,,,
node,12169835023,DANANG,Da Nang,Ka Thy,Khách sạn & Lưu trú,16.058477,108.2429344,,,,,,,False,,,,,
node,12169835028,DANANG,Da Nang,Sun Flower,Khách sạn & Lưu trú,16.0628702,108.2433333,,,,,,,False,,,,,
node,12169835029,DANANG,Da Nang,White Sand,Khách sạn & Lưu trú,16.0628378,108.2423845,,,,,,,False,,,,,
node,12169835032,DANANG,Da Nang,Moon Cafe,Ẩm thực & Cafe,16.0574637,108.2430337,,,,,,,True,cafe,,,,
node,12169835034,DANANG,Da Nang,Garden Coffee,Ẩm thực & Cafe,16.0637651,108.2405129,,,,,,,True,cafe,,,,
node,12169835039,DANANG,Da Nang,Reveur,Khách sạn & Lưu trú,16.0643528,108.241528,,,,,,,False,,,,,
node,12169835040,DANANG,Da Nang,Hana,Khách sạn & Lưu trú,16.0651359,108.2416436,,,,,,,False,,,,,
node,12169835043,DANANG,Da Nang,No Limits,Thể thao & Giải trí,16.0655829,108.2403269,,,,,,,False,,,,,
node,12169835054,DANANG,Da Nang,Champa,Ẩm thực & Cafe,16.0569007,108.2452644,,,,,,,True,restaurant,,,,
node,12169835055,DANANG,Da Nang,Phuc Dong,Khách sạn & Lưu trú,16.0649909,108.2405242,,,,,,,False,,,,,
node,12169835056,DANANG,Da Nang,Recharged,Ẩm thực & Cafe,16.0646177,108.2405919,,,,,,,True,restaurant,,,,
node,12169835057,DANANG,Da Nang,Lantana,Khách sạn & Lưu trú,16.0640016,108.2404203,,,,,,,False,,,,,
node,12170223347,DANANG,Da Nang,Mad Platter,Ẩm thực & Cafe,16.0665048,108.2460143,,,,,,,True,restaurant,,,,
node,12170223348,DANANG,Da Nang,Otxanh Ocean,Ẩm thực & Cafe,16.0667186,108.246009,,Ẩm thực: seafood.,,,,seafood,True,restaurant,,,,
node,12170223349,DANANG,Da Nang,4U Restaurant,Ẩm thực & Cafe,16.0670856,108.2459999,,Ẩm thực: seafood.,,,,seafood,True,restaurant,,,,
node,12170223350,DANANG,Da Nang,For You Steakhouse and Seafood,Ẩm thực & Cafe,16.0673611,108.245993,,Ẩm thực: steak_house.,,,,steak_house,True,restaurant,,,,
node,12171092713,DANANG,Da Nang,Nam Hien,Ẩm thực & Cafe,16.0559743,108.2448885,,Ẩm thực: japanese.,,,,japanese,True,cafe,,,,
node,12171092714,DANANG,Da Nang,Q-beach,Khách sạn & Lưu trú,16.0558131,108.2441849,,,,,,,False,,,,,
node,12171117110,DANANG,Da Nang,Mangata,Khách sạn & Lưu trú,16.0788653,108.2457954,,,,,,,False,,,,,
node,12171117112,DANANG,Da Nang,Sands,Khách sạn & Lưu trú,16.0859972,108.2481615,,,,,,,False,,,,,
node,12171117113,DANANG,Da Nang,Grand Gold,Khách sạn & Lưu trú,16.0938315,108.2514354,,,,,,,False,,,,,
node,12171202636,DANANG,Da Nang,Sontra Sea Hotel,Khách sạn & Lưu trú,16.0994475,108.2545649,"41 Đường Hoàng Sa, Thọ Quang, Sơn Trà, Đà Nẵng",Giờ mở cửa: 24/7. Có Wifi. Hỗ trợ xe lăn.,0936790798,https://sontraseahotel.com/,24/7,,False,,,,,
node,12171219554,DANANG,Da Nang,San Apartment,Khách sạn & Lưu trú,16.0652313,108.2404385,,,,,,,False,,,,,
node,12171219555,DANANG,Da Nang,Anh Kim Quan,Ẩm thực & Cafe,16.0653388,108.2400409,,,,,,,True,restaurant,,,,
node,12171219558,DANANG,Da Nang,Duy Tuan,Khách sạn & Lưu trú,16.0646836,108.2394561,,,,,,,False,,,,,
node,12171219560,DANANG,Da Nang,Temo House,Khách sạn & Lưu trú,16.0631699,108.2389372,,,,,,,False,,,,,
node,12171219561,DANANG,Da Nang,TaHi Garden,Ẩm thực & Cafe,16.0628735,108.2386512,64 Đường Mỹ Khê 7,"Ẩm thực: breakfast, burger, coffee_shop, vietnamese. Giờ mở cửa: Mo-Su 07:00-18:00. Có Wifi. Chỗ ngồi ngoài trời.",0905658501,,Mo-Su 07:00-18:00,"breakfast, burger, coffee_shop, vietnamese",True,cafe,,,,
node,12171219562,DANANG,Da Nang,Andy,Khách sạn & Lưu trú,16.0618918,108.2383488,,,,,,,False,,,,,
node,12171219565,DANANG,Da Nang,Lee’s,Khách sạn & Lưu trú,16.0605038,108.2386328,,,,,,,False,,,,,
node,12171219577,DANANG,Da Nang,An Cu,Khách sạn & Lưu trú,16.0555647,108.2398856,,,,,,,False,,,,,
node,12173072805,DANANG,Da Nang,Dom Dom,Ẩm thực & Cafe,16.0551673,108.2420458,,Ẩm thực: barbecue.,,,,barbecue,True,restaurant,,,,
node,12173072807,DANANG,Da Nang,Sunny Beach,Khách sạn & Lưu trú,16.0505457,108.2453403,,,,,,,False,,,,,
node,12173072809,DANANG,Da Nang,Flower Hotel,Khách sạn & Lưu trú,16.0516896,108.2455943,,,,,,,False,,,,,
node,12173072810,DANANG,Da Nang,Blue-S,Khách sạn & Lưu trú,16.0514313,108.2456554,,,,,,,False,,,,,
node,12173072811,DANANG,Da Nang,The Place,Ẩm thực & Cafe,16.0517192,108.2456994,,Ẩm thực: barbecue.,,,,barbecue,True,restaurant,,,,
node,12173072813,DANANG,Da Nang,May Beach,Khách sạn & Lưu trú,16.0518234,108.2460698,,,,,,,False,,,,,
node,12173072815,DANANG,Da Nang,The Sail,Khách sạn & Lưu trú,16.0516645,108.2464677,,,,,,,False,,,,,
node,12173072816,DANANG,Da Nang,Santa Luxury,Khách sạn & Lưu trú,16.0517038,108.2466046,,,,,,,False,,,,,
node,12173072818,DANANG,Da Nang,Cicilia,Khách sạn & Lưu trú,16.0520862,108.246746,,,,,,,False,,,,,
node,12173072820,DANANG,Da Nang,Golden Lotus Luxury,Khách sạn & Lưu trú,16.0522539,108.2467055,,,,,,,False,,,,,
node,12173072821,DANANG,Da Nang,Monalisa Luxury,Khách sạn & Lưu trú,16.0526876,108.2465521,,,,,,,False,,,,,
node,12174005650,DANANG,Da Nang,Mayaca Coffee,Ẩm thực & Cafe,16.0561288,108.2409483,,,,,,,True,cafe,,,,
node,12174005660,DANANG,Da Nang,Thanh Tam,Khách sạn & Lưu trú,16.0635419,108.2400529,,,,,,,False,,,,,
node,12174005661,DANANG,Da Nang,Nice House,Khách sạn & Lưu trú,16.0635395,108.2396845,,,,,,,False,,,,,
node,12174005662,DANANG,Da Nang,Fun House,Khách sạn & Lưu trú,16.0636538,108.2399726,,,,,,,False,,,,,
node,12174005663,DANANG,Da Nang,King House,Khách sạn & Lưu trú,16.0637383,108.2399671,,,,,,,False,,,,,
node,12174005664,DANANG,Da Nang,Fairy Apartment,Khách sạn & Lưu trú,16.0640584,108.2395003,,,,,,,False,,,,,
node,12174005666,DANANG,Da Nang,Tony Apartment & Homestay,Khách sạn & Lưu trú,16.0645627,108.2394575,,,,,,,False,,,,,
node,12174018926,DANANG,Da Nang,NO LIMITS Coffee & Juice,Ẩm thực & Cafe,16.0656333,108.2399219,233 Đường Nguyễn Công Trứ,Ẩm thực: coffee_shop. Có Wifi. Chỗ ngồi ngoài trời.,,,,coffee_shop,True,cafe,,,,
node,12174018927,DANANG,Da Nang,Joki,Ẩm thực & Cafe,16.065039,108.2398456,,Ẩm thực: seafood.,,,,seafood,True,restaurant,,,,
node,12174018928,DANANG,Da Nang,SH Apartment,Khách sạn & Lưu trú,16.0648129,108.2397979,,,,,,,False,,,,,
node,12174018930,DANANG,Da Nang,My Son,Khách sạn & Lưu trú,16.0635601,108.2399744,,,,,,,False,,,,,
node,12174890733,DANANG,Da Nang,Nha Gua Gio,Ẩm thực & Cafe,16.062658,108.239764,,,,,,,True,cafe,,,,
node,12174890734,DANANG,Da Nang,Win Win,Khách sạn & Lưu trú,16.0611494,108.2393374,,,,,,,False,,,,,
node,12174890735,DANANG,Da Nang,Thai Van,Khách sạn & Lưu trú,16.0611408,108.2391533,,,,,,,False,,,,,
node,12174890736,DANANG,Da Nang,Le Cap,Khách sạn & Lưu trú,16.0607908,108.239489,,,,,,,False,,,,,
node,12174890740,DANANG,Da Nang,Doc Moc Buffet,Ẩm thực & Cafe,16.0562963,108.2434152,,Ẩm thực: vietnamese.,,,,vietnamese,True,cafe,,,,
node,12174890747,DANANG,Da Nang,Lucky Apartment,Khách sạn & Lưu trú,16.0635035,108.2403185,,,,,,,False,,,,,
node,12174890748,DANANG,Da Nang,Oasis,Khách sạn & Lưu trú,16.0634944,108.2404459,,,,,,,False,,,,,
node,12174890749,DANANG,Da Nang,Lis Hotel,Khách sạn & Lưu trú,16.063583,108.2396831,,,,,,,False,,,,,
node,12174890750,DANANG,Da Nang,Tuti,Khách sạn & Lưu trú,16.0597015,108.2387669,,,,,,,True,homestay_guesthouse,,,,
node,12174890751,DANANG,Da Nang,Fussa,Khách sạn & Lưu trú,16.0587845,108.2390702,,,,,,,False,,,,,
node,12174890752,DANANG,Da Nang,Thai Ba Thanh,Khách sạn & Lưu trú,16.0569401,108.2396574,,,,,,,False,,,,,
node,12174890753,DANANG,Da Nang,Gozar Coffee,Ẩm thực & Cafe,16.0494795,108.2458039,,,,,,,True,cafe,,,,
node,12174890754,DANANG,Da Nang,Serenity,Ẩm thực & Cafe,16.0510961,108.2451324,,,,,,,True,cafe,,,,
node,12174890755,DANANG,Da Nang,Yoshino Shoten,Ẩm thực & Cafe,16.0534478,108.2446249,,"Ẩm thực: ramen, japanese.",,,,"ramen, japanese",True,restaurant,,,,
node,12175071919,DANANG,Da Nang,Euro Star,Khách sạn & Lưu trú,16.0564911,108.2319668,,,,,,,False,,,,,
node,12175071920,DANANG,Da Nang,Xenia,Khách sạn & Lưu trú,16.0565373,108.2313682,,,,,,,False,,,,,
node,12175071921,DANANG,Da Nang,Green Coffee,Ẩm thực & Cafe,16.0591137,108.2307179,,,,,,,True,cafe,,,,
node,12175071922,DANANG,Da Nang,Wink Danang Riverside,Khách sạn & Lưu trú,16.0677078,108.2293505,351 Đường Trần Hưng Đạo,,,,,,False,,,,,
node,12175071923,DANANG,Da Nang,Legacy Hotel,Khách sạn & Lưu trú,16.0679019,108.2293022,,,,,,,False,,,,,
node,12175071924,DANANG,Da Nang,Loco,Ẩm thực & Cafe,16.0715194,108.2242012,,,,,,,True,restaurant,,,,
node,12175071925,DANANG,Da Nang,Rup’s,Ẩm thực & Cafe,16.0711724,108.2249723,,,,,,,True,cafe,,,,
node,12175071926,DANANG,Da Nang,Ut Tich,Ẩm thực & Cafe,16.0689221,108.224931,,,,,,,True,cafe,,,,
node,12175071927,DANANG,Da Nang,Seahorse,Khách sạn & Lưu trú,16.0678023,108.2246618,,,,,,,True,homestay_guesthouse,,,,
node,12175071928,DANANG,Da Nang,H.Linh,Khách sạn & Lưu trú,16.0671563,108.2248192,,,,,,,False,,,,,
node,12175071930,DANANG,Da Nang,Haian,Khách sạn & Lưu trú,16.0661538,108.2244655,,,,,,,False,,,,,
node,12175071931,DANANG,Da Nang,Pariat,Khách sạn & Lưu trú,16.0653765,108.2241439,,,,,,,False,,,,,
node,12175071932,DANANG,Da Nang,Gordon’s New York Pizza,Ẩm thực & Cafe,16.0643996,108.2240413,,Ẩm thực: pizza.,,,,pizza,True,restaurant,,,,
node,12175129739,DANANG,Da Nang,Phu An,Khách sạn & Lưu trú,16.0576787,108.2222689,,,,,,,False,,,,,
node,12175129740,DANANG,Da Nang,Bong,Ẩm thực & Cafe,16.0579328,108.2224234,,,,,,,True,restaurant,,,,
node,12175129741,DANANG,Da Nang,Fivitel,Khách sạn & Lưu trú,16.0520127,108.2328752,,,,,,,False,,,,,
node,12176034355,DANANG,Da Nang,Kichi-Kichi,Ẩm thực & Cafe,16.0650674,108.2026408,,,,,,,True,cafe,,,,
node,12177771169,DANANG,Da Nang,Adobo,Ẩm thực & Cafe,16.0492816,108.247395,,Ẩm thực: mexican.,,,,mexican,True,cafe,,,,
node,12179612701,DANANG,Da Nang,Luk Inn & Hostel,Khách sạn & Lưu trú,16.0489445,108.2463031,12 Đường An Thượng 4,Có Wifi.,02363912122,,,,False,,,,,
node,12185182501,DANANG,Da Nang,The New Gym,Thể thao & Giải trí,16.0629557,108.2180462,115 Đường Hoàng Diệu,Giờ mở cửa: 24/7. Có Wifi.,01900636920,https://www.thenewgym.vn/,24/7,,False,,,,,
node,12185882401,DANANG,Da Nang,Quốc Cường Center Hotel,Khách sạn & Lưu trú,16.057696,108.2169606,322-324 Đường Hoàng Diệu,Có Wifi.,01900232343,,,,False,,,,,
node,12222115201,DANANG,Da Nang,HI4 COFFEE & WORKSPACE,Ẩm thực & Cafe,16.0488341,108.243125,"120 Mai Thúc Lân, Bắc Mỹ Phú, Ngũ Hành Sơn, Đà Nẵng 550000",Giờ mở cửa: 24/7.,,,24/7,,False,,,,,
node,12277786601,DANANG,Da Nang,Sappia Cafe & Bar,Ẩm thực & Cafe,16.0199537,108.2573641,,Có Wifi.,,,,,True,cafe,,,,
node,12278163292,DANANG,Da Nang,GLG Yoga School,Thể thao & Giải trí,16.0427355,108.2151834,"75 Bình An 7, Hoa Cường Bắc, Hải Châu, Đà Nẵng",,,,,,False,,,,,
node,12280414801,DANANG,Da Nang,Full-Market,Mua sắm & Chợ,16.0177381,108.2574538,,Giờ mở cửa: 24/7.,,,24/7,,False,,,,,
node,12314059213,DANANG,Da Nang,Quán ăn Cháo - Xôi A Tiều,Ẩm thực & Cafe,16.0760478,108.2181955,"37 Đường Ba Đình, Thạch Thang, Hải Châu, Đà Nẵng","Ẩm thực: regional, vietnamese.",,https://www.facebook.com/chaoxoidanang/,,"regional, vietnamese",True,restaurant,,,,
node,12333995781,DANANG,Da Nang,Chợ đêm Lê Duẩn,Mua sắm & Chợ,16.070751,108.2150164,Đà Nẵng,,,,,,True,traditional_market,,,,
node,12337003901,DANANG,Da Nang,Mỳ Quảng Cô Sáu,Ẩm thực & Cafe,16.0661233,108.229693,389 Đường Trần Hưng Đạo,"Ẩm thực: noodles, chicken, fish, seafood, vietnamese, local, noodles, regional, frog, rooster_testicles. Giờ mở cửa: 06:00-22:30. Có Wifi. Hỗ trợ xe lăn.",0788492977,,06:00-22:30,"noodles, chicken, fish, seafood, vietnamese, local, noodles, regional, frog, rooster_testicles",True,restaurant,,,,
node,12345255101,DANANG,Da Nang,Gé Cafe,Ẩm thực & Cafe,16.0639538,108.2226683,,Có Wifi.,,,,,True,cafe,,,,
node,12346327601,DANANG,Da Nang,Moonlight Hotel Suites & Spa,Khách sạn & Lưu trú,16.065119,108.2199896,136-140 Đường Phan Châu Trinh,,,,,,False,,,,,
node,12346362901,DANANG,Da Nang,Moonlight Hotel Suites & Spa,Khách sạn & Lưu trú,16.0640178,108.2198533,136-140 Đường Phan Châu Trinh,,,,,,False,,,,,
node,12346373401,DANANG,Da Nang,Dong Duong Hotel & Suites - Afternoon Tea Inclusive,Khách sạn & Lưu trú,16.0650385,108.2223568,62 Đường Thái Phiên,,,,,,False,,,,,
node,12346396901,DANANG,Da Nang,Leila House - DaNang Central - 3BRs - Free Airport Shuttle,Khách sạn & Lưu trú,16.0582534,108.2162134,Kiệt 308 Hoàng Diệu,,,,,,True,homestay_guesthouse,,,,
node,12346439701,DANANG,Da Nang,Abogo Villa Pool Near Beach BBQ Free Da Nang,Khách sạn & Lưu trú,16.0452231,108.2468264,67 Đường Mỹ Đa Đông 8,,,,,,True,homestay_guesthouse,,,,
node,12350543701,DANANG,Da Nang,Bún chả cá Hờn,Ẩm thực & Cafe,16.0740827,108.2212407,3 Kiệt 113 Nguyễn Chí Thanh,"Ẩm thực: vietnamese, noodle.",,,,"vietnamese, noodle",True,restaurant,,,,
node,12357498701,DANANG,Da Nang,Danasol - Eatery Cafe Workspace,Ẩm thực & Cafe,16.0576886,108.2404305,117 Đường Đặng Vũ Hỷ,"Ẩm thực: breakfast, chicken, coffee_shop, french, international, mediterranean. Giờ mở cửa: Mo-Su 08:00-20:00. Có Wifi. Chỗ ngồi ngoài trời.",,https://danasol-dn.com/,Mo-Su 08:00-20:00,"breakfast, chicken, coffee_shop, french, international, mediterranean",True,cafe,,,,
node,12361006001,DANANG,Da Nang,Rang - Internationally Indian,Ẩm thực & Cafe,16.0430696,108.2479304,,"Ẩm thực: diner, indian, international, seafood. Có Wifi.",,,,"diner, indian, international, seafood",True,restaurant,,,,
node,12369648101,DANANG,Da Nang,Mumtaz - Indian Aroma Restaurant,Ẩm thực & Cafe,16.0470764,108.2455404,,"Ẩm thực: asian, curry, fish, indian, seafood.",,,,"asian, curry, fish, indian, seafood",True,restaurant,,,,
node,12372805701,DANANG,Da Nang,Gé Cafe,Ẩm thực & Cafe,16.0639195,108.2226583,,Có Wifi.,,,,,True,cafe,,,,
node,12372807901,DANANG,Da Nang,Bếp Của Ngoại,Ẩm thực & Cafe,16.0507437,108.2454772,,Ẩm thực: vietnamese. Có Wifi.,,,,vietnamese,True,restaurant,,,,
node,12372814701,DANANG,Da Nang,Bé Ni 2,Ẩm thực & Cafe,16.0667909,108.2449525,,"Ẩm thực: asian, deli, fish, seafood, vietnamese.",,,,"asian, deli, fish, seafood, vietnamese",True,restaurant,,,,
node,12372816702,DANANG,Da Nang,Bún Bò Bà Rơi,Ẩm thực & Cafe,16.0537179,108.2214676,,"Ẩm thực: noodles, vietnamese. Có Wifi.",,,,"noodles, vietnamese",True,restaurant,,,,
node,12372824402,DANANG,Da Nang,Mi Quảng Hồng Vân,Ẩm thực & Cafe,16.0640032,108.2205832,59 Đường Lê Hồng Phong,Ẩm thực: vietnamese. Có Wifi.,,,,vietnamese,True,restaurant,,,,
node,12372824403,DANANG,Da Nang,Bún Chả Cá Bà Hoa,Ẩm thực & Cafe,16.0639276,108.2214957,,"Ẩm thực: fish, noodles, vietnamese. Giờ mở cửa: 06:00-21:00. Có Wifi. Hỗ trợ xe lăn.",,,06:00-21:00,"fish, noodles, vietnamese",True,restaurant,,,,
node,12373107601,DANANG,Da Nang,Bravo Pizzeria,Ẩm thực & Cafe,16.0526459,108.2417111,18 Đường An Thượng 24,"Ẩm thực: italian, italian_pizza, pizza.",,,,"italian, italian_pizza, pizza",True,restaurant,,,,
node,12376456301,DANANG,Da Nang,Hideout Cafe,Ẩm thực & Cafe,16.050788,108.2433688,,Có Wifi.,,,,,True,cafe,,,,
node,12376456401,DANANG,Da Nang,Pacô Café,Ẩm thực & Cafe,16.05084,108.2435662,,,,,,,True,cafe,,,,
node,12377587601,DANANG,Da Nang,Sa Ke Café & Pub,Ẩm thực & Cafe,16.044402,108.2461367,,"Ẩm thực: coffee_shop, vietnamese. Có Wifi.",,,,"coffee_shop, vietnamese",True,cafe,,,,
node,12377587602,DANANG,Da Nang,VernalHome Boutique DaNang,Khách sạn & Lưu trú,16.0404222,108.245577,,Giờ mở cửa: 24/7. Có Wifi.,,,24/7,,False,,,,,
node,12382429401,DANANG,Da Nang,Lanzhou Beef Noodles,Ẩm thực & Cafe,16.0519094,108.2463757,Đường Đỗ Bá,,,,,,True,restaurant,,,,
node,12382574001,DANANG,Da Nang,Golden lotus,Khách sạn & Lưu trú,16.0509684,108.2471195,,,,,,,False,,,,,
node,12383633201,DANANG,Da Nang,Cong ca phe,Ẩm thực & Cafe,16.0491295,108.2450009,,,,,,,True,cafe,,,,
node,12392855201,DANANG,Da Nang,D & D Café & Homestay,Ẩm thực & Cafe,16.0427974,108.2445661,,,,,,,True,cafe,,,,
node,12395066001,DANANG,Da Nang,The Wagon,Ẩm thực & Cafe,16.0523264,108.240883,Kiệt 72 Nguyễn Văn Thoại,Có Wifi.,,,,,True,cafe,,,,
node,12395083301,DANANG,Da Nang,Chuyen Café,Ẩm thực & Cafe,16.0513576,108.2407095,,,,,,,True,cafe,,,,
node,12401459401,DANANG,Da Nang,Cơm Gà Gia Vĩnh - Lê Thanh Nghị,Ẩm thực & Cafe,16.0544733,108.240528,,,,,,,True,restaurant,,,,
node,12402101301,DANANG,Da Nang,CinCin Pizzeria - Wood Oven Pizza In DaNang,Ẩm thực & Cafe,16.0731069,108.2372895,11B2 Đường Đinh Thị Hòa,"Ẩm thực: italian, italian_pizza.",,,,"italian, italian_pizza",True,restaurant,,,,
node,12402104801,DANANG,Da Nang,Nhà hàng Nhật Miyoshi,Ẩm thực & Cafe,16.0693093,108.2364723,227 Đường Dương Đình Nghệ,"Ẩm thực: japanese, sushi.",,,,"japanese, sushi",True,restaurant,,,,
node,12402494401,DANANG,Da Nang,Gom House,Khách sạn & Lưu trú,16.0822855,108.2455556,,,,,,,False,,,,,
node,12404434601,DANANG,Da Nang,Khu Văn hóa Tâm linh Đà Sơn,Tôn giáo & Tâm linh,16.0418575,108.1477778,"Hòa Khánh Nam, quận Liên Chiểu, Đà Nẵng","Complex is a developing spiritual site in Da Nang. It features a 65m stone statue of Buddha, carved directly from the mountain rock. It is a peaceful spot for prayer, meditation, and photography.",0982039703,,,,False,,,,,
node,12410940702,DANANG,Da Nang,Century Hotel,Khách sạn & Lưu trú,16.0626108,108.2418096,105 Đường Võ Văn Kiệt,Có Wifi.,02363939007,https://centurydanang.com/,,,False,,,,,
node,12412721201,DANANG,Da Nang,Secret garden,Khách sạn & Lưu trú,16.0652794,108.2241673,,,,,,,True,homestay_guesthouse,,,,
node,12418258801,DANANG,Da Nang,Capsule Hotel,Khách sạn & Lưu trú,16.0723736,108.2399822,,,,,,,True,homestay_guesthouse,,,,
node,12418996101,DANANG,Da Nang,Hủ Tiếu Mực,Ẩm thực & Cafe,16.0638724,108.2222781,,Ẩm thực: vietnamese.,,,,vietnamese,True,restaurant,,,,
node,12420714002,DANANG,Da Nang,Roliva Hotel & Apartment,Khách sạn & Lưu trú,16.0717158,108.2348659,13 Đường Phạm Văn Đồng,Có Wifi.,02363996111,,,,False,,,,,
node,12420727301,DANANG,Da Nang,TA Boutique Hotel,Khách sạn & Lưu trú,16.0483143,108.2421121,38 Đường Hoàng Kế Viêm,Có Wifi.,0795795795,https://taboutiquehotel.com/,,,False,,,,,
node,12422104201,DANANG,Da Nang,Hủ Tiếu Kỳ Kỳ,Ẩm thực & Cafe,16.0627547,108.2224187,,,,,,,True,restaurant,,,,
node,12424938201,DANANG,Da Nang,Buddha,Văn hóa & Nghệ thuật,16.0044679,108.2639436,,,,,,,False,,,,,
node,12433230010,DANANG,Da Nang,Luk Lak,Ẩm thực & Cafe,16.0786668,108.2236675,28 Bạch Đằng,Ẩm thực: vietnamese. Giờ mở cửa: Mo-Su 07:00-22:30.,0818122828,https://luklak.vn/,Mo-Su 07:00-22:30,vietnamese,True,restaurant,,,,
node,12485960791,DANANG,Da Nang,Han Appartment,Khách sạn & Lưu trú,16.0658272,108.2310507,"14 Mai Hắc Đế, An Hải Trung, Sơn Trà, Da Nang",Có Wifi.,0934930933,@hanapartment,,,False,,,,,
node,12486036201,DANANG,Da Nang,Chill Palace Hotel,Khách sạn & Lưu trú,16.0674514,108.2444363,45 Hà Bông,,,,,,False,,,,,
node,12571270664,DANANG,Da Nang,Hòa Phú Hill,Khách sạn & Lưu trú,15.9922722,108.0935659,"Thôn Hòa Phước, Xã Hòa Phú, Huyện Hòa Vang, Đà Nẵng",Giờ mở cửa: 24/7.,0905319616,,24/7,,False,,,,,
node,12588096502,DANANG,Da Nang,Hotel Rosa,Khách sạn & Lưu trú,16.0743494,108.2044562,,,,,,,False,,,,,
node,12592577201,DANANG,Da Nang,Bo Ne,Ẩm thực & Cafe,16.0685846,108.2294188,,,,,,,True,cafe,,,,
node,12600686584,DANANG,Da Nang,Phinn Cafe,Ẩm thực & Cafe,16.0643182,108.2226272,12 Kiệt 27 Thái Phiên,Ẩm thực: coffee_shop.,,,,coffee_shop,True,cafe,,,,
node,12600753809,DANANG,Da Nang,Chin Stays,Khách sạn & Lưu trú,16.0706016,108.2238868,60 Trần Phú,Có Wifi.,,,,,False,,,,,
node,12600764839,DANANG,Da Nang,Cơm tấm Bà Lang,Ẩm thực & Cafe,16.0651665,108.2223231,120 Đường Yên Bái,Ẩm thực: vietnamese.,,,,vietnamese,True,restaurant,,,,
node,12603294638,DANANG,Da Nang,Mia Coffee Roastery,Ẩm thực & Cafe,16.0751701,108.2222151,9 Quang Trung,Ẩm thực: coffee_shop.,,,,coffee_shop,True,cafe,,,,
node,12603307807,DANANG,Da Nang,Bacama,Ẩm thực & Cafe,16.0779364,108.2150767,6 Kiệt 154 Lý Tự Trọng,"Ẩm thực: coffee_shop, cake. Giờ mở cửa: Mo-Su 06:30-22:30.",,,Mo-Su 06:30-22:30,"coffee_shop, cake",True,cafe,,,,
node,12603314868,DANANG,Da Nang,Bánh Bèo Nóng,Ẩm thực & Cafe,16.0740857,108.2095703,90 Đinh Tiên Hoàng,Ẩm thực: vietnamese. Giờ mở cửa: Mo-Su 05:30+.,0905072638,,Mo-Su 05:30+,vietnamese,True,restaurant,,,,
node,12603332725,DANANG,Da Nang,Soncha Roastery,Ẩm thực & Cafe,16.0765055,108.2129242,20 Kiệt 21 Ông Ích Khiêm,Ẩm thực: coffee_shop.,,,,coffee_shop,True,cafe,,,,
node,12603960658,DANANG,Da Nang,Sinh Tố Chè Thái A.Bé,Ẩm thực & Cafe,16.0652141,108.2201962,101 Thái Phiên,"Ẩm thực: juice, dessert.",,,,"juice, dessert",True,restaurant,,,,
node,12603966960,DANANG,Da Nang,Bún thịt nướng,Ẩm thực & Cafe,16.0717735,108.2142233,Kiệt 135 Hải Phòng,"Ẩm thực: vietnamese, noodle.",,,,"vietnamese, noodle",True,restaurant,,,,
node,12606953537,DANANG,Da Nang,Quán Nhân,Ẩm thực & Cafe,16.0462457,108.2455441,83 Phan Tứ,Ẩm thực: vietnamese.,0899860495,,,vietnamese,True,restaurant,,,,
node,12608970059,DANANG,Da Nang,Slow Breeze,Ẩm thực & Cafe,16.0777638,108.2112063,12a Kiệt 54 Ông Ích Khiêm,Ẩm thực: coffee_shop.,,,,coffee_shop,True,cafe,,,,
node,12608973951,DANANG,Da Nang,Lê Độ,Thể thao & Giải trí,16.0711592,108.2238854,46 Trần Phú,,,,,,False,,,,,
node,12609103130,DANANG,Da Nang,Bánh mì Chang Chang,Ẩm thực & Cafe,16.0774255,108.2119935,56b Ông Ích Khiêm,"Ẩm thực: sandwich, rice.",0978360835,,,"sandwich, rice",True,restaurant,,,,
node,12609115911,DANANG,Da Nang,Àla Cafe,Ẩm thực & Cafe,16.0736742,108.2217151,"27 Kiệt 113 Nguyễn Chí Thanh, Hải Châu, Đà Nẵng",Ẩm thực: coffee_shop. Giờ mở cửa: Mo-Su 07:00-18:00. Có Wifi. Chỗ ngồi ngoài trời.,0917168530,,Mo-Su 07:00-18:00,coffee_shop,True,cafe,,,,
node,12611808584,DANANG,Da Nang,V7 Tab,Ẩm thực & Cafe,16.0581671,108.2222355,8B Kiệt 46 2 Tháng 9,Ẩm thực: coffee_shop. Có Wifi.,0565085637,,,coffee_shop,True,cafe,,,,
node,12612220044,DANANG,Da Nang,Bánh cuốn Kim Cúc,Ẩm thực & Cafe,16.0661559,108.2209283,,Ẩm thực: vietnamese.,,,,vietnamese,True,restaurant,,,,
node,12612220045,DANANG,Da Nang,Quán Đại Lộc,Ẩm thực & Cafe,16.0579908,108.2208559,97 Trưng Nữ Vương,Ẩm thực: vietnamese.,,,,vietnamese,True,restaurant,,,,
node,12612220720,DANANG,Da Nang,Sơn Hải,Ẩm thực & Cafe,16.0484071,108.209222,40b Đường Nguyễn Hữu Thọ,"Ẩm thực: coffee_shop, tea. Giờ mở cửa: Mo-Th 09:00-22:30; Fr-Su 09:00-23:30. Có Wifi. Chỗ ngồi ngoài trời.",,,Mo-Th 09:00-22:30; Fr-Su 09:00-23:30,"coffee_shop, tea",True,cafe,,,,
node,12612220933,DANANG,Da Nang,Quán Hồng Nguyệt,Ẩm thực & Cafe,16.0628411,108.2172545,10 Kiệt 178 Hoàng Diệu,Ẩm thực: vietnamese.,,,,vietnamese,True,restaurant,,,,
node,12613011101,DANANG,Da Nang,Cha Cá Bà Phiên (bà thùa),Ẩm thực & Cafe,16.0640678,108.2202493,,"Ẩm thực: diner, local, regional, vietnamese. Giờ mở cửa: Mo-Su 15:00-21:00.",0905102047,,Mo-Su 15:00-21:00,"diner, local, regional, vietnamese",True,restaurant,,,,
node,12613011201,DANANG,Da Nang,Thanh Hoang Chau hotel,Khách sạn & Lưu trú,16.0651724,108.2192072,,,,,,,False,,,,,
node,12615288667,DANANG,Da Nang,Bánh Tráng Cô Tý,Ẩm thực & Cafe,16.0626939,108.2163553,Kiệt 172 Lê Đình Dương,"Ẩm thực: snack, vietnamese.",,,,"snack, vietnamese",True,restaurant,,,,
node,12615300356,DANANG,Da Nang,2AM Coffee,Ẩm thực & Cafe,16.0590816,108.2057361,194 Nguyễn Tri Phương,Ẩm thực: coffee_shop. Có Wifi. Chỗ ngồi ngoài trời.,,,,coffee_shop,True,cafe,,,,
node,12615301813,DANANG,Da Nang,Quán Nga 2,Ẩm thực & Cafe,16.0797334,108.2151698,Hải Hồ 43B,"Ẩm thực: rice, vietnamese.",0905247316,,,"rice, vietnamese",True,restaurant,,,,
node,12615312425,DANANG,Da Nang,Quán 99,Ẩm thực & Cafe,16.0818371,108.2163536,99 Hải Hồ,Ẩm thực: vietnamese.,,,,vietnamese,True,restaurant,,,,
node,12615586301,DANANG,Da Nang,Tie Tag coffeeshop,Ẩm thực & Cafe,16.0650812,108.2231073,,"Ẩm thực: bubble_tea, coffee_shop, tea. Có Wifi.",,,,"bubble_tea, coffee_shop, tea",True,cafe,,,,
node,12615820501,DANANG,Da Nang,Frog porridge Moppi do,Ẩm thực & Cafe,16.0652071,108.2201149,,"Ẩm thực: local, regional, vietnamese. Giờ mở cửa: Mo-Su 12:00-22:00.",,,Mo-Su 12:00-22:00,"local, regional, vietnamese",True,restaurant,,,,
node,12617970402,DANANG,Da Nang,Chickpea Eatery,Ẩm thực & Cafe,16.0562201,108.2405601,,Ẩm thực: regional.,0766731285,https://chickpeaeatery.com/,,regional,True,restaurant,,,,
node,12618428066,DANANG,Da Nang,Bánh Tráng Dì Em,Ẩm thực & Cafe,16.0585655,108.2132371,252 Nguyễn Hoàng,"Ẩm thực: snack, vietnamese.",,,,"snack, vietnamese",True,restaurant,,,,
node,12621757841,DANANG,Da Nang,The Home hotel & apartment,Khách sạn & Lưu trú,16.0721125,108.2382472,,,,,,,False,,,,,
node,12622064034,DANANG,Da Nang,Marble Mountains Museum,Văn hóa & Nghệ thuật,16.003907,108.2660314,,,,,,,False,,,,,
node,12622667701,DANANG,Da Nang,Pho Long Hoi,Ẩm thực & Cafe,16.0541141,108.2393067,,,,,,,True,restaurant,,,,
node,12627864901,DANANG,Da Nang,Everyday Vegan,Ẩm thực & Cafe,16.0485664,108.2422852,,,,,,,True,restaurant,,,,
node,12628082301,DANANG,Da Nang,Quan Com Truong Tho 25k,Ẩm thực & Cafe,16.0659069,108.2387214,217 Đường Nguyễn Công Trứ,"Ẩm thực: local, vietnamese. Có Wifi.",0902524243,,,"local, vietnamese",True,cafe,,,,
node,12649549801,DANANG,Da Nang,Chay Au Lac vegetarian,Ẩm thực & Cafe,16.0779814,108.218442,,,,,,,True,restaurant,,,,
node,12649595801,DANANG,Da Nang,Banana Homestay,Khách sạn & Lưu trú,16.0784639,108.21915,,,,,,,True,homestay_guesthouse,,,,
node,12651694601,DANANG,Da Nang,Cafeholic,Ẩm thực & Cafe,16.0785941,108.219262,,,,,,,True,cafe,,,,
node,12655225301,DANANG,Da Nang,Angel Coffee,Ẩm thực & Cafe,16.0743072,108.2181492,,,,,,,True,cafe,,,,
node,12655225401,DANANG,Da Nang,Centre Point Hotel and Residence,Khách sạn & Lưu trú,16.0766799,108.2174776,,,,,,,False,,,,,
node,12658178350,DANANG,Da Nang,Khách Sận Kamala Hotel & Department,Khách sạn & Lưu trú,16.0685105,108.2440869,"2 Đường Hà Bổng, Phước Mỹ, Sơn Trà, Đà Nẵng",Có Wifi.,02363943379,,,,False,,,,,
node,12658827301,DANANG,Da Nang,Bia Bat Dan,Ẩm thực & Cafe,16.0822377,108.2204584,,,,,,,True,restaurant,,,,
node,12662738802,DANANG,Da Nang,Bananaflower Homestay,Khách sạn & Lưu trú,16.0784393,108.2191541,,,,,,,True,homestay_guesthouse,,,,
node,12666575501,DANANG,Da Nang,VR world,Ẩm thực & Cafe,16.0982559,108.2283249,,,,,,,False,,,,,
node,12672844901,DANANG,Da Nang,Sun Hotel,Khách sạn & Lưu trú,16.0393731,108.2470593,,,,,,,False,,,,,
node,12680165501,DANANG,Da Nang,Hu tien Minh Hieu,Ẩm thực & Cafe,16.0348067,108.2204927,48 Đường Trịnh Công Sơn,Ẩm thực: vietnamese. Giờ mở cửa: Mo-Su 15:30-22:00.,,,Mo-Su 15:30-22:00,vietnamese,True,restaurant,,,,
node,12690043401,DANANG,Da Nang,Vê dây ân chay,Ẩm thực & Cafe,16.0571767,108.2152403,,"Ẩm thực: vietnamese. Giờ mở cửa: Mo-Su 10:30-14:00, 16:30-20:30.",,,"Mo-Su 10:30-14:00, 16:30-20:30",vietnamese,True,restaurant,,,,
node,12701646101,DANANG,Da Nang,Son Tra view,Điểm tham quan & Cảnh quan,16.109214,108.2517721,,,,,,,False,,,,,
node,12701675501,DANANG,Da Nang,Small waterfall,Điểm tham quan & Cảnh quan,16.1145234,108.2556163,,,,,,,False,,,,,
node,12701797001,DANANG,Da Nang,Quan Chay Bo De,Ẩm thực & Cafe,16.0621489,108.2161214,,,,,,,True,cafe,,,,
node,12733455142,DANANG,Da Nang,Non Nuoc,Ẩm thực & Cafe,16.007566,108.2673892,,Ẩm thực: western.,,,,western,True,restaurant,,,,
node,12804215601,DANANG,Da Nang,Umi Izakaya,Ẩm thực & Cafe,16.0629653,108.2193941,,Ẩm thực: japanese.,,,,japanese,True,restaurant,,,,
node,12811004201,DANANG,Da Nang,Doji Stars,Khách sạn & Lưu trú,16.0509803,108.2457063,,,,,,,False,,,,,
node,12811815201,DANANG,Da Nang,Ken Sushi,Ẩm thực & Cafe,16.0629147,108.2207803,52 Đường Hoàng Văn Thụ,"Ẩm thực: curry, japanese, ramen, seafood, soba, sushi. Giờ mở cửa: Mo-Su 10:00-22:00. Có Wifi.",0905338441,,Mo-Su 10:00-22:00,"curry, japanese, ramen, seafood, soba, sushi",True,restaurant,,,,
node,12811972501,DANANG,Da Nang,Mart Souvenir,Mua sắm & Chợ,16.052254,108.247414,,,,,,,True,craft_gift_shop,,,,
node,12814048285,DANANG,Da Nang,Bear,Khách sạn & Lưu trú,16.0629319,108.2435702,,,,,,,True,homestay_guesthouse,,,,
node,12814061552,DANANG,Da Nang,Seaside,Khách sạn & Lưu trú,16.0627779,108.2433478,,,,,,,False,,,,,
node,12815906301,DANANG,Da Nang,Am coffee,Ẩm thực & Cafe,16.0520559,108.2400569,Đường An Thượng 24,,0775860107,,,,True,cafe,,,,
node,12815918301,DANANG,Da Nang,Bao chau hotel,Khách sạn & Lưu trú,16.0547776,108.244621,,,,,,,False,,,,,
node,12815918402,DANANG,Da Nang,Golden coffee,Ẩm thực & Cafe,16.0546132,108.2445801,Lo 30 Đường Phan Liêm,,,,,,True,cafe,,,,
node,12815918601,DANANG,Da Nang,Pho hoa,Ẩm thực & Cafe,16.0548181,108.2447053,,,,,,,True,restaurant,,,,
node,12815921301,DANANG,Da Nang,Sky star,Khách sạn & Lưu trú,16.0547382,108.244481,,,,,,,False,,,,,
node,12815941401,DANANG,Da Nang,7 wonders,Điểm tham quan & Cảnh quan,16.0988101,108.2244144,,,,,,,False,,,,,
node,12816183324,DANANG,Da Nang,Wyndham Danang Golden Bay Hotel,Khách sạn & Lưu trú,16.0980621,108.2243797,01 Đường Lê Văn Duyệt,,,https://dananggoldenbay.com/,,,False,,,,,
node,12817099303,DANANG,Da Nang,Nghe Home - Homestay Da Nang,Khách sạn & Lưu trú,16.0488836,108.2463256,"14 Đường An Thượng 4, My An, Ngu Hanh Son, Đà Nẵng",Giờ mở cửa: 24/7. Có Wifi.,0962503297,https://nghehomestaydanang.com/,24/7,,False,,,,,
node,12828171056,DANANG,Da Nang,Dong Phuong,Ẩm thực & Cafe,16.0634909,108.2447237,,,,,,,True,restaurant,,,,
node,12828171057,DANANG,Da Nang,White House,Ẩm thực & Cafe,16.0625898,108.2452277,,Ẩm thực: korean.,,,,korean,True,restaurant,,,,
node,12828171059,DANANG,Da Nang,Palazzo 3,Khách sạn & Lưu trú,16.0493492,108.2473793,,,,,,,False,,,,,
node,12828171062,DANANG,Da Nang,Ton Motel,Khách sạn & Lưu trú,16.0492358,108.2474049,,,,,,,False,,,,,
node,12828171063,DANANG,Da Nang,Nguyen Nguyen,Mua sắm & Chợ,16.0494067,108.2473624,,,,,,,True,craft_gift_shop,,,,
node,12828171064,DANANG,Da Nang,Maharaja,Ẩm thực & Cafe,16.0495052,108.2473333,,Ẩm thực: indian.,,,,indian,True,restaurant,,,,
node,12830368140,DANANG,Da Nang,G-Mart,Mua sắm & Chợ,16.0529367,108.2465409,,,,,,,True,craft_gift_shop,,,,
node,12830368142,DANANG,Da Nang,Golden Lotus Apartment,Khách sạn & Lưu trú,16.0532775,108.2464319,,,,,,,False,,,,,
node,12830376530,DANANG,Da Nang,Taian Apartment,Khách sạn & Lưu trú,16.0501518,108.2468625,,,,,,,False,,,,,
node,12830376531,DANANG,Da Nang,Taiyo Hotel & Appartment,Khách sạn & Lưu trú,16.0503144,108.2468573,,,,,,,False,,,,,
node,12830376532,DANANG,Da Nang,B&M Apartment,Khách sạn & Lưu trú,16.0504651,108.2468069,,,,,,,True,homestay_guesthouse,,,,
node,12830376533,DANANG,Da Nang,Viva,Khách sạn & Lưu trú,16.0505423,108.246781,,,,,,,False,,,,,
node,12830376535,DANANG,Da Nang,Tom82,Ẩm thực & Cafe,16.0523284,108.2470002,,,,,,,True,restaurant,,,,
node,12830376536,DANANG,Da Nang,Phu Sa,Ẩm thực & Cafe,16.0524779,108.2466106,,,,,,,True,restaurant,,,,
node,12830575016,DANANG,Da Nang,Bottegas,Ẩm thực & Cafe,16.0547602,108.2459207,,Ẩm thực: steak_house.,,,,steak_house,True,restaurant,,,,
node,12830575017,DANANG,Da Nang,Luc Thien Mon,Ẩm thực & Cafe,16.0563853,108.24614,,,,,,,True,restaurant,,,,
node,12830575019,DANANG,Da Nang,Lang Ca,Ẩm thực & Cafe,16.0565026,108.2464998,,Ẩm thực: seafood.,,,,seafood,True,restaurant,,,,
node,12830575020,DANANG,Da Nang,43 Town,Ẩm thực & Cafe,16.0561568,108.2467994,,"Ẩm thực: sushi, pizza, steak, pasta. Giờ mở cửa: Mo-Su 10:00-23:00.",,,Mo-Su 10:00-23:00,"sushi, pizza, steak, pasta",True,restaurant,,,,
node,12830575022,DANANG,Da Nang,My Khe 2,Khách sạn & Lưu trú,16.0572936,108.2462048,,,,,,,False,,,,,
node,12830575023,DANANG,Da Nang,Cua Do,Ẩm thực & Cafe,16.0576142,108.2467145,,Ẩm thực: seafood.,,,,seafood,True,restaurant,,,,
node,12830575024,DANANG,Da Nang,My Khe,Khách sạn & Lưu trú,16.0603836,108.2458465,,,,,,,False,,,,,
node,12830575025,DANANG,Da Nang,Yon Kot,Ẩm thực & Cafe,16.0620544,108.245483,,,,,,,True,restaurant,,,,
node,12830575033,DANANG,Da Nang,Coral Cove,Khách sạn & Lưu trú,16.0548038,108.2457339,,,,,,,False,,,,,
node,12830575034,DANANG,Da Nang,Alani Da Nang Hotel,Khách sạn & Lưu trú,16.0543887,108.2461266,"134 -136 Đường Trần Bạch Đằng, My An, Ngu Hanh Son, Da Nang",Giờ mở cửa: 24/7. Có Wifi.,02363887227,https://alanidananghotel.com,24/7,,False,,,,,
node,12830575037,DANANG,Da Nang,Pizza Lo,Ẩm thực & Cafe,16.0538111,108.2464305,,Ẩm thực: pizza.,,,,pizza,True,restaurant,,,,
node,12830575038,DANANG,Da Nang,Korea BBQ,Ẩm thực & Cafe,16.0533985,108.2463776,,"Ẩm thực: korean, barbecue.",,,,"korean, barbecue",True,restaurant,,,,
node,12833201658,DANANG,Da Nang,GLG Yoga School,Thể thao & Giải trí,16.0663574,108.2358156,,,,,,,False,,,,,
node,12833350533,DANANG,Da Nang,Zozo Seafood,Ẩm thực & Cafe,16.0571198,108.2451762,,"Ẩm thực: sea, vietnamese, seafood.",,,,"sea, vietnamese, seafood",True,restaurant,,,,
node,12833350534,DANANG,Da Nang,Them Hai San,Ẩm thực & Cafe,16.0570065,108.2454016,,,,,,,True,restaurant,,,,
node,12833350535,DANANG,Da Nang,Hải Sản Ốc 68,Ẩm thực & Cafe,16.0516265,108.2463352,,Ẩm thực: seafood.,,,,seafood,True,restaurant,,,,
node,12836635400,DANANG,Da Nang,Dominica,Khách sạn & Lưu trú,16.0511358,108.2463029,,,,,,,False,,,,,
node,12836656101,DANANG,Da Nang,Table Produce,Mua sắm & Chợ,16.0511503,108.2463827,,,,,,,True,craft_gift_shop,,,,
node,12836656104,DANANG,Da Nang,Butcher Steak,Ẩm thực & Cafe,16.0508781,108.2451984,64 Lê Quang Đạo,Ẩm thực: steak_house.,,,,steak_house,True,restaurant,,,,
node,12836656107,DANANG,Da Nang,Gyu Sachi,Ẩm thực & Cafe,16.0511411,108.2444272,,Ẩm thực: japanese.,,,,japanese,True,restaurant,,,,
node,12836656108,DANANG,Da Nang,Phin,Ẩm thực & Cafe,16.0510626,108.2441279,,,,,,,True,cafe,,,,
node,12836656109,DANANG,Da Nang,Il Stand,Ẩm thực & Cafe,16.0509532,108.2438993,,,,,,,True,cafe,,,,
node,12837179230,DANANG,Da Nang,Menora Premium,Khách sạn & Lưu trú,16.0529181,108.2464931,,,,,,,False,,,,,
node,12837179232,DANANG,Da Nang,TamTay Fitness Center,Thể thao & Giải trí,16.058481,108.2453979,,,,,,,False,,,,,
node,12837179233,DANANG,Da Nang,Villa LeNa,Khách sạn & Lưu trú,16.0583443,108.2451026,,,,,,,False,,,,,
node,12837179234,DANANG,Da Nang,Gao,Ẩm thực & Cafe,16.0587048,108.2448978,,"Ẩm thực: grill, vietnamese.",,,,"grill, vietnamese",True,restaurant,,,,
node,12837179237,DANANG,Da Nang,Noi Dat,Ẩm thực & Cafe,16.0535479,108.2463415,,Ẩm thực: vietnamese.,,,,vietnamese,True,restaurant,,,,
node,12837179239,DANANG,Da Nang,Capecia Hotel&Apartment,Khách sạn & Lưu trú,16.052816,108.2460726,,,,,,,False,,,,,
node,12837179240,DANANG,Da Nang,Monalisa Hotel&Apartment,Khách sạn & Lưu trú,16.052763,108.2458868,,,,,,,False,,,,,
node,12837179241,DANANG,Da Nang,Sana Da Nang Beach Hotel,Khách sạn & Lưu trú,16.0525491,108.2458263,,,,,,,False,,,,,
node,12839284943,DANANG,Da Nang,Katinat,Ẩm thực & Cafe,16.0547772,108.2417518,,,,,,,True,cafe,,,,
node,12839466634,DANANG,Da Nang,Yến Vy Hotel & Apartment,Khách sạn & Lưu trú,16.0512665,108.2460516,,,,,,,False,,,,,
node,12839774216,DANANG,Da Nang,Bao Ahn,Khách sạn & Lưu trú,16.0518511,108.2461684,,,,,,,False,,,,,
node,12839774218,DANANG,Da Nang,Danang Noodle Cafe,Ẩm thực & Cafe,16.0514534,108.2457323,,,,,,,True,cafe,,,,
node,12839791079,DANANG,Da Nang,Banh Mi,Ẩm thực & Cafe,16.0499049,108.2405341,,,,,,,True,cafe,,,,
node,12839791081,DANANG,Da Nang,Chidori Izakaya,Ẩm thực & Cafe,16.0490246,108.2409651,,Ẩm thực: sushi.,,,,sushi,True,restaurant,,,,
node,12839895643,DANANG,Da Nang,Ya Xua,Ẩm thực & Cafe,16.0489028,108.2441979,,Ẩm thực: vietnamese.,,,,vietnamese,True,restaurant,,,,
node,12839895644,DANANG,Da Nang,Dongson,Khách sạn & Lưu trú,16.0481924,108.2416003,,,,,,,False,,,,,
node,12839895651,DANANG,Da Nang,Uni,Ẩm thực & Cafe,16.0483647,108.241702,,,,,,,True,cafe,,,,
node,12839895652,DANANG,Da Nang,Ngay Mai,Mua sắm & Chợ,16.0484019,108.2418339,"23 Đường Hoàng Kế Viêm, Phường Mỹ An, Quận Ngũ Hành Sơn, Đà Nẵng",Giờ mở cửa: Mo-Su 08:00-21:00.,0982861923,,Mo-Su 08:00-21:00,,True,craft_gift_shop,,,,
node,12839895655,DANANG,Da Nang,Topaz,Khách sạn & Lưu trú,16.0485588,108.2429687,,,,,,,False,,,,,
node,12839895660,DANANG,Da Nang,Juice,Ẩm thực & Cafe,16.0498561,108.2457384,,,,,,,True,cafe,,,,
node,12839895662,DANANG,Da Nang,Mason De Coffee&SPA,Ẩm thực & Cafe,16.0494468,108.2453421,,,,,,,True,cafe,,,,
node,12839895663,DANANG,Da Nang,Gajun Boil,Ẩm thực & Cafe,16.0488529,108.245525,,,,,,,True,cafe,,,,
node,12839895664,DANANG,Da Nang,Good Folk,Ẩm thực & Cafe,16.049129,108.2451971,,,,,,,True,cafe,,,,
node,12839895665,DANANG,Da Nang,Outpost,Ẩm thực & Cafe,16.0492723,108.2448802,,,,,,,True,cafe,,,,
node,12839924376,DANANG,Da Nang,Bep Ngon Viet,Ẩm thực & Cafe,16.051286,108.246117,,Ẩm thực: vietnamese.,,,,vietnamese,True,cafe,,,,
node,12839924377,DANANG,Da Nang,Le Maison De Anh,Khách sạn & Lưu trú,16.0511199,108.2468165,,,,,,,False,,,,,
node,12839924378,DANANG,Da Nang,Golden Lotus,Khách sạn & Lưu trú,16.0508817,108.2469142,,,,,,,False,,,,,
node,12839924379,DANANG,Da Nang,TA Apartment,Khách sạn & Lưu trú,16.0509137,108.246654,,,,,,,False,,,,,
node,12841001961,DANANG,Da Nang,Bếp Cuốn,Ẩm thực & Cafe,16.0578779,108.2452275,,Ẩm thực: vietnamese.,,,,vietnamese,True,restaurant,,,,
node,12841001962,DANANG,Da Nang,Ca Nhay,Ẩm thực & Cafe,16.0581229,108.2451032,,"Ẩm thực: vietnamese, seafood.",,,,"vietnamese, seafood",True,restaurant,,,,
node,12841001963,DANANG,Da Nang,Huong Viet,Ẩm thực & Cafe,16.0594467,108.2446194,,,,,,,True,cafe,,,,
node,12841078460,DANANG,Da Nang,Nieu Do,Ẩm thực & Cafe,16.0628407,108.2425434,,,,,,,True,restaurant,,,,
node,12841078462,DANANG,Da Nang,Ri7,Ẩm thực & Cafe,16.0625194,108.2436419,,,,,,,True,cafe,,,,
node,12841078463,DANANG,Da Nang,Dao Ngoc,Khách sạn & Lưu trú,16.0620888,108.2435965,,,,,,,False,,,,,
node,12841078464,DANANG,Da Nang,Baek Je,Ẩm thực & Cafe,16.0618398,108.243811,,Ẩm thực: japanese.,,,,japanese,True,restaurant,,,,
node,12841099498,DANANG,Da Nang,Celina,Khách sạn & Lưu trú,16.0554417,108.2451384,,,,,,,False,,,,,
node,12841099499,DANANG,Da Nang,Phoenix Hotel&Apartment,Khách sạn & Lưu trú,16.0525055,108.2449396,,,,,,,False,,,,,
node,12841099500,DANANG,Da Nang,Alida,Khách sạn & Lưu trú,16.0531718,108.2443017,,,,,,,False,,,,,
node,12841142102,DANANG,Da Nang,Transylvania Nest,Ẩm thực & Cafe,16.0541108,108.2443827,,Ẩm thực: international.,,,,international,True,restaurant,,,,
node,12841142105,DANANG,Da Nang,Sea Near Me,Khách sạn & Lưu trú,16.0552752,108.2451879,,,,,,,False,,,,,
node,12841142106,DANANG,Da Nang,Sen Boutique,Khách sạn & Lưu trú,16.055506,108.24532,,,,,,,False,,,,,
node,12841142107,DANANG,Da Nang,Trang Ngan,Khách sạn & Lưu trú,16.0553731,108.2455614,,,,,,,False,,,,,
node,12841142108,DANANG,Da Nang,Garden,Ẩm thực & Cafe,16.0590684,108.2447224,,,,,,,True,cafe,,,,
node,12841142109,DANANG,Da Nang,Nha,Ẩm thực & Cafe,16.0581525,108.244842,,,,,,,True,cafe,,,,
node,12841142111,DANANG,Da Nang,Dac San Da Nang,Mua sắm & Chợ,16.0556003,108.2456618,,,,,,,True,craft_gift_shop,,,,
node,12841142112,DANANG,Da Nang,Ronal,Khách sạn & Lưu trú,16.0555465,108.2454864,,,,,,,False,,,,,
node,12841766767,DANANG,Da Nang,Forest,Ẩm thực & Cafe,16.0518508,108.2451063,,,,,,,True,cafe,,,,
node,12841766769,DANANG,Da Nang,Casa Loco,Ẩm thực & Cafe,16.0535126,108.244604,,Ẩm thực: mexican.,,,,mexican,True,restaurant,,,,
node,12841766771,DANANG,Da Nang,Oseven,Khách sạn & Lưu trú,16.0544622,108.2453791,,,,,,,False,,,,,
node,12842150960,DANANG,Da Nang,Essenza,Khách sạn & Lưu trú,16.0505176,108.2460331,,,,,,,False,,,,,
node,12842150961,DANANG,Da Nang,Hi Coffe&Apartment,Khách sạn & Lưu trú,16.0507668,108.2457811,,,,,,,False,,,,,
node,12842150962,DANANG,Da Nang,Banju,Ẩm thực & Cafe,16.0508725,108.2459229,,Ẩm thực: korean.,,,,korean,True,restaurant,,,,
node,12843891478,DANANG,Da Nang,The Light,Khách sạn & Lưu trú,16.0488177,108.248403,,,,,,,False,,,,,
node,12843891479,DANANG,Da Nang,Royal Charm,Khách sạn & Lưu trú,16.0492822,108.2479491,,,,,,,False,,,,,
node,12843891482,DANANG,Da Nang,Dalky,Ẩm thực & Cafe,16.0497261,108.2478088,,Ẩm thực: korean.,,,,korean,True,cafe,,,,
node,12843891483,DANANG,Da Nang,Sofiana,Khách sạn & Lưu trú,16.0496633,108.2478286,,,,,,,False,,,,,
node,12843891484,DANANG,Da Nang,Silana,Khách sạn & Lưu trú,16.0494674,108.2478905,,,,,,,False,,,,,
node,12843891485,DANANG,Da Nang,Patakka,Ẩm thực & Cafe,16.0495094,108.2478772,,Ẩm thực: indian.,,,,indian,True,cafe,,,,
node,12843891486,DANANG,Da Nang,Palazzo Luxury,Khách sạn & Lưu trú,16.0493692,108.2476482,,,,,,,False,,,,,
node,12843891489,DANANG,Da Nang,Palm Pizza,Ẩm thực & Cafe,16.04878,108.2481045,,Ẩm thực: pizza.,,,,pizza,True,restaurant,,,,
node,12843891490,DANANG,Da Nang,Harbor,Khách sạn & Lưu trú,16.0485125,108.2479136,,,,,,,False,,,,,
node,12843903344,DANANG,Da Nang,Zeytun,Ẩm thực & Cafe,16.0494606,108.2473377,,Ẩm thực: vietnamese.,,,,vietnamese,True,cafe,,,,
node,12843903345,DANANG,Da Nang,Angel Homestay,Khách sạn & Lưu trú,16.050058,108.2466377,,,,,,,True,homestay_guesthouse,,,,
node,12843903346,DANANG,Da Nang,Ruby Beach,Khách sạn & Lưu trú,16.0507097,108.2458038,,,,,,,True,homestay_guesthouse,,,,
node,12843903347,DANANG,Da Nang,Morri,Khách sạn & Lưu trú,16.0512618,108.2460939,,,,,,,True,homestay_guesthouse,,,,
node,12843905562,DANANG,Da Nang,DNG,Ẩm thực & Cafe,16.049564,108.2473049,,,,,,,True,cafe,,,,
node,12843905563,DANANG,Da Nang,Bunker,Ẩm thực & Cafe,16.0491074,108.2474283,,,,,,,True,cafe,,,,
node,12843905564,DANANG,Da Nang,Sweet Home,Khách sạn & Lưu trú,16.0490552,108.2474405,,,,,,,False,,,,,
node,12843905565,DANANG,Da Nang,New York Pizza,Ẩm thực & Cafe,16.048505,108.2476453,,Ẩm thực: pizza.,,,,pizza,True,restaurant,,,,
node,12843905567,DANANG,Da Nang,Draco,Khách sạn & Lưu trú,16.04859,108.2473343,,,,,,,False,,,,,
node,12843905568,DANANG,Da Nang,Kaylin’s,Ẩm thực & Cafe,16.0489392,108.2472628,,,,,,,True,cafe,,,,
node,12846565758,DANANG,Da Nang,Pine,Ẩm thực & Cafe,16.0504792,108.2453626,,,,,,,True,cafe,,,,
node,12846565759,DANANG,Da Nang,Danang Beach Apartment,Khách sạn & Lưu trú,16.0497163,108.2453707,,,,,,,False,,,,,
node,12846565760,DANANG,Da Nang,Sun Coffee Bakery,Ẩm thực & Cafe,16.0498429,108.2451107,,,,,,,True,cafe,,,,
node,12846565763,DANANG,Da Nang,Danang Moments,Ẩm thực & Cafe,16.0493189,108.2437976,,,,,,,True,restaurant,,,,
node,12846565764,DANANG,Da Nang,Sen Boutique Villa,Khách sạn & Lưu trú,16.0492677,108.243691,,,,,,,False,,,,,
node,12846565765,DANANG,Da Nang,Non Residence,Khách sạn & Lưu trú,16.0486705,108.2435523,,,,,,,False,,,,,
node,12846565766,DANANG,Da Nang,Aloka Suite,Khách sạn & Lưu trú,16.0486776,108.2425885,,,,,,,False,,,,,
node,12846565767,DANANG,Da Nang,Moon,Khách sạn & Lưu trú,16.0485358,108.2422151,,,,,,,False,,,,,
node,12846565768,DANANG,Da Nang,Ba Dinh,Khách sạn & Lưu trú,16.0484039,108.2418993,,,,,,,False,,,,,
node,12846565771,DANANG,Da Nang,Dagi,Ẩm thực & Cafe,16.048367,108.2411997,,Ẩm thực: korean.,,,,korean,True,cafe,,,,
node,12846670901,DANANG,Da Nang,Sandy Bay 2,Khách sạn & Lưu trú,16.0474045,108.2439278,,,,,,,False,,,,,
node,12846670903,DANANG,Da Nang,Mike’s Place,Khách sạn & Lưu trú,16.0476813,108.2438305,,,,,,,False,,,,,
node,12846671001,DANANG,Da Nang,Sincero,Khách sạn & Lưu trú,16.0490867,108.2457665,,,,,,,False,,,,,
node,12846671301,DANANG,Da Nang,Ganh,Ẩm thực & Cafe,16.0477728,108.2413782,,Ẩm thực: vietnamese.,,,,vietnamese,True,restaurant,,,,
node,12846671302,DANANG,Da Nang,Sandy Bay,Khách sạn & Lưu trú,16.0489953,108.2408212,,,,,,,False,,,,,
node,12846671304,DANANG,Da Nang,Last Hope,Ẩm thực & Cafe,16.0479489,108.2425614,,,,,,,True,cafe,,,,
node,12846671305,DANANG,Da Nang,Korean traditional,Ẩm thực & Cafe,16.0496196,108.2456204,,Ẩm thực: korean.,,,,korean,True,restaurant,,,,
node,12846671901,DANANG,Da Nang,Mr. India,Ẩm thực & Cafe,16.0478467,108.2455448,,Ẩm thực: indian.,,,,indian,True,restaurant,,,,
node,12846672201,DANANG,Da Nang,Ikra,Ẩm thực & Cafe,16.0474055,108.2439514,,Ẩm thực: russian. Giờ mở cửa: 08:00-22:00.,,,08:00-22:00,russian,True,restaurant,,,,
node,12846672202,DANANG,Da Nang,Garden by Bottegas,Ẩm thực & Cafe,16.0474239,108.2446693,,,,,,,True,restaurant,,,,
node,12846741802,DANANG,Da Nang,Rasoi Indian,Ẩm thực & Cafe,16.0484695,108.2462013,,Ẩm thực: indian.,,,,indian,True,restaurant,,,,
node,12846757401,DANANG,Da Nang,Gainn,Ẩm thực & Cafe,16.0492489,108.2456882,,"Ẩm thực: korean, chinese.",,,,"korean, chinese",True,restaurant,,,,
node,12846757801,DANANG,Da Nang,Hero,Khách sạn & Lưu trú,16.0479756,108.2458597,,,,,,,False,,,,,
node,12847100501,DANANG,Da Nang,Khoi Nguon,Khách sạn & Lưu trú,16.0565733,108.2081824,,,,,,,False,,,,,
node,12848643538,DANANG,Da Nang,Danang Beach 2,Khách sạn & Lưu trú,16.0503647,108.2460874,,,,,,,False,,,,,
node,12848643539,DANANG,Da Nang,Alo Coffee,Ẩm thực & Cafe,16.0497807,108.2449242,,,,,,,True,cafe,,,,
node,12848643540,DANANG,Da Nang,Win Win,Khách sạn & Lưu trú,16.0499527,108.2447196,,,,,,,False,,,,,
node,12848643541,DANANG,Da Nang,Maris,Khách sạn & Lưu trú,16.0499095,108.2447339,,,,,,,False,,,,,
node,12848643543,DANANG,Da Nang,Isabella Apartment,Khách sạn & Lưu trú,16.0495408,108.2447134,,,,,,,False,,,,,
node,12848643547,DANANG,Da Nang,TN Apartment,Khách sạn & Lưu trú,16.0487287,108.2428648,,,,,,,False,,,,,
node,12848643548,DANANG,Da Nang,Quang Nhat,Khách sạn & Lưu trú,16.0487051,108.2428054,,,,,,,False,,,,,
node,12848643549,DANANG,Da Nang,Me45 Coffee,Ẩm thực & Cafe,16.0484268,108.2425855,,,,,,,True,cafe,,,,
node,12848643553,DANANG,Da Nang,Ngon,Ẩm thực & Cafe,16.0483521,108.2415399,,Ẩm thực: japanese.,,,,japanese,True,cafe,,,,
node,12848662374,DANANG,Da Nang,Green Garden Residence,Khách sạn & Lưu trú,16.048373,108.2432305,,,,,,,False,,,,,
node,12848662377,DANANG,Da Nang,Com Gia Dinh,Ẩm thực & Cafe,16.0507929,108.2452185,,Ẩm thực: vietnamese.,,,,vietnamese,True,cafe,,,,
node,12850675077,DANANG,Da Nang,Laban,Ẩm thực & Cafe,16.0473269,108.2414617,,,,,,,True,cafe,,,,
node,12850675080,DANANG,Da Nang,Tourane,Ẩm thực & Cafe,16.0466248,108.2417028,,,,,,,True,cafe,,,,
node,12850675081,DANANG,Da Nang,TV’s hotel & appartment,Khách sạn & Lưu trú,16.0469086,108.242183,,,,,,,False,,,,,
node,12850675084,DANANG,Da Nang,Rio,Khách sạn & Lưu trú,16.0476619,108.2431959,,,,,,,False,,,,,
node,12850675085,DANANG,Da Nang,Sakura,Ẩm thực & Cafe,16.0478168,108.2429872,,,,,,,True,cafe,,,,
node,12850675087,DANANG,Da Nang,My An Suites,Khách sạn & Lưu trú,16.0484722,108.2438895,,,,,,,False,,,,,
node,12850675088,DANANG,Da Nang,Cucina Luca,Ẩm thực & Cafe,16.0485402,108.2441694,,,,,,,True,cafe,,,,
node,12850675090,DANANG,Da Nang,Roly Poly Fresh Spring Rolls & Coffee Da Nang,Ẩm thực & Cafe,16.0487934,108.2450404,"05 Đường An Thượng 6, Bắc Mỹ Phú, Ngũ Hành Sơn, Đà Nẵng","Ẩm thực: vietnamese, coffee_shop, cafe. Giờ mở cửa: Mo-Su 10:00-22:00.",0327306076,https://www.rolypolydanang.vn/,Mo-Su 10:00-22:00,"vietnamese, coffee_shop, cafe",True,restaurant,,,,
node,12850675091,DANANG,Da Nang,Alabasta,Khách sạn & Lưu trú,16.0487665,108.2449317,,,,,,,False,,,,,
node,12853200234,DANANG,Da Nang,Ocean Terrace,Ẩm thực & Cafe,16.0580158,108.2466303,,,,,,,True,restaurant,,,,
node,12853200236,DANANG,Da Nang,Pure Veg&Vegan,Ẩm thực & Cafe,16.0524153,108.246394,,Ẩm thực: indian.,,,,indian,True,restaurant,,,,
node,12853200237,DANANG,Da Nang,Hummer,Khách sạn & Lưu trú,16.0521524,108.2463283,,,,,,,False,,,,,
node,12853200238,DANANG,Da Nang,Herbal Pizza&Steak,Ẩm thực & Cafe,16.0523354,108.2461862,,"Ẩm thực: pizza, steak_house.",,,,"pizza, steak_house",True,restaurant,,,,
node,12853200241,DANANG,Da Nang,Sea Light,Khách sạn & Lưu trú,16.0520699,108.2453125,,,,,,,False,,,,,
node,12853200242,DANANG,Da Nang,Phuong,Ẩm thực & Cafe,16.0518998,108.2453568,,,,,,,True,cafe,,,,
node,12853200244,DANANG,Da Nang,Sweden Hotel&Apartment,Khách sạn & Lưu trú,16.0521537,108.2455486,,,,,,,False,,,,,
node,12853200246,DANANG,Da Nang,Mama Hotel&Apartment,Khách sạn & Lưu trú,16.0519591,108.2455553,,,,,,,False,,,,,
node,12853200247,DANANG,Da Nang,Hôm nay Cà phê,Ẩm thực & Cafe,16.0520145,108.2457243,31 Đường An Thượng 29,"Ẩm thực: breakfast, coffee_shop, international, mediterranean, pasta, tea. Giờ mở cửa: Mo-Su 07:00-22:00. Có Wifi. Chỗ ngồi ngoài trời.",0333745992,,Mo-Su 07:00-22:00,"breakfast, coffee_shop, international, mediterranean, pasta, tea",True,cafe,,,,
node,12853200249,DANANG,Da Nang,Cantona,Khách sạn & Lưu trú,16.0522349,108.2458597,,,,,,,False,,,,,
node,12853200250,DANANG,Da Nang,Vietnam Daily Group,Ẩm thực & Cafe,16.0523354,108.2461038,10 Đường An Thượng 29,Ẩm thực: vietnamese. Giờ mở cửa: Mo-Su 10:00-22:30. Có Wifi. Chỗ ngồi ngoài trời.,0927272323,https://www.google.com/search?sca_esv=c6588870a110159b&authuser=0&sxsrf=AE3TifNdfgXLf7fnnhm604UBWFpsmu-RVg%3A1766843164336&kgmid=%2Fg%2F11wpl2nf1y&q=Vietnam%20Daily%20Cuisine&shndl=30&shem=ptotple&source=sh%2Fx%2Floc%2Fact%2Fm1%2F3&kgs=75a3ce5c165de3bf,Mo-Su 10:00-22:30,vietnamese,True,cafe,,,,
node,12853200251,DANANG,Da Nang,Sea Swan,Khách sạn & Lưu trú,16.0521233,108.2460193,,,,,,,False,,,,,
node,12853200252,DANANG,Da Nang,Jolia,Khách sạn & Lưu trú,16.0521457,108.2461048,,,,,,,False,,,,,
node,12853205986,DANANG,Da Nang,Flamingo,Khách sạn & Lưu trú,16.0527182,108.2451556,,,,,,,False,,,,,
node,12853205987,DANANG,Da Nang,Hung Thinh,Khách sạn & Lưu trú,16.0527826,108.2451368,,,,,,,False,,,,,
node,12853205988,DANANG,Da Nang,Nguyen Homestay,Khách sạn & Lưu trú,16.0528999,108.2451235,,,,,,,False,,,,,
node,12853205989,DANANG,Da Nang,Pura Vida,Khách sạn & Lưu trú,16.0532529,108.2446875,Đường Lê Quang Đạo,,,,,,False,,,,,
node,12853339259,DANANG,Da Nang,Lagom Boutique Hotel,Khách sạn & Lưu trú,16.0520112,108.2442468,71-73 Đường Phan Tôn,,,,,,False,,,,,
node,12853339260,DANANG,Da Nang,Misa,Khách sạn & Lưu trú,16.0520009,108.244169,,,,,,,False,,,,,
node,12853339261,DANANG,Da Nang,Kiwi,Khách sạn & Lưu trú,16.0523566,108.2444882,,,,,,,False,,,,,
node,12853339262,DANANG,Da Nang,Bahn Xeo Cuoi,Ẩm thực & Cafe,16.0524695,108.2457205,,Ẩm thực: vietnamese. Chỗ ngồi ngoài trời.,,,,vietnamese,True,cafe,,,,
node,12853339264,DANANG,Da Nang,Aespa,Ẩm thực & Cafe,16.0525764,108.2459666,,,,,,,True,cafe,,,,
node,12856967327,DANANG,Da Nang,The Stay,Khách sạn & Lưu trú,16.0492933,108.2466344,,,,,,,False,,,,,
node,12856967328,DANANG,Da Nang,Happy Apartment,Khách sạn & Lưu trú,16.049225,108.2468906,,,,,,,False,,,,,
node,12856967329,DANANG,Da Nang,Phamily Residence,Khách sạn & Lưu trú,16.0491322,108.2466867,,,,,,,False,,,,,
node,12856967333,DANANG,Da Nang,Pizza-Sandwich-Burger,Ẩm thực & Cafe,16.0618248,108.2380953,,Ẩm thực: american.,,,,american,True,restaurant,,,,
node,12856967335,DANANG,Da Nang,MeatX,Ẩm thực & Cafe,16.0621577,108.2371236,,"Ẩm thực: steak_house, barbecue.",,,,"steak_house, barbecue",True,restaurant,,,,
node,12856976257,DANANG,Da Nang,Regal,Khách sạn & Lưu trú,16.0623165,108.2378917,,,,,,,False,,,,,
node,12857894303,DANANG,Da Nang,Silla,Khách sạn & Lưu trú,16.0398975,108.2461626,,,,,,,False,,,,,
node,12857894304,DANANG,Da Nang,Hot Hot,Ẩm thực & Cafe,16.0453346,108.241276,,Ẩm thực: korean.,,,,korean,True,cafe,,,,
node,12857894306,DANANG,Da Nang,Zones,Khách sạn & Lưu trú,16.0452359,108.2409417,,,,,,,False,,,,,
node,12857894311,DANANG,Da Nang,Korean BBQ,Ẩm thực & Cafe,16.0525567,108.2451935,,"Ẩm thực: barbecue, korean.",,,,"barbecue, korean",True,restaurant,,,,
node,12857894314,DANANG,Da Nang,Long Beach Seafood,Ẩm thực & Cafe,16.0387915,108.2448026,,"Ẩm thực: vietnamese, seafood.",,,,"vietnamese, seafood",True,restaurant,,,,
node,12857894315,DANANG,Da Nang,Gold Coast,Khách sạn & Lưu trú,16.0392199,108.2446274,,,,,,,False,,,,,
node,12857894317,DANANG,Da Nang,Le Indochina,Khách sạn & Lưu trú,16.0404767,108.2473089,,,,,,,False,,,,,
node,12857894318,DANANG,Da Nang,Seoul Garden,Ẩm thực & Cafe,16.0433124,108.2478092,,Ẩm thực: korean.,,,,korean,True,restaurant,,,,
node,12857894322,DANANG,Da Nang,Pallet,Ẩm thực & Cafe,16.052344,108.2451989,,,,,,,True,cafe,,,,
node,12857894323,DANANG,Da Nang,Louis Mo,Khách sạn & Lưu trú,16.053018,108.2457045,,,,,,,False,,,,,
node,12857894324,DANANG,Da Nang,Peaceful,Khách sạn & Lưu trú,16.0530425,108.2457568,,,,,,,True,homestay_guesthouse,,,,
node,12857894326,DANANG,Da Nang,The Pacific,Khách sạn & Lưu trú,16.0530606,108.2457876,,,,,,,False,,,,,
node,12857894327,DANANG,Da Nang,The Nevis,Khách sạn & Lưu trú,16.0530838,108.2459231,,,,,,,False,,,,,
node,12857894328,DANANG,Da Nang,Urchin,Khách sạn & Lưu trú,16.040715,108.2478502,,,,,,,False,,,,,
node,12857894329,DANANG,Da Nang,Rin Rin,Ẩm thực & Cafe,16.059434,108.2455036,,,,,,,True,cafe,,,,
node,12857894330,DANANG,Da Nang,Salmalia,Khách sạn & Lưu trú,16.0608098,108.2452974,52 Đường Lâm Hoành,,,,,,False,,,,,
node,12857894331,DANANG,Da Nang,My Hanh Seafood,Ẩm thực & Cafe,16.0653174,108.2460409,,"Ẩm thực: vietnamese, seafood.",,,,"vietnamese, seafood",True,restaurant,,,,
node,12857894333,DANANG,Da Nang,Titan,Khách sạn & Lưu trú,16.039633,108.2466084,,,,,,,False,,,,,
node,12857894336,DANANG,Da Nang,L’Amore,Khách sạn & Lưu trú,16.0431603,108.2478601,,,,,,,False,,,,,
node,12857901313,DANANG,Da Nang,Yellow,Ẩm thực & Cafe,16.0461746,108.2442722,,Ẩm thực: vietnamese.,,,,vietnamese,True,cafe,,,,
node,12857901315,DANANG,Da Nang,Teu,Khách sạn & Lưu trú,16.0462259,108.245035,,,,,,,False,,,,,
node,12857901316,DANANG,Da Nang,Hop Garden,Ẩm thực & Cafe,16.046401,108.2466222,,,,,,,True,restaurant,,,,
node,12860787922,DANANG,Da Nang,Seven Sea,Khách sạn & Lưu trú,16.0752707,108.2448099,,,,,,,False,,,,,
node,12860787925,DANANG,Da Nang,Tian Patisserie,Ẩm thực & Cafe,16.0485285,108.2470513,,,,,,,True,cafe,,,,
node,12860787931,DANANG,Da Nang,Mandila Beach,Khách sạn & Lưu trú,16.0674704,108.2449031,,,,,,,False,,,,,
node,12860787932,DANANG,Da Nang,Chicland,Khách sạn & Lưu trú,16.0680286,108.2448857,,,,,,,False,,,,,
node,12860787933,DANANG,Da Nang,Nalod,Khách sạn & Lưu trú,16.0719772,108.2447943,,,,,,,False,,,,,
node,12860787934,DANANG,Da Nang,Le’Garden,Ẩm thực & Cafe,16.0744699,108.2446025,,Ẩm thực: korean.,,,,korean,True,restaurant,,,,
node,12860787936,DANANG,Da Nang,Haechi,Ẩm thực & Cafe,16.0793214,108.2459947,,Ẩm thực: korean.,,,,korean,True,restaurant,,,,
node,12860787939,DANANG,Da Nang,Phuoc My,Ẩm thực & Cafe,16.0759643,108.2449034,,"Ẩm thực: vietnamese, seafood.",,,,"vietnamese, seafood",True,restaurant,,,,
node,12860787940,DANANG,Da Nang,Awaken,Khách sạn & Lưu trú,16.0757388,108.2445959,,,,,,,False,,,,,
node,12860787941,DANANG,Da Nang,Seavitel,Khách sạn & Lưu trú,16.0750062,108.2447684,,,,,,,False,,,,,
node,12862167224,DANANG,Da Nang,Detroit Style Pizza,Ẩm thực & Cafe,16.0486167,108.2468787,,Ẩm thực: american.,,,,american,True,restaurant,,,,
node,12866042121,DANANG,Da Nang,Nick & The Juice,Ẩm thực & Cafe,16.062568,108.2436229,,,,,,,True,cafe,,,,
node,12866278354,DANANG,Da Nang,An Home,Khách sạn & Lưu trú,16.0516177,108.2436687,,,,,,,False,,,,,
node,12866278355,DANANG,Da Nang,Dubai Hotel,Khách sạn & Lưu trú,16.0518677,108.2433656,,,,,,,False,,,,,
node,12866278356,DANANG,Da Nang,Danang Beach Apartment,Khách sạn & Lưu trú,16.0526229,108.2439047,,,,,,,False,,,,,
node,12866278357,DANANG,Da Nang,Tian Patisserie,Ẩm thực & Cafe,16.05294,108.2437974,,,,,,,True,cafe,,,,
node,12870331345,DANANG,Da Nang,Mari Apartment,Khách sạn & Lưu trú,16.0517091,108.2441128,,,,,,,False,,,,,
node,12870331347,DANANG,Da Nang,Yomma Grill,Ẩm thực & Cafe,16.0492472,108.2407562,,"Ẩm thực: grill, barbecue.",,,,"grill, barbecue",True,restaurant,,,,
node,12888751601,DANANG,Da Nang,The Now Boutique Hotel,Khách sạn & Lưu trú,16.0490527,108.2390398,,,,,,,False,,,,,
node,12889153801,DANANG,Da Nang,Bentley Coffee,Ẩm thực & Cafe,16.0500439,108.240543,,,,,,,True,cafe,,,,
node,12889154101,DANANG,Da Nang,vintea,Ẩm thực & Cafe,16.0498156,108.2398497,,,,,,,True,cafe,,,,
node,12905689342,DANANG,Da Nang,Quán Chay Chay Corner,Ẩm thực & Cafe,16.0574749,108.2367792,,Ẩm thực: vietnamese.,0766646188,,,vietnamese,True,restaurant,,,,
node,12909458932,DANANG,Da Nang,Sangha Chay,Ẩm thực & Cafe,16.0630621,108.2201181,,Ẩm thực: vietnamese.,,,,vietnamese,True,restaurant,,,,
node,12912346694,DANANG,Da Nang,Shala Nhà Chay,Ẩm thực & Cafe,16.0782315,108.2191281,,Ẩm thực: vietnamese. Giờ mở cửa: Mo-Su 10:00-20:30.,0905008184,,Mo-Su 10:00-20:30,vietnamese,True,restaurant,,,,
node,12918575654,DANANG,Da Nang,Westwood Da Nang,Ẩm thực & Cafe,16.0474663,108.2350925,"68 Nguyễn Tư Giản, Ngũ Hành Sơn",Giờ mở cửa: Tu-Su 18:00-22:00.,0396981547,http://westwooddanang.com/,Tu-Su 18:00-22:00,,True,restaurant,,,,
node,12920427943,DANANG,Da Nang,Nhà Khách Quân Chủng Phòng Không- Không Quân,Khách sạn & Lưu trú,16.0516072,108.2059173,,,,,,,False,,,,,
node,12976267223,DANANG,Da Nang,Riverside Terrace Restaurant,Ẩm thực & Cafe,16.0631261,108.2302807,"493 Đ. Trần Hưng Đạo, An Hải Trung, Sơn Trà, Đà Nẵng","Ẩm thực: italian, pizza. Giờ mở cửa: Mo-Su 11:00-23:00.",0911500440,,Mo-Su 11:00-23:00,"italian, pizza",True,restaurant,,,,
node,12992438016,DANANG,Da Nang,Nazare,Ẩm thực & Cafe,16.0655363,108.2459862,,Ẩm thực: indian.,,,,indian,True,restaurant,,,,
node,13009347078,DANANG,Da Nang,Le Comptoir,Ẩm thực & Cafe,16.0426768,108.245455,"16 Chế Lan Viên, Bắc Mỹ An, Ngũ Hành Sơn, Đà Nẵng",Ẩm thực: french. Giờ mở cửa: Mo-Su 17:00-21:00.,0708040560,https://lecomptoirdng.com/en/,Mo-Su 17:00-21:00,french,True,restaurant,,,,
node,13015752219,DANANG,Da Nang,Ngoan Coffee,Ẩm thực & Cafe,16.0707713,108.2095469,,"Ẩm thực: coffee, matcha.",,,,"coffee, matcha",True,cafe,,,,
node,13020264601,DANANG,Da Nang,Avenis,Khách sạn & Lưu trú,16.0780343,108.1725076,1691 Đường Nguyễn Tất Thành,Giờ mở cửa: 24/7. Có Wifi.,02363956888,http://www.avenishotel.com,24/7,,False,,,,,
node,13022818102,DANANG,Da Nang,Banh Canh Ca Loc Be Hue,Ẩm thực & Cafe,16.0496155,108.2406612,128 Đường Châu Thị Vĩnh Tế,Giờ mở cửa: Mo-Su 08:00-22:00.,,,Mo-Su 08:00-22:00,,True,restaurant,,,,
node,13026042501,DANANG,Da Nang,Kebab Nova,Ẩm thực & Cafe,16.031261,108.2266458,41 Đường Nguyễn Xuân Nhĩ,"Giờ mở cửa: Mo-Su 06:00-12:00, 15:00-18:00.",,,"Mo-Su 06:00-12:00, 15:00-18:00",,True,restaurant,,,,
node,13027946101,DANANG,Da Nang,Quan hanh Com,Ẩm thực & Cafe,16.0311102,108.2246052,,,,,,,True,restaurant,,,,
node,13036529160,DANANG,Da Nang,Highlands Coffee,Ẩm thực & Cafe,16.0799388,108.2108879,,"Ẩm thực: coffee_shop, vietnamese.",,,,"coffee_shop, vietnamese",False,,,,,
node,13040636501,DANANG,Da Nang,Bo Ne 3 Ngon,Ẩm thực & Cafe,16.0398611,108.2477994,"15 Đường Trần Văn Thành, Ngũ Hành Sơn, Da Nang",Ẩm thực: vietnamese. Giờ mở cửa: Mo-Su 06:00-11:00.,0935394256,,Mo-Su 06:00-11:00,vietnamese,True,restaurant,,,,
node,13042655301,DANANG,Da Nang,Bo Bo 2,Ẩm thực & Cafe,16.0776201,108.1734853,1653 Đường Nguyễn Tất Thành,"Ẩm thực: local, vietnamese. Có Wifi.",,,,"local, vietnamese",True,restaurant,,,,
node,13074118001,DANANG,Da Nang,Anywhere,Ẩm thực & Cafe,16.0392874,108.2220415,381 Đường Núi Thành,,,,,,True,cafe,,,,
node,13074118701,DANANG,Da Nang,My quang Bun bo,Ẩm thực & Cafe,16.0389708,108.2218709,384 Đường Núi Thành,,,,,,True,restaurant,,,,
node,13075369202,DANANG,Da Nang,Pho,Ẩm thực & Cafe,16.0375327,108.2225881,,,,,,,True,restaurant,,,,
node,13078092631,DANANG,Da Nang,Amare,Ẩm thực & Cafe,16.0648144,108.2231697,,"Ẩm thực: italian, pasta, pizza, ice_cream.",,,,"italian, pasta, pizza, ice_cream",True,restaurant,,,,
node,13097955401,DANANG,Da Nang,Cơm gà Duyên,Ẩm thực & Cafe,16.0470283,108.24159,Đường Châu Thị Vĩnh Tế,"Ẩm thực: asian, oriental, regional, vietnamese.",,,,"asian, oriental, regional, vietnamese",True,restaurant,,,,
node,13108908653,DANANG,Da Nang,Buffet Mogu Mogu,Ẩm thực & Cafe,16.0157818,108.2282368,,Uffet,,,,,True,restaurant,,,,
node,13118797501,DANANG,Da Nang,Bun cha ca 17k,Ẩm thực & Cafe,16.0373694,108.2217902,45 Đường Phan Đăng Lưu,,0924090903,,,,True,restaurant,,,,
node,13153027101,DANANG,Da Nang,Ẩm Thực Chay Bảo Long,Ẩm thực & Cafe,16.0676253,108.2015001,,Ẩm thực: vietnamese.,,,,vietnamese,True,cafe,,,,
node,13165190395,DANANG,Da Nang,Vietnom Local Eatery,Ẩm thực & Cafe,16.047867,108.2438751,"97 Mai Thuc Lan, My An, Đà Nẵng",Ẩm thực: vietnamese. Giờ mở cửa: Mo-Su 07:30-22:00. Chỗ ngồi ngoài trời.,0905482913,https://vietnom.kitchen/,Mo-Su 07:30-22:00,vietnamese,True,restaurant,,,,
node,13165204025,DANANG,Da Nang,Missteak,Ẩm thực & Cafe,16.0478267,108.2438843,"99 Mai Thuc Lan, My An, Đà Nẵng",Ẩm thực: steak_house. Giờ mở cửa: Mo-Su 11:30-23:00. Chỗ ngồi ngoài trời.,1,https://missteak.co/,Mo-Su 11:30-23:00,steak_house,True,restaurant,,,,
node,13165207773,DANANG,Da Nang,Rainbowl Poke,Ẩm thực & Cafe,16.0479151,108.2438673,"95 Mai Thuc Lan, My An, Ngu Hanh Son, Đà Nẵng","Ẩm thực: hawaiian, fusion. Giờ mở cửa: mo-su 07:30-22:00. Chỗ ngồi ngoài trời.",0769059079,https://rainbowlpoke.com/,mo-su 07:30-22:00,"hawaiian, fusion",True,restaurant,,,,
node,13190097501,DANANG,Da Nang,Ibiza hotel,Khách sạn & Lưu trú,16.0777916,108.2289308,,Có Wifi.,,,,,False,,,,,
node,13196845301,DANANG,Da Nang,Louis luxury apartments,Khách sạn & Lưu trú,16.0470752,108.222153,,,,,,,False,,,,,
node,13200843861,DANANG,Da Nang,Star Cafe,Ẩm thực & Cafe,16.0555905,108.2028009,,,,,,,True,cafe,,,,
way,1436381412,DANANG,Da Nang,Hometown Bamboo Prime Villa,Khách sạn & Lưu trú,16.1054118,108.2601733,"1 Đường Ngô Cao Lãng, Đà nẵng",,,,,,False,,,,,
node,13202605155,DANANG,Da Nang,Crystal Jade Kitchen,Ẩm thực & Cafe,16.0551459,108.2020698,,,,,,,True,restaurant,,,,
node,13202605156,DANANG,Da Nang,Lucky Souvenir Shop,Mua sắm & Chợ,16.0551062,108.2022603,,"sells chocolate, bags, toys | Giờ mở cửa: Mo-Su,PH 06:00-00:59. Hỗ trợ xe lăn.",,,"Mo-Su,PH 06:00-00:59",,True,craft_gift_shop,,,,
node,13204937554,DANANG,Da Nang,Highlands Coffee,Ẩm thực & Cafe,16.056994,108.2025915,,,,,,,False,,,,,
node,13231908801,DANANG,Da Nang,"Chill Hub - Brunch, Workspace & More",Ẩm thực & Cafe,16.0616666,108.2422633,,Giờ mở cửa: 07:00-22:00; PH open. Có Wifi. Chỗ ngồi ngoài trời.,0763669995,,07:00-22:00; PH open,,True,cafe,,,,
node,13255711109,DANANG,Da Nang,cà phê bao Long,Ẩm thực & Cafe,16.068213,108.2095756,,,,,,,True,cafe,,,,
node,13286320865,DANANG,Da Nang,Sailor's Home,Khách sạn & Lưu trú,16.0637843,108.2329443,12 Phùng Khắc Khoan,Có Wifi.,,,,,False,,,,,
node,13286322242,DANANG,Da Nang,Yalla,Ẩm thực & Cafe,16.0661529,108.2296766,,"Ẩm thực: middle_eastern, vietnamese, regional, seafood. Giờ mở cửa: 07:00-22:30.",,,07:00-22:30,"middle_eastern, vietnamese, regional, seafood",True,restaurant,,,,
node,13286322243,DANANG,Da Nang,Mai River House,Khách sạn & Lưu trú,16.0661578,108.2297041,393 Đường Trần Hưng Đạo,,,,,,False,,,,,
node,13286322244,DANANG,Da Nang,Minori,Ẩm thực & Cafe,16.0660771,108.2296973,Đường Trần Hưng Đạo,"Ẩm thực: coffee_shop, japanese. Giờ mở cửa: 07:00-22:30. Có Wifi.",,,07:00-22:30,"coffee_shop, japanese",True,cafe,,,,
node,13287246425,DANANG,Da Nang,Long Qiao,Ẩm thực & Cafe,16.0640952,108.2301315,,Ẩm thực: chinese.,,,,chinese,True,restaurant,,,,
node,13287334836,DANANG,Da Nang,Gôn Coffee,Ẩm thực & Cafe,16.0644051,108.2314342,42 Mai Hắc Đế,Hỗ trợ xe lăn.,,,,,True,cafe,,,,
node,13287336511,DANANG,Da Nang,Cà Phê Dặc Sản Việt Nam,Ẩm thực & Cafe,16.062936,108.2298789,,,,,,,True,cafe,,,,
node,13287356620,DANANG,Da Nang,Is Lam Hotel,Khách sạn & Lưu trú,16.0655211,108.229982,,,,,,,False,,,,,
node,13288511161,DANANG,Da Nang,Ngọc Chi,Ẩm thực & Cafe,16.0618991,108.2175015,202 Đường Hoàng Diệu,Ẩm thực: regional. Giờ mở cửa: 09:00-21:00. Có Wifi. Hỗ trợ xe lăn.,0935085088,http://chayngocchi.vn/,09:00-21:00,regional,True,restaurant,,,,
node,13288544261,DANANG,Da Nang,Khâu Cà Phê,Ẩm thực & Cafe,16.0634843,108.2187865,K75/18 Lê Hồng Phong,Có Wifi.,,,,,True,cafe,,,,
node,13288674354,DANANG,Da Nang,Sushi Salmon_club,Ẩm thực & Cafe,16.063258,108.218767,,"Ẩm thực: sushi, japanese. Giờ mở cửa: 10:00-14:00,16:00-21:00.",,,"10:00-14:00,16:00-21:00","sushi, japanese",True,restaurant,,,,
node,13288700377,DANANG,Da Nang,Olivia's Prime,Ẩm thực & Cafe,16.0701323,108.2241747,,Ẩm thực: steak_house. Giờ mở cửa: 11:00-23:00. Hỗ trợ xe lăn.,,https://oliviasprime.com,11:00-23:00,steak_house,True,restaurant,,,,
node,13288936108,DANANG,Da Nang,Marriott Executive Apartments,Khách sạn & Lưu trú,16.0722264,108.2242748,,,,,,,False,,,,,
node,13288936111,DANANG,Da Nang,Highlands Coffee,Ẩm thực & Cafe,16.0622281,108.223993,,"Ẩm thực: coffee_shop, vietnamese. Hỗ trợ xe lăn.",,,,"coffee_shop, vietnamese",False,,,,,
node,13290069642,DANANG,Da Nang,Maison Vy Anh,Khách sạn & Lưu trú,16.0627649,108.2316066,,,,,,,False,,,,,
node,13290069643,DANANG,Da Nang,Kim Seafood,Ẩm thực & Cafe,16.0621975,108.231364,,Ẩm thực: seafood.,,,,seafood,True,restaurant,,,,
node,13290085560,DANANG,Da Nang,Hà Phan,Khách sạn & Lưu trú,16.0627597,108.2316834,,,,,,,False,,,,,
node,13290098752,DANANG,Da Nang,Highlands Coffee,Ẩm thực & Cafe,16.0638962,108.2233249,,"Ẩm thực: coffee_shop, vietnamese.",,,,"coffee_shop, vietnamese",False,,,,,
node,13290137086,DANANG,Da Nang,Bamboo Green Riverside,Khách sạn & Lưu trú,16.0712338,108.2249566,,,,,,,False,,,,,
node,13290137087,DANANG,Da Nang,Han Riverine,Khách sạn & Lưu trú,16.0713377,108.2249323,,,,,,,False,,,,,
node,13290249591,DANANG,Da Nang,Thư Viện Coffee,Ẩm thực & Cafe,16.0648276,108.2315721,,Có Wifi.,,,,,True,cafe,,,,
node,13293564930,DANANG,Da Nang,Himawari,Mua sắm & Chợ,16.063498,108.2315886,66 Mai Hắc Đế,Hỗ trợ xe lăn.,0972023454,,,,True,craft_gift_shop,,,,
node,13294206501,DANANG,Da Nang,ACE Coworking Space,Ẩm thực & Cafe,16.0404339,108.2429068,12 Đường Trần Văn Dư,Có Wifi.,,https://acecoworking.vn/,,,True,cafe,,,,
node,13299175525,DANANG,Da Nang,Kite,Ẩm thực & Cafe,16.0648694,108.2224274,,,,,,,True,cafe,,,,
node,13300747869,DANANG,Da Nang,Su Hào,Ẩm thực & Cafe,16.0638067,108.2326673,,Giờ mở cửa: 06:00-17:00. Có Wifi. Chỗ ngồi ngoài trời.,,,06:00-17:00,,True,cafe,,,,
node,13300836210,DANANG,Da Nang,Phuc Long,Ẩm thực & Cafe,16.0526714,108.2029436,,Hỗ trợ xe lăn.,,,,,False,,,,,
node,13301356138,DANANG,Da Nang,Deli Mart,Mua sắm & Chợ,16.053208,108.2024232,,,,,,,True,craft_gift_shop,,,,
node,13306417601,DANANG,Da Nang,Si Dining,Ẩm thực & Cafe,16.0302522,108.2379864,1 Đường Giang Châu 2,,,,,,True,restaurant,,,,
node,13310182802,DANANG,Da Nang,Coba Pho Bo,Ẩm thực & Cafe,16.0668919,108.2247785,,,,,,,True,restaurant,,,,
node,13340074016,DANANG,Da Nang,Becoming Specialty Coffee,Ẩm thực & Cafe,16.0537961,108.2055094,"74 Đường Thi Sách, Phường Hòa Thuận Tây, Quận Hải Châu, Thành phố Đà Nẵng","Ẩm thực: coffee_shop, cake, regional, asian, vietnamese, juice. Giờ mở cửa: Mo-Su 08:00-21:00. Có Wifi. Chỗ ngồi ngoài trời.",0834554335,https://share.google/ycQOaQBwfVO149Pca,Mo-Su 08:00-21:00,"coffee_shop, cake, regional, asian, vietnamese, juice",True,cafe,,,,
node,13357600202,DANANG,Da Nang,Al Fresco's,Ẩm thực & Cafe,16.0627737,108.2302469,,,,,,,True,restaurant,,,,
node,13362942201,DANANG,Da Nang,Quan Chay Thu,Ẩm thực & Cafe,16.0562893,108.2375729,123 Đường Phạm Cự Lượng,Ẩm thực: vietnamese.,,,,vietnamese,True,restaurant,,,,
node,13362942301,DANANG,Da Nang,Quan Chay xinh,Ẩm thực & Cafe,16.0480317,108.244709,30 Đường An Thượng 8,Ẩm thực: vietnamese.,,,,vietnamese,True,restaurant,,,,
node,13363428401,DANANG,Da Nang,Passport Coffee Lab,Ẩm thực & Cafe,16.0522966,108.2422176,Đường Mai Thúc Lân,Ẩm thực: coffee_shop. Có Wifi. Chỗ ngồi ngoài trời.,,,,coffee_shop,True,cafe,,,,
node,13368831001,DANANG,Da Nang,Um Mani,Ẩm thực & Cafe,16.0732641,108.2207958,Đường Nguyễn Chí Thanh,Chỗ ngồi ngoài trời.,,,,,True,restaurant,,,,
node,13368831101,DANANG,Da Nang,Ikigai,Ẩm thực & Cafe,16.073694,108.2207415,Đường Nguyễn Chí Thanh,Ẩm thực: coffee_shop. Chỗ ngồi ngoài trời.,,,,coffee_shop,True,cafe,,,,
node,13371126001,DANANG,Da Nang,Passport Coffee Roastery,Ẩm thực & Cafe,16.059726,108.2045058,Trường Thi 6,Ẩm thực: coffee_shop. Có Wifi. Chỗ ngồi ngoài trời.,,,,coffee_shop,True,cafe,,,,
node,13371161201,DANANG,Da Nang,Pho Tin - 13 Lò Dúc,Ẩm thực & Cafe,16.054737,108.2410262,Đường Nguyễn Văn Thoại,"Ẩm thực: noodles, vietnamese.",,,,"noodles, vietnamese",True,restaurant,,,,
node,13373300801,DANANG,Da Nang,Roost Roasters,Ẩm thực & Cafe,16.043415,108.244032,Đường Bà Huyện Thanh Quan,Ẩm thực: coffee_shop. Có Wifi. Chỗ ngồi ngoài trời.,,,,coffee_shop,True,cafe,,,,
node,13373374201,DANANG,Da Nang,Kin Kin Thai Food,Ẩm thực & Cafe,16.043404,108.24418,Đường Bà Huyện Thanh Quan,"Ẩm thực: thai. Giờ mở cửa: Mo-Su 11:00-14:00, 16:30-21:30. Chỗ ngồi ngoài trời.",,,"Mo-Su 11:00-14:00, 16:30-21:30",thai,True,restaurant,,,,
node,13377653501,DANANG,Da Nang,Chong Coffee & Food,Ẩm thực & Cafe,16.051328,108.2463316,Đường An Thượng 30,Ẩm thực: coffee_shop. Giờ mở cửa: Mo-Su 08:00-23:00. Có Wifi. Chỗ ngồi ngoài trời.,,,Mo-Su 08:00-23:00,coffee_shop,True,cafe,,,,
node,13380454601,DANANG,Da Nang,O2O First Roast Coffee,Ẩm thực & Cafe,16.0457422,108.2446755,Đường Phan Tứ,Ẩm thực: coffee_shop. Có Wifi.,,,,coffee_shop,True,cafe,,,,
node,13380507401,DANANG,Da Nang,Puna Coffee,Ẩm thực & Cafe,16.0470158,108.2464439,Đường Lê Quang Đạo,Ẩm thực: coffee_shop. Có Wifi. Chỗ ngồi ngoài trời.,,,,coffee_shop,True,cafe,,,,
node,13382556801,DANANG,Da Nang,Outta Da Blue Specialty Coffee,Ẩm thực & Cafe,16.0697234,108.2177394,Đường Pasteur,Ẩm thực: coffee_shop. Có Wifi. Chỗ ngồi ngoài trời.,,,,coffee_shop,True,cafe,,,,
node,13382556901,DANANG,Da Nang,Pho Tin,Ẩm thực & Cafe,16.0698542,108.2183553,Đường Pasteur,Ẩm thực: vietnamese.,,,,vietnamese,True,restaurant,,,,
node,13385701701,DANANG,Da Nang,Kafe de June,Ẩm thực & Cafe,16.0641789,108.2190171,Đường Lê Hồng Phong,Ẩm thực: coffee_shop. Có Wifi. Chỗ ngồi ngoài trời.,,,,coffee_shop,True,cafe,,,,
node,13387865401,DANANG,Da Nang,Tabiji Coffee,Ẩm thực & Cafe,16.0530294,108.2406141,Kiệt 72 Nguyễn Văn Thoại,Ẩm thực: coffee_shop. Giờ mở cửa: Mo-Su 07:30-19:30. Có Wifi. Chỗ ngồi ngoài trời.,,,Mo-Su 07:30-19:30,coffee_shop,True,cafe,,,,
node,13392414601,DANANG,Da Nang,Brewinghood,Ẩm thực & Cafe,16.0504293,108.2431698,Đường An Thượng 40,Ẩm thực: coffee_shop. Chỗ ngồi ngoài trời.,,,,coffee_shop,True,cafe,,,,
node,13392416701,DANANG,Da Nang,D.coffee,Ẩm thực & Cafe,16.0514293,108.2436417,Đường An Thượng 29,Ẩm thực: coffee_shop. Có Wifi. Chỗ ngồi ngoài trời.,,,,coffee_shop,True,cafe,,,,
node,13394279401,DANANG,Da Nang,Oslow,Ẩm thực & Cafe,16.0683888,108.2425594,89 Đường Sương Nguyệt Ánh,Ẩm thực: coffee_shop. Giờ mở cửa: Mo-Su 07:00-22:00. Có Wifi. Chỗ ngồi ngoài trời.,,,Mo-Su 07:00-22:00,coffee_shop,True,cafe,,,,
node,13403678801,DANANG,Da Nang,The Third House Coffee,Ẩm thực & Cafe,16.0668833,108.2013525,3 Kiệt 142 Lê Độ,Ẩm thực: coffee_shop. Có Wifi.,,,,coffee_shop,True,cafe,,,,
node,13407566501,DANANG,Da Nang,Pillar Coffee,Ẩm thực & Cafe,16.0562251,108.2227975,Đường Trần Văn Trứ,Ẩm thực: coffee_shop. Giờ mở cửa: Mo-Su 07:00-17:00. Có Wifi.,,,Mo-Su 07:00-17:00,coffee_shop,True,cafe,,,,
node,13415593504,DANANG,Da Nang,Nha Do,Ẩm thực & Cafe,16.0719142,108.2344959,,,,,,,True,restaurant,,,,
node,13415594401,DANANG,Da Nang,King Coffee,Ẩm thực & Cafe,16.0716099,108.2396939,,,,,,,True,cafe,,,,
node,13415710101,DANANG,Da Nang,Mr. Quế,Ẩm thực & Cafe,16.0735137,108.2412704,38 Đường Loseby,Ẩm thực: vietnamese.,,,,vietnamese,True,restaurant,,,,
node,13415734901,DANANG,Da Nang,Full-Market,Mua sắm & Chợ,16.0739006,108.2444362,,Giờ mở cửa: 24/7.,,,24/7,,False,,,,,
node,13417231501,DANANG,Da Nang,Lighthouse,Ẩm thực & Cafe,16.0688613,108.242553,Đường Dương Đình Nghệ,Ẩm thực: coffee_shop.,,,,coffee_shop,True,cafe,,,,
node,13417562101,DANANG,Da Nang,Quyen's House,Ẩm thực & Cafe,16.067956,108.2412056,,,,,,,True,restaurant,,,,
node,13417562201,DANANG,Da Nang,Pho Bien,Ẩm thực & Cafe,16.0671881,108.2407456,,,,,,,True,cafe,,,,
node,13417588901,DANANG,Da Nang,Quán Chay Hà,Ẩm thực & Cafe,16.0666438,108.2175163,16 Đường Đoàn Thị Điểm,"Ẩm thực: local, vietnamese. Giờ mở cửa: Mo-Su 07:00-18:00.",,,Mo-Su 07:00-18:00,"local, vietnamese",True,restaurant,,,,
node,13417690601,DANANG,Da Nang,Milano Coffee,Ẩm thực & Cafe,16.0686291,108.239909,,,,,,,True,cafe,,,,
node,13417728201,DANANG,Da Nang,An Bình Tài,Khách sạn & Lưu trú,16.0741491,108.2405558,92 Đường Trần Thanh Mại,Có Wifi.,,,,,False,,,,,
node,13417754301,DANANG,Da Nang,DaNang Beach,Văn hóa & Nghệ thuật,16.0639766,108.24639,,,,,,,False,,,,,
node,13418177101,DANANG,Da Nang,Great street coffee,Ẩm thực & Cafe,16.08706,108.2484527,,Ẩm thực: coffee_shop.,,,,coffee_shop,True,cafe,,,,
node,13420475801,DANANG,Da Nang,Busan,Ẩm thực & Cafe,16.0679023,108.2399175,116 Đường Chính Hữu,Ẩm thực: korean. Giờ mở cửa: Mo-Su 06:30-23:30.,,,Mo-Su 06:30-23:30,korean,True,restaurant,,,,
node,13420475901,DANANG,Da Nang,Raku,Ẩm thực & Cafe,16.0677106,108.2399171,,,,,,,True,restaurant,,,,
node,13420522101,DANANG,Da Nang,H.E.M. Coffee,Ẩm thực & Cafe,16.0652043,108.2407158,288 Đường Nguyễn Công Trứ,"Ẩm thực: coffee_shop, local.",,,,"coffee_shop, local",True,cafe,,,,
node,13420628459,DANANG,Da Nang,Babylon Steak Garden,Ẩm thực & Cafe,16.0705125,108.2419628,,,,,,,True,restaurant,,,,
node,13420653309,DANANG,Da Nang,Mai Boutique Villa,Khách sạn & Lưu trú,16.0706121,108.2421085,,,,,,,False,,,,,
node,13420733703,DANANG,Da Nang,Full-Market,Mua sắm & Chợ,16.0827171,108.2444822,,Giờ mở cửa: 24/7.,,,24/7,,False,,,,,
node,13420733801,DANANG,Da Nang,Seafood King,Ẩm thực & Cafe,16.0865588,108.2482766,,Ẩm thực: seafood.,,,,seafood,True,restaurant,,,,
node,13420734501,DANANG,Da Nang,Haizo,Ẩm thực & Cafe,16.0874281,108.2476378,,Ẩm thực: seafood.,,,,seafood,True,restaurant,,,,
node,13421486901,DANANG,Da Nang,Highlands Coffee,Ẩm thực & Cafe,16.0626795,108.2302657,,Ẩm thực: coffee_shop.,,,,coffee_shop,False,,,,,
node,13422957797,DANANG,Da Nang,Cheers,Ẩm thực & Cafe,16.0721218,108.2434644,,,,,,,True,restaurant,,,,
node,13423167702,DANANG,Da Nang,Tue Tam Quan Chay,Ẩm thực & Cafe,16.0664379,108.2411695,58 Đường Lý Văn Tố,Ẩm thực: vietnamese. Giờ mở cửa: Mo-Su 06:00-12:00.,,,Mo-Su 06:00-12:00,vietnamese,True,restaurant,,,,
node,13423557381,DANANG,Da Nang,Cây Sung,Ẩm thực & Cafe,16.0731168,108.2447235,,,,,,,True,restaurant,,,,
node,13423558716,DANANG,Da Nang,Nhà An,Ẩm thực & Cafe,16.0749438,108.2431372,,Ẩm thực: vietnamese. Giờ mở cửa: Mo-Su 07:00-22:00.,,,Mo-Su 07:00-22:00,vietnamese,True,restaurant,,,,
node,13423568934,DANANG,Da Nang,Khánh garden,Ẩm thực & Cafe,16.0739472,108.2441146,,,,,,,True,restaurant,,,,
node,13423570318,DANANG,Da Nang,The Lounge,Ẩm thực & Cafe,16.0725517,108.2447897,,,,,,,True,cafe,,,,
node,13423570578,DANANG,Da Nang,Highlands,Ẩm thực & Cafe,16.0727954,108.2447778,,,,,,,True,cafe,,,,
node,13426046382,DANANG,Da Nang,Xuan Phù,Khách sạn & Lưu trú,16.0824598,108.1632774,,,,,,,False,,,,,
node,13426851201,DANANG,Da Nang,V-Hotel Da NANG BEACH,Khách sạn & Lưu trú,16.0378297,108.2502389,510 Đường Võ Nguyên Giáp,Có Wifi.,02363666660,https://v-hotel.com.vn/,,,False,,,,,
node,13428383201,DANANG,Da Nang,May Garden,Ẩm thực & Cafe,16.0411892,108.2463475,Đường Chế Lan Viên,Ẩm thực: coffee_shop. Có Wifi. Chỗ ngồi ngoài trời.,,,,coffee_shop,True,cafe,,,,
node,13449488301,DANANG,Da Nang,The Tamarind Tree,Ẩm thực & Cafe,16.0563736,108.2442551,Đường Tô Hiến Thành,Ẩm thực: vietnamese. Chỗ ngồi ngoài trời.,,,,vietnamese,True,restaurant,,,,
node,13463805801,DANANG,Da Nang,Z! Coffee and Roastery,Ẩm thực & Cafe,16.0525641,108.2447206,Đường Lê Quang Đạo,Ẩm thực: coffee_shop. Giờ mở cửa: 06:30-22:30. Có Wifi. Chỗ ngồi ngoài trời.,,,06:30-22:30,coffee_shop,True,cafe,,,,
node,13470441546,DANANG,Da Nang,Jade Private Fitness,Thể thao & Giải trí,16.0350403,108.2319176,46 Đường Nại Nam,Giờ mở cửa: Mo-Sa 05:00-21:00.,0905439911,,Mo-Sa 05:00-21:00,,False,,,,,
node,13478351601,DANANG,Da Nang,Greenery Hotel,Khách sạn & Lưu trú,16.065758,108.2444386,76 Đường Hà Bổng,Có Wifi.,,,,,False,,,,,
node,13508339002,DANANG,Da Nang,Ẩm Thực Chay,Ẩm thực & Cafe,16.0747243,108.2126495,,,,,,,True,restaurant,,,,
node,13511421001,DANANG,Da Nang,Chay Tâm Phúc,Ẩm thực & Cafe,16.0741367,108.2164799,,Ẩm thực: vietnamese.,,,,vietnamese,True,restaurant,,,,
node,13511441601,DANANG,Da Nang,Arita Rivera Hotel,Khách sạn & Lưu trú,16.0370478,108.2397901,02 Đường An Tư Công Chúa,Có Wifi.,,,,,False,,,,,
node,13519073801,DANANG,Da Nang,Khế Gym,Thể thao & Giải trí,16.0601332,108.2224543,32 Đường Trưng Nữ Vương,Giờ mở cửa: Mo-Sa 05:30-20:30; Su 08:00-18:00.,,,Mo-Sa 05:30-20:30; Su 08:00-18:00,,False,,,,,
node,13521142030,DANANG,Da Nang,Nhà nghỉ Minh Thảo - Nơi lưu trú uy tín giá rẻ tại Sơn Trà Đà Nẵng,Khách sạn & Lưu trú,16.0896737,108.2427034,,,,,,,True,homestay_guesthouse,,,,
node,13521587473,DANANG,Da Nang,Be Den,Ẩm thực & Cafe,16.0938963,108.2487923,,"Ẩm thực: seafood, local.",,,,"seafood, local",True,cafe,,,,
node,13523223198,DANANG,Da Nang,6 Animals,Văn hóa & Nghệ thuật,16.1008054,108.2772954,,,,,,,False,,,,,
node,13523232802,DANANG,Da Nang,11 Animals,Văn hóa & Nghệ thuật,16.1010742,108.2770785,,,,,,,False,,,,,
node,13523255967,DANANG,Da Nang,Cam Tam,Ẩm thực & Cafe,16.095142,108.2326896,,,,,,,True,cafe,,,,
node,13524052772,DANANG,Da Nang,Quán Nhúý,Ẩm thực & Cafe,16.0897324,108.2420076,,Ẩm thực: vietnamese.,,,,vietnamese,True,cafe,,,,
node,13525483833,DANANG,Da Nang,Hard to climb,Điểm tham quan & Cảnh quan,16.0039418,108.2633507,,,,,,,False,,,,,
node,13525483883,DANANG,Da Nang,Dragon,Văn hóa & Nghệ thuật,15.9985903,108.2542991,,,,,,,False,,,,,
node,13525483886,DANANG,Da Nang,Buddha,Văn hóa & Nghệ thuật,16.0043147,108.2622574,,,,,,,False,,,,,
node,13525505845,DANANG,Da Nang,Cóm Bà Tí,Ẩm thực & Cafe,16.0872301,108.2413636,,30 000 | Ẩm thực: vietnamese.,,,,vietnamese,True,cafe,,,,
node,13525536984,DANANG,Da Nang,Com Tam,Ẩm thực & Cafe,16.0868651,108.2434291,,Ẩm thực: vietnamese.,,,,vietnamese,True,cafe,,,,
node,13531850361,DANANG,Da Nang,Old Jets,Di tích & Lịch sử,16.0351948,108.2037811,,,,,,,False,,,,,
node,13542865076,DANANG,Da Nang,Highlands Coffee,Ẩm thực & Cafe,16.0525308,108.2030428,,"Ẩm thực: coffee_shop, vietnamese.",,,,"coffee_shop, vietnamese",False,,,,,
node,13542865092,DANANG,Da Nang,Big Bowl,Ẩm thực & Cafe,16.0525341,108.2031279,,Ẩm thực: asian.,,,,asian,True,restaurant,,,,
node,13542877610,DANANG,Da Nang,Deli Mart,Mua sắm & Chợ,16.0536855,108.2023552,,,,,,,True,craft_gift_shop,,,,
node,13542877612,DANANG,Da Nang,Lucky Gift Shop,Mua sắm & Chợ,16.0530035,108.2031119,,,,,,,True,craft_gift_shop,,,,
node,13542877617,DANANG,Da Nang,Airport Information,Dịch vụ du lịch,16.0533357,108.2030599,,,,,,,False,,,,,
node,13542877625,DANANG,Da Nang,Lucky Restaurant,Ẩm thực & Cafe,16.0529128,108.2031259,,,,,,,True,restaurant,,,,
node,13545986805,DANANG,Da Nang,Ocean Star,Khách sạn & Lưu trú,16.0725557,108.2011233,,,,,,,False,,,,,
node,13545998485,DANANG,Da Nang,Cafe Lavander,Ẩm thực & Cafe,16.046653,108.2280702,,Giờ mở cửa: Mo-Su 07:00-22:00.,,,Mo-Su 07:00-22:00,,True,cafe,,,,
node,13546015635,DANANG,Da Nang,Bahn Mi & cafe,Ẩm thực & Cafe,16.0421084,108.2483574,"410 Đường Võ Nguyên Giáp, Da Nang",,0392073143,,,,True,cafe,,,,
node,13546039219,DANANG,Da Nang,Katinat,Ẩm thực & Cafe,16.0557005,108.2234263,,,,,,,True,cafe,,,,
node,13563775401,DANANG,Da Nang,Cross Coffee,Ẩm thực & Cafe,16.04189,108.2460253,88 Đường Trần Văn Dư,Ẩm thực: coffee_shop. Giờ mở cửa: Mo-Su 09:00-18:00. Có Wifi. Chỗ ngồi ngoài trời.,,,Mo-Su 09:00-18:00,coffee_shop,True,cafe,,,,
node,13566150243,DANANG,Da Nang,Anh Tuyet,Ẩm thực & Cafe,16.0030134,108.2652119,,Ẩm thực: vietnamese.,,,,vietnamese,True,restaurant,,,,
node,13575417501,DANANG,Da Nang,Ẩm Thực Chay HẠNH THIỆN - Quán Chay - Vegan Restaurant,Ẩm thực & Cafe,16.1014101,108.2550769,,Ẩm thực: vietnamese. Có Wifi.,0905312906,,,vietnamese,True,restaurant,,,,
node,13578387140,DANANG,Da Nang,Oh La La!,Ẩm thực & Cafe,16.0527282,108.2420418,64a Đường Mai Thúc Lân,"Ẩm thực: breakfast, coffee_shop. Giờ mở cửa: 08:00-18:00. Có Wifi. Chỗ ngồi ngoài trời.",,,08:00-18:00,"breakfast, coffee_shop",True,cafe,,,,
node,13588757753,DANANG,Da Nang,Solis,Ẩm thực & Cafe,16.0512328,108.2458995,,"Ẩm thực: breakfast, coffee_shop, international. Có Wifi. Chỗ ngồi ngoài trời.",,,,"breakfast, coffee_shop, international",True,cafe,,,,
node,13597097601,DANANG,Da Nang,Restaurant Cabanon Palace,Ẩm thực & Cafe,16.0737327,108.240949,27 - 29 Loseby street,Ẩm thực: french. Giờ mở cửa: Su-Fr 18:30-22:00. Có Wifi.,0796653020,https://www.cabanonpalace.com/,Su-Fr 18:30-22:00,french,True,restaurant,,,,
node,13597246829,DANANG,Da Nang,cà phê Thanh Thảo,Ẩm thực & Cafe,16.0809879,108.1617775,02 Đường Nguyễn Huy Tự,,,,,,True,cafe,,,,
node,13597246830,DANANG,Da Nang,Nhà May,Mua sắm & Chợ,16.0808629,108.1616991,08 Đường Nguyễn Huy Tự,,,,,,False,,,,,
node,13597246831,DANANG,Da Nang,04 Nguyễn Huy Tự,Ẩm thực & Cafe,16.0809408,108.161748,04 Đường Nguyễn Huy Tự,,,,,,True,restaurant,,,,
node,13600463820,DANANG,Da Nang,43 Hòa Phú 9,Ẩm thực & Cafe,16.067052,108.1659434,43 Đường Hoà Phú 9,,,,,,True,restaurant,,,,
node,13608703047,DANANG,Da Nang,Ciela,Ẩm thực & Cafe,16.0742967,108.2446299,,Ẩm thực: international.,,,,international,True,restaurant,,,,
node,13617032701,DANANG,Da Nang,Dam Tien Hotel,Khách sạn & Lưu trú,16.0700131,108.2427675,14 Đường Phạm Văn Đồng,Có Wifi.,,,,,False,,,,,
node,13619314947,DANANG,Da Nang,Starbucks,Ẩm thực & Cafe,16.0717994,108.2300306,496 Đường Ngô Quyền,Ẩm thực: coffee_shop.,,,,coffee_shop,False,,,,,
node,13619329407,DANANG,Da Nang,WinMart,Mua sắm & Chợ,16.0712239,108.2304225,496 Đường Ngô Quyền,,,,,,False,,,,,
node,13623400001,DANANG,Da Nang,Mai,Ẩm thực & Cafe,16.0542902,108.2394864,58 nguyen van thoai,Ẩm thực: vietnamese.,,,,vietnamese,True,restaurant,,,,
node,13624265424,DANANG,Da Nang,An's Cafe,Ẩm thực & Cafe,16.073485,108.2422327,78 Đường Loseby,Có Wifi. Chỗ ngồi ngoài trời.,0935184416,,,,True,cafe,,,,
node,13624595101,DANANG,Da Nang,Naman Retreat,Khách sạn & Lưu trú,15.96915,108.2847535,,,,,,,False,,,,,
node,13624937778,DANANG,Da Nang,Trâu Nước,Văn hóa & Nghệ thuật,16.0063979,108.1253189,,,,,,,False,,,,,
node,13626316301,DANANG,Da Nang,DaNa Home Hotel,Khách sạn & Lưu trú,16.078329,108.2182818,,,,,,,False,,,,,
node,13626848101,DANANG,Da Nang,Flavours of India,Ẩm thực & Cafe,16.0514904,108.2424487,,,,,,,True,restaurant,,,,
node,13632892460,DANANG,Da Nang,Park view,Khách sạn & Lưu trú,16.0759788,108.2418354,38 Đường Phước Trường 15,,,,,,False,,,,,
node,13639997900,DANANG,Da Nang,Susu,Ẩm thực & Cafe,16.0776492,108.2444299,,,,,,,True,restaurant,,,,
node,13644299364,DANANG,Da Nang,Altitude,Ẩm thực & Cafe,16.0778184,108.2451824,118-120 Đường Võ Nguyên Giáp,"Ẩm thực: international, vietnamese.",,,,"international, vietnamese",True,restaurant,,,,
node,13651242101,DANANG,Da Nang,Normad Cafe,Ẩm thực & Cafe,16.0711287,108.2362342,106 Đường Phạm Văn Đồng,Giờ mở cửa: Mo-Su 08:00-00:00. Có Wifi. Chỗ ngồi ngoài trời.,,,Mo-Su 08:00-00:00,,True,cafe,,,,
node,13651316901,DANANG,Da Nang,Firstroast Coffee,Ẩm thực & Cafe,16.0456649,108.2447189,,,,,,,True,cafe,,,,
node,13651634201,DANANG,Da Nang,Nice coffee,Ẩm thực & Cafe,16.0700864,108.2374396,200 Đường Phạm Văn Đồng,Giờ mở cửa: Mo-Su 08:00-22:00. Có Wifi.,764042534,,Mo-Su 08:00-22:00,,True,cafe,,,,
node,13653946401,DANANG,Da Nang,BOSS cafe,Ẩm thực & Cafe,16.070298,108.2365609,168 Đường Phạm Văn Đồng,Giờ mở cửa: Mo-Su 07:00-02:00. Có Wifi. Chỗ ngồi ngoài trời.,352827894,,Mo-Su 07:00-02:00,,True,cafe,,,,
node,13671225501,DANANG,Da Nang,Cherry coffee,Ẩm thực & Cafe,16.0095816,108.2576806,,Có Wifi.,,,,,True,cafe,,,,
node,13671225601,DANANG,Da Nang,Winmart,Mua sắm & Chợ,16.0094313,108.2573552,,,,,,,False,,,,,
node,13677406601,DANANG,Da Nang,"Memorial to the victims of the Flight 229 plane crash on March 15, 1979.",Di tích & Lịch sử,16.121001,108.2572286,,,,,,,False,,,,,
node,13715453001,DANANG,Da Nang,TripleCoffee - Bánh Mỳ TôNy,Ẩm thực & Cafe,16.0669803,108.2404183,70 Đường Phạm Tu,"Ẩm thực: asian, bubble_tea, coffee_shop, vietnamese. Giờ mở cửa: Mo-Su 06:30-21:00. Có Wifi. Chỗ ngồi ngoài trời.",0779518901,https://r.grab.com/g/6-20260813_094412_EB642E25EDCA4E7D96C03963AFD91968_MEXMPS-5-C4JDJUCYATMDSA,Mo-Su 06:30-21:00,"asian, bubble_tea, coffee_shop, vietnamese",True,cafe,,,,
node,13722666902,DANANG,Da Nang,Tamarind Coffee,Ẩm thực & Cafe,16.0611938,108.2390339,15 Đường Mỹ Khê 3,Ẩm thực: coffee_shop. Giờ mở cửa: Mo-Su 06:30-22:00. Có Wifi. Chỗ ngồi ngoài trời.,0327890043,,Mo-Su 06:30-22:00,coffee_shop,True,cafe,,,,
node,13724829101,DANANG,Da Nang,Totoro Nướng & Sushi,Ẩm thực & Cafe,16.0647155,108.2207954,287 Đường Nguyễn Chí Thanh,"Ẩm thực: japanese, ramen, sushi. Giờ mở cửa: Mo-Su 10:00-21:30. Có Wifi.",0934759287,,Mo-Su 10:00-21:30,"japanese, ramen, sushi",True,restaurant,,,,
node,13728731701,DANANG,Da Nang,Nối - The Cabin,Ẩm thực & Cafe,16.094811,108.2345543,118 Đường Chu Huy Mân,,0935804537,,,,True,cafe,,,,
node,13734880501,DANANG,Da Nang,Tượng Phật Phước Lý,Di tích & Lịch sử,16.0405625,108.1489375,"Hòa Khánh Nam, quận Liên Chiểu, Đà Nẵng",A 65-meter giant rock-cut Buddha statue located in the Da Son Spiritual Complex,,,,,False,,,,,
node,13736627901,DANANG,Da Nang,"NHIÊN Bistro, and A bit more",Ẩm thực & Cafe,16.0584375,108.2426875,33 Đường Mỹ Khê 5,"Ẩm thực: breakfast, coffee_shop, vietnamese. Giờ mở cửa: Tu-Su 07:00-19:00; Mo 07:00-12:00. Chỗ ngồi ngoài trời.",0869749955,,Tu-Su 07:00-19:00; Mo 07:00-12:00,"breakfast, coffee_shop, vietnamese",True,cafe,,,,
node,13738874785,DANANG,Da Nang,Quán Bún chả Hà Nội Thanh Nga,Ẩm thực & Cafe,16.0279614,108.2440855,60 Đường Nguyễn Hữu Hào,,,,,,True,restaurant,,,,
node,13739882101,DANANG,Da Nang,Webe Coffee,Ẩm thực & Cafe,16.0708125,108.2419375,14-16 Đường Nguyễn Hữu Thông,Ẩm thực: coffee_shop. Giờ mở cửa: Mo-Su 07:00-22:00. Chỗ ngồi ngoài trời.,0905099797,,Mo-Su 07:00-22:00,coffee_shop,True,cafe,,,,
node,13744719202,DANANG,Da Nang,Nia Coffee,Ẩm thực & Cafe,16.053079,108.2215021,3/14 Đường Phan Thành Tài,Ẩm thực: coffee_shop. Giờ mở cửa: Mo-Su 07:00-22:00. Có Wifi. Chỗ ngồi ngoài trời.,0903515415,,Mo-Su 07:00-22:00,coffee_shop,True,cafe,,,,
node,13755229301,DANANG,Da Nang,Gấu kafe,Ẩm thực & Cafe,16.0596272,108.2386161,78/3 Đường Nguyễn Thiện Kế,"Ẩm thực: breakfast, chicken, coffee_shop, international, italian, mediterranean, sandwich. Giờ mở cửa: Mo-Su 07:00-22:00. Có Wifi. Chỗ ngồi ngoài trời.",0777279186,,Mo-Su 07:00-22:00,"breakfast, chicken, coffee_shop, international, italian, mediterranean, sandwich",True,cafe,,,,
node,13760498701,DANANG,Da Nang,Cửa Ngõ Café,Ẩm thực & Cafe,16.0595108,108.2445891,,,,,,,True,cafe,,,,
node,13766148790,DANANG,Da Nang,"Rebirthing Breathwork Da Nang, Hoi An",Thể thao & Giải trí,16.0739335,108.2395117,"30 Đường Chính Hữu, An Hải, Da Nang",,0399180430,,,,False,,,,,
node,13766193775,DANANG,Da Nang,Cô Tới Coffee,Ẩm thực & Cafe,16.0543581,108.2443537,"31 31 Lê Quang Đạo, Bắc Mỹ Phú, Ngũ Hành Sơn, Danang","Ẩm thực: coffee_shop, fruit. Có Wifi. Chỗ ngồi ngoài trời.",0899606363,,,"coffee_shop, fruit",True,cafe,,,,
node,13784209321,DANANG,Da Nang,Tiệm cà phê Nắng,Ẩm thực & Cafe,15.980102,108.2526322,"42 Đường Nguyễn Dục, Hòa Hải, Ngũ Hành Sơn, Đà Nẵng",Giờ mở cửa: 7:00 - 22:00. Có Wifi. Chỗ ngồi ngoài trời.,0937632143,https://www.facebook.com/tiemcaphenangchill,7:00 - 22:00,,True,cafe,,,,
node,13786813301,DANANG,Da Nang,Hotel Huong,Khách sạn & Lưu trú,16.073321,108.2429187,134 Đường Hồ Nghinh,,,,,,False,,,,,
node,13805547596,DANANG,Da Nang,KATE Coffee & Tea,Ẩm thực & Cafe,16.0422346,108.2469269,"92/1 Đường Trần Văn Dư, Ngũ Hành Sơn, Ngũ Hành Sơn, Đà Nẵng","Ẩm thực: coffee_shop, cake. Giờ mở cửa: Mo-Su 07:30-22:00. Có Wifi.",0982159967,,Mo-Su 07:30-22:00,"coffee_shop, cake",True,cafe,,,,
node,13808256915,DANANG,Da Nang,Sushi Sashimi 24h,Ẩm thực & Cafe,16.045285,108.2469424,,Giờ mở cửa: Mo-Su 10:00-02:00.,,,Mo-Su 10:00-02:00,,True,restaurant,,,,
node,13828339481,DANANG,Da Nang,Tạp Hoá Cô Bê,Mua sắm & Chợ,15.9715387,108.2375402,"Lưu Quang Vũ, Phường Ngũ Hành Sơn",Giờ mở cửa: Mo-Su 08:00-22:00.,,,Mo-Su 08:00-22:00,,False,,,,,
node,13828351864,DANANG,Da Nang,Tạp Hoá Bà Cử,Mua sắm & Chợ,15.9724345,108.2403135,"Lưu Quang Vũ, Phường Ngũ Hành Sơn",,,,,,False,,,,,
node,13848456402,DANANG,Da Nang,Phin Cũ Cafe,Ẩm thực & Cafe,16.0750569,108.242043,,,,,,,True,cafe,,,,
node,13848489601,DANANG,Da Nang,Spanda Yoga Café,Ẩm thực & Cafe,16.0749373,108.2417797,Đường An Cư 6,"Ẩm thực: breakfast, coffee_shop. Giờ mở cửa: Mo-Sa 08:00-17:00. Có Wifi.",,https://spandayoga.vn,Mo-Sa 08:00-17:00,"breakfast, coffee_shop",True,cafe,,,,
node,13848891001,DANANG,Da Nang,Bollywood Kitchen,Ẩm thực & Cafe,16.0751891,108.2428637,,Ẩm thực: indian.,,,,indian,True,restaurant,,,,
node,13852133401,DANANG,Da Nang,Banh canh ca loc hue be,Ẩm thực & Cafe,16.0366688,108.222335,459 Đường Núi Thành,"Giờ mở cửa: Mo-Su 08:00-12:00, 16:00-21:00. Có Wifi.",,,"Mo-Su 08:00-12:00, 16:00-21:00",,True,restaurant,,,,
node,13853214801,DANANG,Da Nang,Starbucks,Ẩm thực & Cafe,16.0629469,108.2300289,,Ẩm thực: coffee_shop. Có Wifi.,,,,coffee_shop,False,,,,,
node,13853225601,DANANG,Da Nang,Gan,Ẩm thực & Cafe,16.033395,108.2204224,,,,,,,True,cafe,,,,
node,13853226001,DANANG,Da Nang,Bun thit nuong,Ẩm thực & Cafe,16.0343974,108.2205436,91 Đường Trịnh Công Sơn,,,,,,True,restaurant,,,,
node,13853226101,DANANG,Da Nang,Ikigai,Ẩm thực & Cafe,16.0346434,108.2202804,,,,,,,True,cafe,,,,
node,13853226201,DANANG,Da Nang,Ngo coffee,Ẩm thực & Cafe,16.0363084,108.2202014,,,,,,,True,cafe,,,,
node,13857080401,DANANG,Da Nang,The Ketchup,Ẩm thực & Cafe,16.0733996,108.2397189,,Ẩm thực: burger. Có Wifi.,,,,burger,True,restaurant,,,,
node,13860331501,DANANG,Da Nang,The Green Ramen,Ẩm thực & Cafe,16.0579373,108.2444873,71 Kiệt 227 Đường Nguyễn Văn Thoại,Ẩm thực: ramen. Giờ mở cửa: Mo-Su 11:00-23:00.,,,Mo-Su 11:00-23:00,ramen,True,restaurant,,,,
node,13860986975,DANANG,Da Nang,ABC Bakery,Ẩm thực & Cafe,16.0400476,108.2180563,109 Đường 30 Tháng 4,,,,,,True,cafe,,,,
node,13860986981,DANANG,Da Nang,D Mart,Mua sắm & Chợ,16.0400378,108.2177077,,,,,,,False,,,,,
node,13881291562,DANANG,Da Nang,Sport coffee,Ẩm thực & Cafe,16.0273724,108.2213302,,Ẩm thực: coffee_shop.,,,,coffee_shop,True,cafe,,,,
node,13890168980,DANANG,Da Nang,Cafe Cô Bốn,Ẩm thực & Cafe,16.0323664,108.1135372,"Thôn Đại La, Hòa Khánh, Đà Nẵng",Ẩm thực: coffee_shop. Giờ mở cửa: 24/7. Có Wifi. Chỗ ngồi ngoài trời.,00905566503,,24/7,coffee_shop,True,cafe,,,,
node,13893330292,DANANG,Da Nang,Sandy Beach Non Nuoc Resort,Khách sạn & Lưu trú,15.9983139,108.2712766,"21 Trường Sa, Ngũ Hành Sơn, Đà Nẵng",,,,,,False,,,,,
node,13898071201,DANANG,Da Nang,Sun River Hotel,Khách sạn & Lưu trú,16.0407053,108.2463941,,,,,,,False,,,,,
node,13901304302,DANANG,Da Nang,Hu tieu,Ẩm thực & Cafe,16.0003703,108.1846002,,,,,,,True,restaurant,,,,
node,13901304501,DANANG,Da Nang,Quan nhau binh dan,Ẩm thực & Cafe,15.9998624,108.1866288,,,,,,,True,restaurant,,,,
node,13901304801,DANANG,Da Nang,Banh canh,Ẩm thực & Cafe,16.0060793,108.1943386,,,,,,,True,restaurant,,,,
node,13912129701,DANANG,Da Nang,TIỆM CƠM CHÚ TÈO,Ẩm thực & Cafe,16.0615251,108.2206375,,,,,,,True,restaurant,,,,
node,13914106801,DANANG,Da Nang,369 Family Restaurant,Ẩm thực & Cafe,16.0520497,108.244237,71-73 Đường Phan Tôn,Ẩm thực: russian. Giờ mở cửa: Mo-Su 09:00-22:45. Có Wifi.,,,Mo-Su 09:00-22:45,russian,True,cafe,,,,
node,13917253901,DANANG,Da Nang,Maazi,Ẩm thực & Cafe,16.062239,108.2231411,,,,,,,True,restaurant,,,,
node,13937758901,DANANG,Da Nang,Ngọc Phụng,Ẩm thực & Cafe,16.0464026,108.241728,199 Đường Châu Thị Vĩnh Tế,Có Wifi.,,,,,True,cafe,,,,
node,13938378601,DANANG,Da Nang,ISH - The Indian Restaurant,Ẩm thực & Cafe,16.0628863,108.2303072,,Ẩm thực: indian. Giờ mở cửa: Mo-Su 07:30-23:30.,,,Mo-Su 07:30-23:30,indian,True,restaurant,,,,
node,13945904659,DANANG,Da Nang,An Hải Home,Khách sạn & Lưu trú,16.0603301,108.2335011,"K33/01/02A Đường Đông Giang, Phường An Hải, Đà Nẵng",Có Wifi.,,,,,True,homestay_guesthouse,,,,
node,13960056401,DANANG,Da Nang,Bridges Danang Boutique Hotel,Khách sạn & Lưu trú,16.0778919,108.2421132,,,,,,,True,homestay_guesthouse,,,,
node,13964372302,DANANG,Da Nang,KIN Cafe & Homebakes,Ẩm thực & Cafe,16.0652193,108.2405323,282 Đường Nguyễn Công Trứ,"Ẩm thực: cake, coffee_shop. Giờ mở cửa: Mo-Su 08:00-22:30. Có Wifi. Chỗ ngồi ngoài trời.",,,Mo-Su 08:00-22:30,"cake, coffee_shop",True,cafe,,,,
node,13964921201,DANANG,Da Nang,Nune (smoothie),Ẩm thực & Cafe,16.0390873,108.2220396,385 Đường Núi Thành,,,,,,True,cafe,,,,
node,13971665001,DANANG,Da Nang,FOREST98COFFEE,Ẩm thực & Cafe,16.0382176,108.2439577,01 Đường Khuê Mỹ Đông 1,,,,,,True,cafe,,,,
node,13971928007,DANANG,Da Nang,Little HaNoi Egg Coffee (Da Nang),Ẩm thực & Cafe,16.0512083,108.2448221,65 Đường Đỗ Bá,"Ẩm thực: breakfast, coffee_shop, international, tea. Giờ mở cửa: Mo-Su 07:00-22:00. Có Wifi. Chỗ ngồi ngoài trời.",,https://littlehanoieggcoffee.vn/,Mo-Su 07:00-22:00,"breakfast, coffee_shop, international, tea",True,cafe,,,,
node,13990162759,DANANG,Da Nang,Phuc Long,Ẩm thực & Cafe,16.0345368,108.2293755,,Ẩm thực: coffee_shop.,,,,coffee_shop,False,,,,,
node,13990162765,DANANG,Da Nang,Highlands Coffee,Ẩm thực & Cafe,16.0345536,108.2294818,,"Ẩm thực: coffee_shop, vietnamese.",,,,"coffee_shop, vietnamese",False,,,,,
node,13990162778,DANANG,Da Nang,Starbucks,Ẩm thực & Cafe,16.0345179,108.2292664,,Ẩm thực: coffee_shop.,,,,coffee_shop,False,,,,,
node,13990316802,DANANG,Da Nang,GEN SUSHI,Ẩm thực & Cafe,16.0733185,108.2399272,63 Đường Chính Hữu,"Ẩm thực: japanese, ramen, sushi. Giờ mở cửa: Mo-Su 11:30-22:00. Có Wifi.",0779071094,,Mo-Su 11:30-22:00,"japanese, ramen, sushi",True,restaurant,,,,
node,13991235294,DANANG,Da Nang,Nội Thất NEOHOUSE,Mua sắm & Chợ,16.0440137,108.1695554,"203 Bùi Tấn Diên, Hòa khánh, Hòa Khánh, Hòa Khánh",Giờ mở cửa: mo-sa 07:00-17:00.,0966879987,,mo-sa 07:00-17:00,,False,,,,,
node,13991310954,DANANG,Da Nang,Showroom Thiết Bị Phụ Kiện Bếp TaKing - Kho Số 3,Mua sắm & Chợ,16.0457309,108.1691533,"23 Đường Nguyễn Nhược Pháp, Hòa khánh, Hòa Khánh, Hòa Khánh",Giờ mở cửa: mo-sa 07:30-17:30.,0935018887,,mo-sa 07:30-17:30,,False,,,,,
node,13991312392,DANANG,Da Nang,Thiết Bị Phụ Kiện Bếp TaKing - Công Ty,Mua sắm & Chợ,16.0438368,108.1697341,"209 Đường Bùi Tấn Diên, Hòa khánh, Hòa Khánh, Phường Hòa Khánh",Giờ mở cửa: mo-sa 07:30-17:30.,0935018887,,mo-sa 07:30-17:30,,False,,,,,
node,13991313616,DANANG,Da Nang,Thiết Bị Phụ Kiện Bếp TaKing - Kho Số 2,Mua sắm & Chợ,16.0436577,108.1667792,"130 Đường Nguyễn Nhược Pháp, Hòa Khánh, Hòa Khánh, Hòa Khánh",Giờ mở cửa: mo-sa 07:30-17:30.,0935018887,,mo-sa 07:30-17:30,,False,,,,,
node,13991339122,DANANG,Da Nang,Thiết Bị Phụ Kiện Bếp TaKing - Kho Số 1,Mua sắm & Chợ,16.0440421,108.1692794,"190 Bùi Tấn Diên, Hòa khánh, Hòa Khánh, Hòa Khánh",Giờ mở cửa: mo-sa 07:30-17:30.,0935018887,,mo-sa 07:30-17:30,,False,,,,,
node,14000575701,DANANG,Da Nang,Hi4 coffee & workspace,Ẩm thực & Cafe,16.0496573,108.2215542,,,,,,,False,,,,,
node,14004104302,DANANG,Da Nang,At Ca Phe,Ẩm thực & Cafe,16.0973061,108.2305357,3 Đường Nại Hiên Đông 16,Có Wifi.,,,,,True,cafe,,,,
node,14022626695,DANANG,Da Nang,LAVA GELATO & FOOD,Ẩm thực & Cafe,15.9774289,108.262039,,Giờ mở cửa: Mo-Fr 07:00-16:00.,0911470568,,Mo-Fr 07:00-16:00,,True,restaurant,,,,
node,14027134201,DANANG,Da Nang,Full Market,Mua sắm & Chợ,16.024073,108.244789,,,,,,,False,,,,,
node,14027134202,DANANG,Da Nang,K-Market,Mua sắm & Chợ,16.0547521,108.2329237,,,,,,,False,,,,,
node,14028555001,DANANG,Da Nang,HT COFFEE - Bed and Rooftop,Ẩm thực & Cafe,16.0646761,108.1976185,,Ẩm thực: coffee_shop.,,,,coffee_shop,True,cafe,,,,
node,14028555101,DANANG,Da Nang,AN THOI SEAFOOD,Ẩm thực & Cafe,16.0513442,108.2480471,,Ẩm thực: seafood. Có Wifi.,,,,seafood,True,restaurant,,,,
node,14031031805,DANANG,Da Nang,COMIC Homestay,Khách sạn & Lưu trú,16.0734787,108.1557835,,Có Wifi.,,,,,True,homestay_guesthouse,,,,
node,14039014101,DANANG,Da Nang,BLACK PEARL World Foods,Ẩm thực & Cafe,16.0488678,108.2436582,,Ẩm thực: seafood. Có Wifi.,,,,seafood,True,restaurant,,,,
node,14041035701,DANANG,Da Nang,Chay Như Ỹ,Ẩm thực & Cafe,16.0596665,108.2387719,61B Đường Nguyễn Thiện Kế,Ẩm thực: vietnamese.,,,,vietnamese,True,restaurant,,,,
node,14041058901,DANANG,Da Nang,VINEGRETTE,Ẩm thực & Cafe,16.0456605,108.2468312,Kiệt 16 Mỹ Đa Đông 12,Ẩm thực: russian. Giờ mở cửa: Mo-Su 11:00-23:00. Có Wifi.,0961086499,,Mo-Su 11:00-23:00,russian,True,cafe,,,,
node,14045090483,DANANG,Da Nang,Star Cafe,Ẩm thực & Cafe,16.0554912,108.2022446,,,,,,,True,cafe,,,,
node,14045110791,DANANG,Da Nang,Lucky Retail,Mua sắm & Chợ,16.0560017,108.2021613,,"Giờ mở cửa: Mo-Su,PH 06:00-00:59. Hỗ trợ xe lăn.",,,"Mo-Su,PH 06:00-00:59",,True,craft_gift_shop,,,,
node,14045110792,DANANG,Da Nang,Lucky Gift Shop,Mua sắm & Chợ,16.0547741,108.2022835,,,,,,,True,craft_gift_shop,,,,
node,14045111563,DANANG,Da Nang,Lotte Duty Free,Mua sắm & Chợ,16.0561299,108.2020188,,"Giờ mở cửa: Mo-Su,PH 06:00-00:59. Hỗ trợ xe lăn.",,,"Mo-Su,PH 06:00-00:59",,True,craft_gift_shop,,,,
node,14045123722,DANANG,Da Nang,JDV Jalux Duty Free Vietnam,Mua sắm & Chợ,16.055329,108.2022741,,"Giờ mở cửa: Mo-Su,PH 06:00-00:59. Hỗ trợ xe lăn.",,,"Mo-Su,PH 06:00-00:59",,True,craft_gift_shop,,,,
node,14045124561,DANANG,Da Nang,Lucky Shop Vietnam Gift Shop,Mua sắm & Chợ,16.0559255,108.202175,,"Giờ mở cửa: Mo-Su,PH 06:00-00:59. Hỗ trợ xe lăn.",,,"Mo-Su,PH 06:00-00:59",,True,craft_gift_shop,,,,
node,14045130739,DANANG,Da Nang,Made in Vietnam,Mua sắm & Chợ,16.0556406,108.2022206,,"Giờ mở cửa: Mo-Su,PH 06:00-00:59. Hỗ trợ xe lăn.",,,"Mo-Su,PH 06:00-00:59",,True,craft_gift_shop,,,,
node,14045136237,DANANG,Da Nang,Lotte Duty Free,Mua sắm & Chợ,16.0560661,108.202159,,"Giờ mở cửa: Mo-Su,PH 05:00-00:59. Hỗ trợ xe lăn.",,,"Mo-Su,PH 05:00-00:59",,True,craft_gift_shop,,,,
node,14045144381,DANANG,Da Nang,Viet Nam's Delights,Mua sắm & Chợ,16.0558021,108.2022075,,"Giờ mở cửa: Mo-Su,PH 07:00-00:59. Hỗ trợ xe lăn.",,,"Mo-Su,PH 07:00-00:59",,True,craft_gift_shop,,,,
node,14045145879,DANANG,Da Nang,Lotte Duty Free,Mua sắm & Chợ,16.0563392,108.201992,,,,,,,True,craft_gift_shop,,,,
node,14045170201,DANANG,Da Nang,Cat tuong homestay,Khách sạn & Lưu trú,16.0210279,108.1975204,278 Đường Lê Đại Hành,,,,,,False,,,,,
node,14045216801,DANANG,Da Nang,Kanpai,Ẩm thực & Cafe,16.0511084,108.2443309,,"Ẩm thực: japanese, sushi. Có Wifi.",,,,"japanese, sushi",True,restaurant,,,,
node,14057537001,DANANG,Da Nang,Madam Thao Vegan Restaurant,Ẩm thực & Cafe,16.0516743,108.2447524,55-57 Đường An Thượng 29,"Ẩm thực: coffee_shop, mexican, vietnamese. Giờ mở cửa: Mo-Su 08:00-22:00. Có Wifi.",0901140133,,Mo-Su 08:00-22:00,"coffee_shop, mexican, vietnamese",True,restaurant,,,,
node,14060594688,DANANG,Da Nang,Leon Homestay,Khách sạn & Lưu trú,16.0991615,108.2539362,,,,,,,True,homestay_guesthouse,,,,
node,14060601539,DANANG,Da Nang,Lya Homestay CMT8 Da Nang,Khách sạn & Lưu trú,16.0106636,108.1933967,,,,,,,True,homestay_guesthouse,,,,
node,14062977601,DANANG,Da Nang,Chay Hạnh Phúc Vegan Food,Ẩm thực & Cafe,16.0481366,108.2425426,04 Đường An Thượng 11,Ẩm thực: vietnamese. Giờ mở cửa: Mo-Su 08:30-20:30.,0829394868,,Mo-Su 08:30-20:30,vietnamese,True,restaurant,,,,
node,14063548122,DANANG,Da Nang,Five Star,Ẩm thực & Cafe,16.0563998,108.1722745,,Có Wifi.,,,,,True,cafe,,,,
node,14064309334,DANANG,Da Nang,AMP,Ẩm thực & Cafe,16.0530504,108.2460291,,,,,,,True,cafe,,,,
node,14064309335,DANANG,Da Nang,Zôtopia,Ẩm thực & Cafe,16.0647294,108.240575,,,,,,,True,restaurant,,,,
node,14064309337,DANANG,Da Nang,Đặc Sản Trần,Ẩm thực & Cafe,16.070563,108.2413794,,,,,,,True,restaurant,,,,
node,14064309338,DANANG,Da Nang,Kem Bo,Ẩm thực & Cafe,16.0545719,108.2408716,98 Đường Nguyễn Văn Thoại,Ẩm thực: ice_cream. Chỗ ngồi ngoài trời.,,,,ice_cream,True,cafe,,,,
node,14064309339,DANANG,Da Nang,Dương Đàn,Khách sạn & Lưu trú,16.0735486,108.2424357,80 Đường Loseby,,,,,,False,,,,,
node,14064309345,DANANG,Da Nang,Journey Living Apartment,Khách sạn & Lưu trú,16.0560731,108.2431836,K195/6 K195 Nguyễn Văn Thoại,,,,,,False,,,,,
node,14067929701,DANANG,Da Nang,Bonny handmade,Mua sắm & Chợ,16.0524725,108.2438676,25 Đường An Thượng 35,"Giờ mở cửa: Mo-Su 08:00-11:30, 14:00-17:30.",0905373768,,"Mo-Su 08:00-11:30, 14:00-17:30",,True,craft_gift_shop,,,,
node,14068157101,DANANG,Da Nang,Mom's Vegan Kitchen by Chickpea Eatery,Ẩm thực & Cafe,16.089353,108.2487433,73-12 Đường Trương Định,Ẩm thực: vietnamese. Giờ mở cửa: Mo-Su 07:00-18:00. Có Wifi.,,https://chickpeaeatery.com/,Mo-Su 07:00-18:00,vietnamese,True,restaurant,,,,
node,14068778545,DANANG,Da Nang,HIGHLANDS COFFEE,Ẩm thực & Cafe,16.0612018,108.2461895,,,,,,,False,,,,,
node,14068778547,DANANG,Da Nang,Nesta Celia Danang Hotel,Khách sạn & Lưu trú,16.0611554,108.2460138,,,,,,,False,,,,,
node,14069782201,DANANG,Da Nang,PHỞ HOUSE,Ẩm thực & Cafe,16.0348022,108.2297232,111 Đường Nại Nam 8,Ẩm thực: vietnamese. Giờ mở cửa: Mo-Su 10:00-22:00.,0708352141,,Mo-Su 10:00-22:00,vietnamese,True,restaurant,,,,
node,14071811563,DANANG,Da Nang,Star Kitchen,Mua sắm & Chợ,16.0662537,108.2210223,75 Trần Quốc Toản,Giờ mở cửa: 09:00-21:00.,,,09:00-21:00,,True,craft_gift_shop,,,,
node,14074599201,DANANG,Da Nang,Cá Chuồn Space,Ẩm thực & Cafe,16.102427,108.2844035,,Chỗ ngồi ngoài trời.,,,,,True,cafe,,,,
node,14074967004,DANANG,Da Nang,Bia Nghĩa trủng Phước Ninh,Di tích & Lịch sử,16.0605316,108.2179028,,,,,,,False,,,,,
node,14080138202,DANANG,Da Nang,Luon 51,Ẩm thực & Cafe,16.077676,108.2203272,51R Đường Nguyễn Chí Thanh,,,,,,True,restaurant,,,,
node,14081722802,DANANG,Da Nang,Phuong Anh 7,Khách sạn & Lưu trú,16.059175,108.172033,30 Đường Nam Trân,,,,,,False,,,,,
node,14098489701,DANANG,Da Nang,ARMY Coffee & Tea,Ẩm thực & Cafe,16.095708,108.2521742,5 Đường Hoàng Sa,Giờ mở cửa: Mo-Su 07:00-22:00. Có Wifi.,0844343343,,Mo-Su 07:00-22:00,,True,cafe,,,,
node,14104855301,DANANG,Da Nang,Highlands Coffee,Ẩm thực & Cafe,16.0713131,108.2306776,"910A Đường Ngô Quyền, Đà Nẵng","Ẩm thực: coffee_shop, vietnamese. Giờ mở cửa: Mo-Su 07:00-22:00. Có Wifi.",02363925087,https://www.highlandscoffee.com.vn/,Mo-Su 07:00-22:00,"coffee_shop, vietnamese",False,,,,,
node,14105254901,DANANG,Da Nang,M Kitchen,Ẩm thực & Cafe,16.052654,108.24533,44 Đường Phan Tôn,"Ẩm thực: steak_house. Giờ mở cửa: Mo-Su 10:00-14:00,17:00-22:00. Có Wifi.",0916468655,https://beacons.ai/mkitchen,"Mo-Su 10:00-14:00,17:00-22:00",steak_house,True,restaurant,,,,
node,14106869301,DANANG,Da Nang,NGON DA NANG,Ẩm thực & Cafe,16.049658,108.24569,88B Đường Lê Quang Đạo,Ẩm thực: vietnamese. Giờ mở cửa: Mo-Su 10:00-22:30. Có Wifi.,0779579610,https://ngondanangrestaurant.com/,Mo-Su 10:00-22:30,vietnamese,True,restaurant,,,,
node,14109229682,DANANG,Da Nang,Galaxy Cinema,Thể thao & Giải trí,16.0666418,108.1870259,,,,,,,False,,,,,
node,14115263501,DANANG,Da Nang,Sita,Ẩm thực & Cafe,16.0873487,108.2434897,48 Đường Trần Duy Chiến,Ẩm thực: asian. Giờ mở cửa: Mo-Su 07:30-21:30. Có Wifi.,,https://www.facebook.com/sitavegetarian/,Mo-Su 07:30-21:30,asian,True,restaurant,,,,
node,14125298501,DANANG,Da Nang,Nhà hàng NHÀ BÊP CHÓ HÀN,Ẩm thực & Cafe,16.0687635,108.2243297,22 Đường Hùng Vương,,,,,,True,restaurant,,,,
node,14130293535,DANANG,Da Nang,Tượng đài Dũng sĩ Điện Ngọc,Di tích & Lịch sử,15.9555651,108.2555759,,,,,,,False,,,,,
node,14134320401,DANANG,Da Nang,Shuyi,Ẩm thực & Cafe,16.0544247,108.2395669,113 Đường Nguyễn Văn Thoại,Giờ mở cửa: Mo-Su 07:00-22:30.,,,Mo-Su 07:00-22:30,,True,cafe,,,,
node,14134320601,DANANG,Da Nang,Dinh phong,Ẩm thực & Cafe,16.054278,108.2397951,64 Đường Nguyễn Văn Thoại,,,,,,True,restaurant,,,,
node,14141370201,DANANG,Da Nang,Tomini’s Pizza,Ẩm thực & Cafe,16.030539,108.2380618,Đường Giang Châu 1,Ẩm thực: pizza.,,,,pizza,True,restaurant,,,,
node,14150144372,DANANG,Da Nang,The Locals Hotel,Khách sạn & Lưu trú,16.0769382,108.2401462,,,,,,,False,,,,,
node,14159492602,DANANG,Da Nang,Com,Ẩm thực & Cafe,16.0377099,108.2219723,,,,,,,True,restaurant,,,,
node,14159493501,DANANG,Da Nang,Bun,Ẩm thực & Cafe,16.0377679,108.2219719,412 Đường Núi Thành,,,,,,True,restaurant,,,,
node,14161856907,DANANG,Da Nang,Milano,Ẩm thực & Cafe,16.037588,108.2232885,,,,,,,True,cafe,,,,
node,14165243301,DANANG,Da Nang,Thien an coffee,Ẩm thực & Cafe,16.03471,108.2207869,48 Đường Tố Hữu,,,,,,True,cafe,,,,
node,14165243401,DANANG,Da Nang,Com ga mam toi Khanh,Ẩm thực & Cafe,16.0345032,108.2206651,43 Đường Tố Hữu,,0328666477,,,,True,restaurant,,,,
node,14172705701,DANANG,Da Nang,Alt: Plant Based Vegan Café,Ẩm thực & Cafe,16.0441645,108.245858,90 Đường Bà Huyện Thanh Quan,Giờ mở cửa: Mo-Su 08:00-18:00. Có Wifi. Chỗ ngồi ngoài trời.,0902222107,https://chickpeaeatery.com,Mo-Su 08:00-18:00,,True,restaurant,,,,
node,14172934403,DANANG,Da Nang,Win's homestay,Khách sạn & Lưu trú,16.0362662,108.2233873,93 Đường Lưu Quý Kỳ,,,,,,True,homestay_guesthouse,,,,
node,14182850490,DANANG,Da Nang,Bánh bèo sũa dâu nành,Ẩm thực & Cafe,15.977167,108.2545317,"Đường Trần Đại Nghĩa, Ngũ Hành Sơn, Đà Nẵng",Ẩm thực: vietnamese.,,,,vietnamese,True,restaurant,,,,
node,14184609501,DANANG,Da Nang,NBT coffee,Ẩm thực & Cafe,16.0598912,108.1762409,75-77-79 Đường Tôn Đức Thắng,Giờ mở cửa: Mo-Su 06:00-23:00.,,,Mo-Su 06:00-23:00,,True,cafe,,,,
node,14186979103,DANANG,Da Nang,Mona coffee,Ẩm thực & Cafe,16.0589837,108.1717912,33 Đường Nam Trân,,,,,,True,cafe,,,,
node,14186980401,DANANG,Da Nang,Thien Com Tam Sai Gon,Ẩm thực & Cafe,16.0580551,108.1724011,2 Đường Nam Trân,,,,,,True,restaurant,,,,
node,14190948201,DANANG,Da Nang,emoi.coffeestand,Ẩm thực & Cafe,16.051403,108.241556,72 Đường Trần Khánh Dư,Giờ mở cửa: Mo-Su 07:00-18:00. Chỗ ngồi ngoài trời.,,,Mo-Su 07:00-18:00,,True,cafe,,,,
node,14203033401,DANANG,Da Nang,Bánh Mì BÀ RY I Madam Ry,Ẩm thực & Cafe,16.0571096,108.2215483,36 Đường Đào Tấn,"Ẩm thực: bubble_tea, coffee_shop, sandwich, vietnamese. Giờ mở cửa: Mo-Su 06:30-23:45. Chỗ ngồi ngoài trời.",,https://banhmibary.vn/,Mo-Su 06:30-23:45,"bubble_tea, coffee_shop, sandwich, vietnamese",True,cafe,,,,
node,14205362232,DANANG,Da Nang,Another World,Thể thao & Giải trí,16.0744331,108.2290447,"323 Trần Hưng Đạo, Đà Nẵng",Đấu trường thực tế ảo di chuyển tự do dành cho trò chơi nhiều người | Giờ mở cửa: Tu-Su 10:00-22:00. Có Wifi.,0763423664,https://danang.another-world.com/,Tu-Su 10:00-22:00,,False,,,,,
node,14216544402,DANANG,Da Nang,Zun Zun Coffee,Ẩm thực & Cafe,16.0644505,108.1706078,,,,,,,True,cafe,,,,
node,14221468719,DANANG,Da Nang,Full-Market,Mua sắm & Chợ,16.04879,108.2437919,,,,,,,False,,,,,
node,14237933201,DANANG,Da Nang,Taste of Slavia,Ẩm thực & Cafe,16.0717789,108.2404105,147 Đường Dương Trí Trạch,,,,,,True,restaurant,,,,
node,14247216401,DANANG,Da Nang,No way,Dịch vụ du lịch,16.1294139,108.2258225,,,,,,,False,,,,,
way,118609193,DANANG,Da Nang,Thành Điện Hải,Di tích & Lịch sử,16.0763542,108.2217691,,,,,,,False,,,,,
way,118614280,DANANG,Da Nang,Chợ Bắc Mỹ An,Mua sắm & Chợ,16.0416775,108.2424764,,,,,,,True,traditional_market,,,,
way,118614290,DANANG,Da Nang,Pullman Beach Resort,Khách sạn & Lưu trú,16.0409022,108.2506327,,,,https://www.pullman-danang.com,,,False,,,,,
way,118614366,DANANG,Da Nang,Lagoon Pool,Thể thao & Giải trí,16.039411,108.2515747,,,,,,,False,,,,,
way,118666391,DANANG,Da Nang,Doan 27 Da Nang,Khách sạn & Lưu trú,16.0557323,108.2464593,,,,,,,False,,,,,
way,118666408,DANANG,Da Nang,Ocean Pool,Thể thao & Giải trí,16.0403145,108.2517371,,,,,,,False,,,,,
way,118672480,DANANG,Da Nang,Phi Lũ,Ẩm thực & Cafe,16.0476915,108.2232367,,,,,,,True,restaurant,,,,
way,118672509,DANANG,Da Nang,Chợ Đầu mối Hoà Cường,Mua sắm & Chợ,16.0308565,108.2196957,65 Đường Lê Nổ,,,,,,True,traditional_market,,,,
way,118674592,DANANG,Da Nang,Siêu thị GO!,Mua sắm & Chợ,16.0667147,108.2134713,"255-257 Hùng Vương, Vĩnh Trung, Thanh Khê, Đà Nẵng",,,,,,False,,,,,
way,118691767,DANANG,Da Nang,Bảo tàng Quân khu 5,Văn hóa & Nghệ thuật,16.0478741,108.2173603,,,,,,,False,,,,,
way,136259540,DANANG,Da Nang,SVĐ Quân khu 5,Thể thao & Giải trí,16.0473494,108.2164773,,,,,,,False,,,,,
way,149699484,DANANG,Da Nang,Công viên Biển Đông,Công viên & Thiên nhiên,16.0681469,108.2459283,,,,,,,False,,,,,
way,164333073,DANANG,Da Nang,Crowne Plaza Danang,Khách sạn & Lưu trú,16.0273564,108.2568824,"8 Vo Nguyen Giap Street, Khue My Ward, Ngu Hanh Son District, Danang",,,https://www.ihg.com/crowneplaza/hotels/us/en/danang/dadch/hoteldetail,,,False,,,,,
way,164333079,DANANG,Da Nang,Tia Wellness Resort,Khách sạn & Lưu trú,16.0311818,108.2552016,,,,https://tiawellnessresort.com,,,False,,,,,
way,164333086,DANANG,Da Nang,Hyatt Regency Resort and Spa,Khách sạn & Lưu trú,16.0126126,108.2637436,"5 Đường Trường Sa, Danang",,,https://www.hyatt.com/en-US/hotel/vietnam/hyatt-regency-danang-resort-and-spa/danhr,,,False,,,,,
way,164333087,DANANG,Da Nang,Olalani Resort & Condotel,Khách sạn & Lưu trú,16.0297701,108.2558011,111 Đường Võ Nguyên Giáp,,,https://olalani.net,,,False,,,,,
way,164333089,DANANG,Da Nang,Sandy Beach Non Nuoc Resort,Khách sạn & Lưu trú,15.997562,108.2701716,,,,https://sandybeachdanang.com,,,False,,,,,
way,164333100,DANANG,Da Nang,Danang Marriott Resort & Spa,Khách sạn & Lưu trú,16.007772,108.2660623,7 Đường Trường Sa,,,https://www.marriott.com/en-us/hotels/dadmr-danang-marriott-resort-and-spa/overview/,,,False,,,,,
way,204790989,DANANG,Da Nang,Chợ Cồn,Điểm tham quan & Cảnh quan,16.0681703,108.2145338,290 Đường Hùng Vương,,,,,,True,traditional_market,,,,
way,204836910,DANANG,Da Nang,Vinh Trung Plaza,Mua sắm & Chợ,16.0662189,108.2136066,,,,,,,False,,,,,
way,204885903,DANANG,Da Nang,Chợ Hàn,Mua sắm & Chợ,16.0682612,108.2243886,119 Trần Phú,Giờ mở cửa: Mo-Su 06:00-19:00.,,,Mo-Su 06:00-19:00,,True,traditional_market,,,,
way,295178277,DANANG,Da Nang,Công viên,Công viên & Thiên nhiên,16.0683797,108.2218507,,,,,,,False,,,,,
way,295178280,DANANG,Da Nang,Novotel,Khách sạn & Lưu trú,16.0773703,108.2235639,,,,,,,False,,,,,
way,295178327,DANANG,Da Nang,Nhà hát Trưng Vương,Văn hóa & Nghệ thuật,16.0689951,108.2207533,"86 Hùng Vương, Đà Nẵng",,,https://www.facebook.com/pg/NhahatTrungVuongDaNang,,,False,,,,,
way,295856685,DANANG,Da Nang,Tiểu La,Thể thao & Giải trí,16.04498,108.2129961,,,,,,,False,,,,,
way,302763975,DANANG,Da Nang,DNC Golf,Thể thao & Giải trí,16.0253072,108.2161616,99 Đường Xuân Thủy,,,,,,False,,,,,
way,302763993,DANANG,Da Nang,MM Mega Market Đà Nẵng,Mua sắm & Chợ,16.0247479,108.2202854,"5 Cách Mạng Tháng Tám, Hòa Cường Nam, Hải Châu, Đà Nẵng",Giờ mở cửa: Mo-Su 06:00-22:30. Có Wifi.,,https://www.mmvietnam.com/,Mo-Su 06:00-22:30,,False,,,,,
way,302765734,DANANG,Da Nang,Lotte Mart,Mua sắm & Chợ,16.0348676,108.2292317,06 Đường Nại Nam,Giờ mở cửa: Mo-Su 07:30-22:30.,,,Mo-Su 07:30-22:30,,False,,,,,
way,302765735,DANANG,Da Nang,Cung Thể thao Tiên Sơn,Thể thao & Giải trí,16.0367619,108.2265377,,,,,,,False,,,,,
way,302770813,DANANG,Da Nang,Khách sạn Green Plaza,Khách sạn & Lưu trú,16.0634704,108.2236971,"238 Bạch Đằng, Phước Ninh, Hải Châu, Đà Nẵng",Có Wifi. Tiêu chuẩn: 4 sao.,,,,,False,,,,,
way,302872188,DANANG,Da Nang,Bảo tàng Nghệ thuật Điêu khắc Chăm Đà Nẵng,Văn hóa & Nghệ thuật,16.0601964,108.223168,Đường Bạch Đằng,Có Wifi. Hỗ trợ xe lăn.,,,,,False,,,,,
way,303011147,DANANG,Da Nang,CLB Bơi lội Đà Nẵng,Thể thao & Giải trí,16.0350703,108.224672,"2 Tháng 9, Hòa Cường Bắc, Hải Châu, Đà Nẵng",,,,,,False,,,,,
way,303193771,DANANG,Da Nang,Chợ Siêu thị Đà Nẵng,Mua sắm & Chợ,16.0665028,108.2033188,"Quận Thanh Khê, Đà Nẵng",,,,,,True,traditional_market,,,,
way,303333275,DANANG,Da Nang,Làng Thể thao Tuyên Sơn,Thể thao & Giải trí,16.0347184,108.2270945,,,,,,,False,,,,,
way,303333276,DANANG,Da Nang,Khu TDTT Tiên Sơn,Thể thao & Giải trí,16.0357425,108.2264948,,,,,,,False,,,,,
way,303341669,DANANG,Da Nang,Bảo tàng Hồ Chí Minh,Văn hóa & Nghệ thuật,16.0464824,108.2182471,,,,,,,False,,,,,
way,303341680,DANANG,Da Nang,Eden,Ẩm thực & Cafe,16.0484489,108.2166488,,,,,,,True,restaurant,,,,
way,305994966,DANANG,Da Nang,Grand Mercure Danang,Khách sạn & Lưu trú,16.0482332,108.2268177,,,,,,,False,,,,,
way,316236687,DANANG,Da Nang,Chợ Đống Đa,Mua sắm & Chợ,16.0815686,108.2172906,42 Đường Lương Ngọc Quyến,,,,,,True,traditional_market,,,,
way,316236720,DANANG,Da Nang,Tru by Hilton Da Nang City Centre,Khách sạn & Lưu trú,16.0713171,108.2215014,"15 Đường Lê Duẩn, Hải Châu 1, Hải Châu, Đà Nẵng",Có Wifi.,02363622999,https://www.hilton.com/en/hotels/daddyru-tru-da-nang-city-centre/,,,False,,,,,
way,360113559,DANANG,Da Nang,InterContinental Danang Sun Peninsula Resort,Khách sạn & Lưu trú,16.1211058,108.3063202,"Bai Bac, Son Tra peninsula, Đà Nẵng",,05113938888,http://danang.intercontinental.com,,,False,,,,,
way,372172906,DANANG,Da Nang,Chợ Tân Chính,Mua sắm & Chợ,16.069215,108.2066991,385/21 Hải Phòng,,02363820563,,,,True,traditional_market,,,,
way,372735507,DANANG,Da Nang,Sân vận động Cẩm Lệ,Thể thao & Giải trí,16.0147913,108.1889946,,,,,,,False,,,,,
way,404708686,DANANG,Da Nang,Trung tâm Huấn luyện vận động viên trẻ Quốc gia,Thể thao & Giải trí,16.070348,108.1793294,,,,,,,False,,,,,
way,406780032,DANANG,Da Nang,Chợ Cẩm Lệ,Mua sắm & Chợ,16.0135663,108.2070723,Hoàng Xuân Hãn,,,,,,True,traditional_market,,,,
way,420947244,DANANG,Da Nang,Quan Âm,Di tích & Lịch sử,16.0996857,108.2770161,,,,,,,False,,,,,
way,429019192,DANANG,Da Nang,Chợ Tân Lập,Mua sắm & Chợ,16.0562799,108.2101736,,,,,,,True,traditional_market,,,,
way,479535015,DANANG,Da Nang,Montgomerie Links Vietnam,Thể thao & Giải trí,15.9604257,108.2849551,,,02353941942,https://www.montgomerielinks.com/,,,False,,,,,
way,485212452,DANANG,Da Nang,Furama Resort,Khách sạn & Lưu trú,16.0397373,108.2513983,"105 Võ Nguyên Giáp, Ngũ Hành Sơn, Da Nang",Tiêu chuẩn: 5 sao.,02363847888,https://furamavietnam.com,,,False,,,,,
way,485394029,DANANG,Da Nang,Ocean Pool,Thể thao & Giải trí,16.0403574,108.2518345,,,,,,,False,,,,,
way,486214075,DANANG,Da Nang,Furama Villas,Khách sạn & Lưu trú,16.0368971,108.2523434,"107 Võ Nguyên Giáp, Ngũ Hành Sơn, Da Nang",Tiêu chuẩn: 5 sao.,02363847333,https://furamavillasdanang.com,,,False,,,,,
way,503548472,DANANG,Da Nang,Gió Biển 2,Khách sạn & Lưu trú,16.0565659,108.2457965,,,,,,,False,,,,,
way,513706270,DANANG,Da Nang,Meliá Danang Beach Resort,Khách sạn & Lưu trú,16.0007837,108.2693892,,,,https://www.melia.com/en/hotels/vietnam/da-nang/melia-danang-beach-resort,,,False,,,,,
way,513706286,DANANG,Da Nang,"Danang Marriott Resort & Spa, Non Nuoc Beach Villas",Khách sạn & Lưu trú,15.9946289,108.2708655,23 Đường Trường Sa,,,https://vinpearl.com/en/hotels/vinpearl-resort-spa-da-nang,,,False,,,,,
way,513706294,DANANG,Da Nang,Pulchra Resort Da Nang,Khách sạn & Lưu trú,15.9889626,108.274252,,,,,,,False,,,,,
way,525890735,DANANG,Da Nang,Khách Sạn Phú Lộc Phát,Khách sạn & Lưu trú,16.0760366,108.1768081,"1999 Nguyễn Tất Thành, Thanh Khê, Đà Nẵng",Có Wifi.,02363768168,,,,False,,,,,
way,549188946,DANANG,Da Nang,Sheraton Grand Danang Resort & Spa,Khách sạn & Lưu trú,15.9811663,108.2785281,"35 Đường Trường Sa, Da Nang",,,https://www.marriott.com/en-us/hotels/dadsi-sheraton-grand-danang-resort/overview/,,,False,,,,,
way,549190143,DANANG,Da Nang,The Ocean Resort,Khách sạn & Lưu trú,15.9760622,108.2814589,"Đường Trường Sa, Da Nang",Hỗ trợ xe lăn.,,https://theoceanvillas.com.vn,,,False,,,,,
way,554812113,DANANG,Da Nang,Flower Coffee,Ẩm thực & Cafe,16.0871478,108.2199864,,,,,,,True,cafe,,,,
way,554812127,DANANG,Da Nang,Stay Hotel,Khách sạn & Lưu trú,16.0858173,108.217884,,,,,,,False,,,,,
way,554812131,DANANG,Da Nang,Nướng Cay,Ẩm thực & Cafe,16.0866829,108.217415,,Ẩm thực: barbecue.,,,,barbecue,True,restaurant,,,,
way,554812139,DANANG,Da Nang,Tượng Bồ Câu,Di tích & Lịch sử,16.0823325,108.2231946,,,,,,,False,,,,,
way,554812145,DANANG,Da Nang,Danang Souvenirs & Cafe,Ẩm thực & Cafe,16.0779514,108.2237119,34 Bạch Đằng,,,,,,True,cafe,,,,
way,572217540,DANANG,Da Nang,A La Carte Danang Beach,Khách sạn & Lưu trú,16.0687354,108.2446388,"200 Võ Nguyên Giáp, Phước Mỹ, Sơn Trà, Đà Nẵng",Có Wifi.,,https://www.alacartedanangbeach.com,,,False,,,,,
way,578294620,DANANG,Da Nang,Belle Maison Parosand Hotel,Khách sạn & Lưu trú,16.0674697,108.2448548,"216 Đường Võ Nguyên Giáp, Phước Mỹ, Sơn Trà, Đà Nẵng",Có Wifi. Tiêu chuẩn: 4 sao.,,https://bellemaisonparosand.com/,,,False,,,,,
way,630836302,DANANG,Da Nang,Yarra Ocean Suites Danang,Khách sạn & Lưu trú,16.048967,108.2486727,"304 Đường Võ Nguyên Giáp, Mỹ An, Ngũ Hành Sơn, Đà Nẵng",Có Wifi.,02366269888,https://yarraoceansuitesdanang.com/,,,False,,,,,
way,630840063,DANANG,Da Nang,Grand Tourane Hotel,Khách sạn & Lưu trú,16.061754,108.2458241,252 Đường Võ Nguyên Giáp,,,https://grandtouranehotel.com,,,False,,,,,
way,645923001,DANANG,Da Nang,Sân vận động Thanh Khê,Thể thao & Giải trí,16.0609768,108.1831643,,,,,,,False,,,,,
way,645923004,DANANG,Da Nang,San Tennis,Thể thao & Giải trí,15.976461,108.2515296,,,,,,,False,,,,,
way,649959737,DANANG,Da Nang,Sân Tennis khu Vui chơi Phần Lăng,Thể thao & Giải trí,16.062626,108.183059,,,,,,,False,,,,,
way,655921406,DANANG,Da Nang,Hilton Da Nang,Khách sạn & Lưu trú,16.0725924,108.2244044,"50 Bạch Đằng, Hai Chau, Đà Nẵng",Có Wifi. Hỗ trợ xe lăn.,02363874000,https://www.hilton.com/en/hotels/daddvhi-hilton-da-nang/,,,False,,,,,
way,675604354,DANANG,Da Nang,Công Viên APEC,Công viên & Thiên nhiên,16.0585958,108.2232732,,,,,,,False,,,,,
way,692331785,DANANG,Da Nang,Palmier Café & Restaurant,Ẩm thực & Cafe,16.0748253,108.229122,305 Đường Trần Hưng Đạo,,,,,,True,restaurant,,,,
way,692331788,DANANG,Da Nang,Suki Plaza,Ẩm thực & Cafe,16.0742259,108.229127,325 Đường Trần Hưng Đạo,,,,,,True,restaurant,,,,
way,693058157,DANANG,Da Nang,Serene Hotel,Khách sạn & Lưu trú,16.053408,108.2474346,"274 Đường Võ Nguyên Giáp, Mỹ An, Ngũ Hành Sơn, Đà Nẵng",,,https://www.serenehoteldanang.com,,,False,,,,,
way,693058158,DANANG,Da Nang,Rosamia Hotel,Khách sạn & Lưu trú,16.0526466,108.2476882,282 Đường Võ Nguyên Giáp,,02363954999,https://rosamiahotel.com,,,False,,,,,
way,693058159,DANANG,Da Nang,Haian Beach Hotel & Spa,Khách sạn & Lưu trú,16.053048,108.247534,278 Đường Võ Nguyên Giáp,,02362228666,https://www.haianbeachhotelspa.com/,,,False,,,,,
way,693059133,DANANG,Da Nang,Mường Thanh Đà Nẵng,Khách sạn & Lưu trú,16.053717,108.2473363,"270 Đường Võ Nguyên Giáp, Mỹ An, Ngũ Hành Sơn, Đà Nẵng",,,https://luxurydanang.muongthanh.com,,,False,,,,,
way,693117415,DANANG,Da Nang,The Legend Hotel,Khách sạn & Lưu trú,16.06817,108.2434121,169 Đường Hồ Nghinh,,,,,,False,,,,,
way,693341949,DANANG,Da Nang,Pavilion Hotel,Khách sạn & Lưu trú,16.0632964,108.2442152,32 Đường Võ Văn Kiệt,,,,,,False,,,,,
way,693369267,DANANG,Da Nang,DLG Hotel,Khách sạn & Lưu trú,16.0579424,108.2461126,258 Đường Võ Nguyên Giáp,,,https://dlghoteldanang.com,,,False,,,,,
way,693392824,DANANG,Da Nang,Four Points by Sheraton Danang,Khách sạn & Lưu trú,16.0779034,108.2452038,"118-120 Đường Võ Nguyên Giáp, Đà Nẵng",,,https://www.marriott.com/en-us/hotels/dadfp-four-points-by-sheraton-danang/overview/,,,False,,,,,
way,693393717,DANANG,Da Nang,Vincom Plaza,Mua sắm & Chợ,16.0713959,108.230301,"910A Đường Ngô Quyền, Đà Nẵng",Giờ mở cửa: Su 09:30-22:00; Mo-Sa 10:00-22:00.,0934919341,https://vincom.com.vn/vincom-plaza-ngo-quyen,Su 09:30-22:00; Mo-Sa 10:00-22:00,,False,,,,,
way,693394241,DANANG,Da Nang,Monarque Hotel,Khách sạn & Lưu trú,16.0660958,108.2448861,238 Đường Võ Nguyên Giáp,,,https://www.facebook.com/monarquehoteldanang/,,,False,,,,,
way,693394242,DANANG,Da Nang,Sea Front,Khách sạn & Lưu trú,16.0659673,108.2448876,240 Đường Võ Nguyên Giáp,,,https://seafronthotel.vn/,,,False,,,,,
way,693394243,DANANG,Da Nang,Lunar,Khách sạn & Lưu trú,16.0658295,108.2448931,242 Đường Võ Nguyên Giáp,,,https://www.goldensea3hotel.com/,,,False,,,,,
way,693394244,DANANG,Da Nang,Phuc Long,Khách sạn & Lưu trú,16.0656966,108.2449038,242 Đường Võ Nguyên Giáp,,,http://lehoangbeachhotel.com,,,False,,,,,
way,693395848,DANANG,Da Nang,Sekong Hotel,Khách sạn & Lưu trú,16.0747439,108.2446355,160 Đường Võ Nguyên Giáp,,,https://www.sekonghoteldanang.com,,,False,,,,,
way,693395849,DANANG,Da Nang,Paracel Hotel,Khách sạn & Lưu trú,16.0684265,108.2447418,204 Đường Võ Nguyên Giáp,,,https://paracelhotel.com,,,False,,,,,
way,693561549,DANANG,Da Nang,Dang's Hotel,Khách sạn & Lưu trú,16.062999,108.2315627,Đường Mai Hắc Đế,,,,,,False,,,,,
way,693632344,DANANG,Da Nang,Sunshine Hotel,Khách sạn & Lưu trú,16.0543992,108.2340148,Đường Trần Quang Diệu,,,,,,False,,,,,
way,693812580,DANANG,Da Nang,Fivitel King,Khách sạn & Lưu trú,16.055243,108.2418994,Đường Nguyễn Văn Thoại,,,,,,False,,,,,
way,693812581,DANANG,Da Nang,SOCO Hotel,Khách sạn & Lưu trú,16.0560194,108.2446106,305 Đường Nguyễn Văn Thoại,Có Wifi. Tiêu chuẩn: 4 sao.,,https://socohoteldanang.business.site/,,,False,,,,,
way,693813887,DANANG,Da Nang,Huỳnh Gia Hưng Hotel,Khách sạn & Lưu trú,16.0551407,108.241702,Đường Nguyễn Văn Thoại,,,,,,False,,,,,
way,693816095,DANANG,Da Nang,Mercy Emerald,Khách sạn & Lưu trú,16.0557895,108.2453896,Đường Nguyễn Văn Thoại,,,,,,False,,,,,
way,693816096,DANANG,Da Nang,Richico Apartments & Hotel,Khách sạn & Lưu trú,16.0557547,108.2452706,Đường Nguyễn Văn Thoại,,,,,,False,,,,,
way,693818948,DANANG,Da Nang,Minh Toan Galaxy Hotel,Khách sạn & Lưu trú,16.0440706,108.2226201,Đường 2 Tháng 9,,,,,,False,,,,,
way,693819568,DANANG,Da Nang,Brown Bean Hotel,Khách sạn & Lưu trú,16.0385512,108.2233794,"380 Đường 2 Tháng 9, Đà Nẵng",Có Wifi.,,,,,False,,,,,
way,693819569,DANANG,Da Nang,Fortune Hotel,Khách sạn & Lưu trú,16.0390132,108.223326,"Đường 2 Tháng 9, Đà Nẵng",,,,,,False,,,,,
way,693822334,DANANG,Da Nang,Terra boutique hotel,Khách sạn & Lưu trú,16.0545911,108.2448629,Đường Phan Liêm,,,,,,False,,,,,
way,693822335,DANANG,Da Nang,Pham Thanh Apartment,Khách sạn & Lưu trú,16.0531897,108.2447665,Đường Lê Quang Đạo,,,,,,False,,,,,
way,693832643,DANANG,Da Nang,Hanami Hotel DaNang,Khách sạn & Lưu trú,16.0486758,108.242447,Đường Hoàng Kế Viêm,,,,,,False,,,,,
way,693837785,DANANG,Da Nang,Fansipan Hotel,Khách sạn & Lưu trú,16.0415754,108.2483774,Đường Võ Nguyên Giáp,,,,,,False,,,,,
way,694309399,DANANG,Da Nang,T T Coffee,Ẩm thực & Cafe,16.0771858,108.2201935,12 Đường Nguyễn Chí Thanh,,,,,,True,cafe,,,,
way,694479604,DANANG,Da Nang,Nhà nghỉ 126,Khách sạn & Lưu trú,16.0659426,108.1996534,126 Đường Điện Biên Phủ,,,,,,True,homestay_guesthouse,,,,
way,694479609,DANANG,Da Nang,Thanh Long Hotel,Khách sạn & Lưu trú,16.0659572,108.1991292,130 Đường Điện Biên Phủ,,,,,,False,,,,,
way,694479626,DANANG,Da Nang,Quán Chay Phở 30,Ẩm thực & Cafe,16.0659468,108.1964308,216 Đường Điện Biên Phủ,,,,,,True,restaurant,,,,
way,694479630,DANANG,Da Nang,Mai Linh 246,Ẩm thực & Cafe,16.0659718,108.1954228,246 Đường Điện Biên Phủ,,,,,,True,cafe,,,,
way,694819059,DANANG,Da Nang,Satya Hotel,Khách sạn & Lưu trú,16.0670701,108.2239631,155 Đường Trần Phú,,,,,,False,,,,,
way,694820615,DANANG,Da Nang,Luxury Hotel,Khách sạn & Lưu trú,16.0652434,108.2237897,Đường Trần Phú,,,,,,False,,,,,
way,694831926,DANANG,Da Nang,Cầu Rồng,Điểm tham quan & Cảnh quan,16.0611683,108.2278981,,"Saturday and Sunday, 9pm | Giờ mở cửa: 24/7.",,,24/7,,False,,,,,
way,695008824,DANANG,Da Nang,Tuyên Sơn,Khách sạn & Lưu trú,16.0325717,108.2257285,34 Đường Nguyễn Lộ Trạch,,,,,,False,,,,,
way,696274958,DANANG,Da Nang,BRG Danang Golf Resort,Thể thao & Giải trí,15.9715893,108.2762863,,,,https://dananggolfclub.com/,,,False,,,,,
way,698046892,DANANG,Da Nang,VinMart+,Mua sắm & Chợ,16.061811,108.2168181,Đường Triệu Nữ Vương,,,,,,False,,,,,
way,698776690,DANANG,Da Nang,The Coffee House,Ẩm thực & Cafe,16.0550947,108.2203766,Đường Trưng Nữ Vương,"Ẩm thực: coffee_shop, vietnamese.",,,,"coffee_shop, vietnamese",False,,,,,
way,699673423,DANANG,Da Nang,Tehana Beach Hotel Da Nang,Khách sạn & Lưu trú,16.0427276,108.2479052,"388 Đường Võ Nguyên Giáp, Đà Nẵng",Giờ mở cửa: 24/7.,,,24/7,,False,,,,,
way,699689157,DANANG,Da Nang,Lavencos,Khách sạn & Lưu trú,16.043693,108.2475135,364 Đường Võ Nguyên Giáp,,,,,,False,,,,,
way,699725339,DANANG,Da Nang,Siêu Thị Co.opmart,Mua sắm & Chợ,16.0666377,108.1867895,,Giờ mở cửa: Mo-Su 06:00-22:00.,,,Mo-Su 06:00-22:00,,False,,,,,
way,699752876,DANANG,Da Nang,Eden Hotel,Khách sạn & Lưu trú,16.0509701,108.2481284,"294 Đường Võ Nguyên Giáp, Mỹ An, Ngũ Hành Sơn, Đà Nẵng",,02363755555,https://edendananghotel.com,,,False,,,,,
way,699752877,DANANG,Da Nang,Balcona Hotel,Khách sạn & Lưu trú,16.0515496,108.2479742,"288 Đường Võ Nguyên Giáp, Mỹ An, Ngũ Hành Sơn, Đà Nẵng",,02366299292,https://balconahotel.com,,,False,,,,,
way,727113498,DANANG,Da Nang,Sân bóng rổ Quân Khu 5,Thể thao & Giải trí,16.046809,108.2159443,,Chỉnh sửa bởi Đạt Lê,,,,,False,,,,,
way,727205239,DANANG,Da Nang,Sân vận động Chi Lăng,Thể thao & Giải trí,15.9992598,108.2233504,,,,,,,False,,,,,
way,754677601,DANANG,Da Nang,ỐC HÀN - ĐÀ NẴNG,Ẩm thực & Cafe,16.0715281,108.2244372,"1B Đường Lê Duẩn, Phường Hải Châu 1, Hải Châu, Đà Nẵng","Ẩm thực: vietnamese, seafood. Giờ mở cửa: 16:30-23:00.",,,16:30-23:00,"vietnamese, seafood",True,restaurant,,,,
way,754677605,DANANG,Da Nang,Courtyard Danang Han River,Khách sạn & Lưu trú,16.0721989,108.2244418,,,,,,,False,,,,,
way,759913076,DANANG,Da Nang,Bảo tàng Mỹ thuật Đà Nẵng,Văn hóa & Nghệ thuật,16.0713741,108.2176831,"78 Đường Lê Duẩn, Hải Châu, Đà Nẵng",,,https://dnfam.vn/,,,False,,,,,
way,760598151,DANANG,Da Nang,Nam Hin Restaurant(Vietnamese Cuisine) - Han Market,Ẩm thực & Cafe,16.0687749,108.2230897,"70 Đường Hùng Vương, Phường Hải Châu  I, Quận Hải Châu, Đà Nẵng",Ẩm thực: vietnamese.,,https://maps.app.goo.gl/NGXb1xf8zf744q246,,vietnamese,True,restaurant,,,,
way,780440511,DANANG,Da Nang,Son Tra Ocean View Pool & Spa,Công viên & Thiên nhiên,16.0969433,108.2463483,"95 Ngô Quyền, Thọ Quang, Sơn Trà, Đà Nẵng",Giờ mở cửa: 24/7.,,,24/7,,False,,,,,
way,780440810,DANANG,Da Nang,My Khe Beach Park,Công viên & Thiên nhiên,16.0505945,108.2489008,"53 Đường Võ Nguyên Giáp, Bắc Mỹ Phú, Ngũ Hành Sơn, Đà Nẵng",Giờ mở cửa: 24/7.,,,24/7,,False,,,,,
way,780466790,DANANG,Da Nang,Chợ An Hải Đông,Mua sắm & Chợ,16.0564476,108.2388657,41 Kiệt 38 Lê Hữu Trác,,,,,,True,traditional_market,,,,
way,834422404,DANANG,Da Nang,EKOCENTER playground,Công viên & Thiên nhiên,16.0741088,108.1700083,,,,,,,False,,,,,
way,846695791,DANANG,Da Nang,Trung tâm Văn hóa - Thể thao quận Thanh Khê,Công viên & Thiên nhiên,16.0615545,108.183214,"Đường Hồ Tương, An Khê, Quận Thanh Khê, Đà Nẵng",Giờ mở cửa: Mo-Su 07:00-22:00.,,,Mo-Su 07:00-22:00,,False,,,,,
way,961973763,DANANG,Da Nang,Công viên Đầm Rong,Công viên & Thiên nhiên,16.0835868,108.2178648,,,,,,,False,,,,,
way,961973996,DANANG,Da Nang,Công viên Thanh Bình,Công viên & Thiên nhiên,16.0794713,108.2118706,,,,,,,False,,,,,
way,962129075,DANANG,Da Nang,Công viên Hà Thân,Công viên & Thiên nhiên,16.0649082,108.2318255,,,,,,,False,,,,,
way,962129076,DANANG,Da Nang,Công viên An Hải,Công viên & Thiên nhiên,16.0815021,108.2303846,,,,,,,False,,,,,
way,962129077,DANANG,Da Nang,Công viên An Nhơn,Công viên & Thiên nhiên,16.0688547,108.2330704,,,,,,,False,,,,,
way,962129078,DANANG,Da Nang,Công viên An Nhơn,Công viên & Thiên nhiên,16.0680608,108.2342877,,,,,,,False,,,,,
way,962129079,DANANG,Da Nang,Công viên K20,Công viên & Thiên nhiên,16.0225341,108.2430172,,,,,,,False,,,,,
way,962130353,DANANG,Da Nang,Công viên Hồ Nghinh,Công viên & Thiên nhiên,16.0762001,108.2424022,,,,,,,False,,,,,
way,962134784,DANANG,Da Nang,Công viên Lê Cơ,Công viên & Thiên nhiên,16.043477,108.2195746,,,,,,,False,,,,,
way,962134785,DANANG,Da Nang,Quảng trường Tượng Đài,Công viên & Thiên nhiên,16.0654551,108.1536394,,,,,,,False,,,,,
way,966750005,DANANG,Da Nang,Công viên Thanh Niên,Công viên & Thiên nhiên,16.0271335,108.2165342,,,,,,,False,,,,,
way,968380521,DANANG,Da Nang,Nhà thi đấu,Thể thao & Giải trí,16.0472567,108.2404506,,,,,,,False,,,,,
way,993260889,DANANG,Da Nang,Coffee Lagare,Ẩm thực & Cafe,16.070581,108.2097255,"11 Đường Hoàng Hoa Thám, Tân Chính, Thanh Khê, Đà Nẵng",,,,,,True,cafe,,,,
way,1046782306,DANANG,Da Nang,Vanda,Khách sạn & Lưu trú,16.0606539,108.2225133,,,,,,,False,,,,,
way,1049948879,DANANG,Da Nang,Starbucks Nesta Hotel,Ẩm thực & Cafe,16.0544058,108.2472558,,Ẩm thực: coffee_shop. Có Wifi. Chỗ ngồi ngoài trời.,,,,coffee_shop,False,,,,,
way,1050159047,DANANG,Da Nang,Giao Mart,Mua sắm & Chợ,16.0631069,108.2435846,,,,,,,True,craft_gift_shop,,,,
way,1050159048,DANANG,Da Nang,Dana Marina,Khách sạn & Lưu trú,16.0631466,108.2437009,,,,,,,False,,,,,
way,1050159049,DANANG,Da Nang,Adaline Hotel & Suites,Khách sạn & Lưu trú,16.0631729,108.24379,,,,,,,False,,,,,
way,1050159050,DANANG,Da Nang,Royal Ocean,Khách sạn & Lưu trú,16.0632195,108.2439411,"39A Đường Võ Văn Kiệt, Phước Mỹ, Son Tra District, Da Nang",Có Wifi.,0935359992,,,,False,,,,,
way,1050159051,DANANG,Da Nang,Kova Diamond,Khách sạn & Lưu trú,16.063352,108.2444128,"27 Võ Văn Kiệt, Son Tra District, Da Nang",,,,,,False,,,,,
way,1050159052,DANANG,Da Nang,Stella Maris Beach,Khách sạn & Lưu trú,16.063488,108.2449325,,,,,,,False,,,,,
way,1050159053,DANANG,Da Nang,Thanh Tuyet Son,Khách sạn & Lưu trú,16.0633452,108.2449783,,,,,,,False,,,,,
way,1050159054,DANANG,Da Nang,J-Bay,Khách sạn & Lưu trú,16.0629675,108.2450785,,,,,,,False,,,,,
way,1050159061,DANANG,Da Nang,Sala Danang Beach Hotel,Khách sạn & Lưu trú,16.0621113,108.2451665,,,,https://salahotelgroup.com/en/saladanangbeachhotel/,,,False,,,,,
way,1050159503,DANANG,Da Nang,Hạnh Phước Hotel,Khách sạn & Lưu trú,16.0628221,108.2438037,,,,,,,False,,,,,
way,1050234335,DANANG,Da Nang,Buffet Hải Sản Đà Nẵng Mr Mộc,Ẩm thực & Cafe,16.0824052,108.2473835,"78 võ nguyên giáp, Man Thai, Sơn Trà, Phường Sơn Trà",Ẩm thực: buffet. Giờ mở cửa: Mo-Su 08:00-22:00.,0905993874,,Mo-Su 08:00-22:00,buffet,True,restaurant,,,,
way,1050249359,DANANG,Da Nang,Meliá Vinpearl Danang Riverfront,Khách sạn & Lưu trú,16.0710353,108.2294586,,,,https://www.melia.com/en/hotels/vietnam/da-nang/melia-vinpearl-danang-riverfront,,,False,,,,,
way,1076716232,DANANG,Da Nang,Chợ Mân Thái,Mua sắm & Chợ,16.0856523,108.2433677,,,,,,,True,traditional_market,,,,
way,1076716243,DANANG,Da Nang,Chợ Khuê Mỹ,Mua sắm & Chợ,16.0249934,108.2482473,,,,,,,True,traditional_market,,,,
way,1098017439,DANANG,Da Nang,Mikazuki Đà Nẵng Hotel,Khách sạn & Lưu trú,16.0935848,108.1443569,,,,,,,False,,,,,
way,1098017450,DANANG,Da Nang,Waterpark 365 Mikazuki Hotel,Thể thao & Giải trí,16.0926497,108.1436589,,,,,,,False,,,,,
way,1098017454,DANANG,Da Nang,Sông Lười,Thể thao & Giải trí,16.0942779,108.1451017,,,,,,,False,,,,,
way,1115788711,DANANG,Da Nang,Công viên Ngũ Hành,Công viên & Thiên nhiên,15.9973138,108.251079,,,,,,,False,,,,,
way,1115791518,DANANG,Da Nang,Công viên Cổ Cò,Công viên & Thiên nhiên,16.002063,108.2500102,,,,,,,False,,,,,
way,1115795402,DANANG,Da Nang,Công viên Đầm Sen,Công viên & Thiên nhiên,15.9997561,108.2516844,,,,,,,False,,,,,
way,1118955026,DANANG,Da Nang,Sân vận động Đầm Sen,Thể thao & Giải trí,15.9963357,108.2530505,,,,,,,False,,,,,
way,1127653586,DANANG,Da Nang,The Ocean Estates,Khách sạn & Lưu trú,15.9795472,108.2791001,"Đường Trường Sa, Da Nang",,,,,,False,,,,,
way,1127653587,DANANG,Da Nang,The Ocean Suites,Khách sạn & Lưu trú,15.9740863,108.2805259,,,,https://cvr.com.vn/project/ocean-suites-danang/,,,False,,,,,
way,1127655296,DANANG,Da Nang,Shilla Monogram,Khách sạn & Lưu trú,15.9635343,108.2893873,,,,https://www.shillamonogram.com/dnmg/index.do,,,False,,,,,
way,1128027681,DANANG,Da Nang,Indochina Park Towers,Mua sắm & Chợ,16.0699873,108.2245499,,,,http://indochinariversidemall.com,,,False,,,,,
way,1164429696,DANANG,Da Nang,Chợ Nại Hiên Đông,Mua sắm & Chợ,16.0901089,108.2341385,"Phường Nại Hiên Đông, Quận Sơn Trà, Đà Nẵng",,,,,,True,traditional_market,,,,
way,1169531150,DANANG,Da Nang,Công viên Hói Kiểng,Công viên & Thiên nhiên,16.0053772,108.244771,,,,,,,False,,,,,
way,1181331919,DANANG,Da Nang,Menora Grand Hotel,Khách sạn & Lưu trú,16.0533423,108.2461344,"69-71-73 Đường Đỗ Bí, Da Nang",Có Wifi. Tiêu chuẩn: 3 sao.,,,,,False,,,,,
way,1181331923,DANANG,Da Nang,Jumbo Crab,Ẩm thực & Cafe,16.0516824,108.2449172,,Ẩm thực: seafood.,,,,seafood,True,restaurant,,,,
way,1181331950,DANANG,Da Nang,Avatar,Khách sạn & Lưu trú,16.0494999,108.2470182,,,,,,,False,,,,,
way,1181331955,DANANG,Da Nang,TMS Hotel Da Nang Beach,Khách sạn & Lưu trú,16.051152,108.2480701,"292 Đường Võ Nguyên Giáp, Mỹ An, Ngũ Hành Sơn, Đà Nẵng",,02363755999,https://tmshotel.vn/,,,False,,,,,
way,1181331956,DANANG,Da Nang,Đảo Ngọc Hotel,Khách sạn & Lưu trú,16.0515374,108.2467947,,,,,,,False,,,,,
way,1181331957,DANANG,Da Nang,Nhật Minh Hotel & Apartment,Khách sạn & Lưu trú,16.0515739,108.2469282,,,,,,,False,,,,,
way,1181331958,DANANG,Da Nang,Amunra Ocean Hotel,Khách sạn & Lưu trú,16.0514998,108.2466576,,,,,,,False,,,,,
way,1181331971,DANANG,Da Nang,Aria Grand,Khách sạn & Lưu trú,16.0520663,108.2444586,,,,,,,False,,,,,
way,1181331985,DANANG,Da Nang,Delicate Apartment and Hotel Danang,Khách sạn & Lưu trú,16.0530618,108.246249,"85 Đường Đỗ Bí, Da Nang",Có Wifi.,0987422609,,,,False,,,,,
way,1181331991,DANANG,Da Nang,Tamarind Hotel Da Nang,Khách sạn & Lưu trú,16.0506778,108.2475893,,,,,,,False,,,,,
way,1181331993,DANANG,Da Nang,Sea Queen,Khách sạn & Lưu trú,16.0509049,108.2455049,,Có Wifi.,,,,,False,,,,,
way,1181332013,DANANG,Da Nang,XLIII Specialty Coffee,Ẩm thực & Cafe,16.0480775,108.2459757,422 Đường Ngô Thì Sĩ,Ẩm thực: coffee_shop. Giờ mở cửa: Mo-Su 06:30-22:30. Có Wifi. Chỗ ngồi ngoài trời.,0799343943,https://xliiicoffee.com/location/xliii-coffee-da-nang/,Mo-Su 06:30-22:30,coffee_shop,True,cafe,,,,
way,1181332023,DANANG,Da Nang,Charming Beauty,Khách sạn & Lưu trú,16.048465,108.2471503,,,,,,,False,,,,,
way,1181332432,DANANG,Da Nang,Grand Sunrise Boutique,Khách sạn & Lưu trú,16.054271,108.2446117,,,,,,,False,,,,,
way,1181332437,DANANG,Da Nang,Royal Lotus Hotel,Khách sạn & Lưu trú,16.0546248,108.2434272,120 Nguyễn Văn Thoaij,,05116261999,,,,False,,,,,
way,1181332440,DANANG,Da Nang,Khách sạn HaNoi Blue,Khách sạn & Lưu trú,16.0555767,108.2446616,,,,,,,False,,,,,
way,1181332443,DANANG,Da Nang,Golden star hotel,Khách sạn & Lưu trú,16.0544811,108.2445561,04-06 Đường Phan Liêm,Có Wifi.,,,,,False,,,,,
way,1181332448,DANANG,Da Nang,Davue,Khách sạn & Lưu trú,16.0536005,108.2460693,,,,,,,False,,,,,
way,1181332457,DANANG,Da Nang,Grand Ocean,Khách sạn & Lưu trú,16.0549336,108.2449047,,,,,,,False,,,,,
way,1181332461,DANANG,Da Nang,PAMA Boutique Hotel & Bistro,Khách sạn & Lưu trú,16.0551388,108.2457846,96 Đường Trần Bạch Đằng,,,,,,True,cafe,,,,
way,1204147770,DANANG,Da Nang,Cozy Danang Boutique Hotel,Khách sạn & Lưu trú,16.0615571,108.2218356,,,,,,,False,,,,,
way,1208690134,DANANG,Da Nang,Loving Vegan,Ẩm thực & Cafe,16.0538574,108.24453,,Ẩm thực: vietnamese. Giờ mở cửa: Mo-Su 09:00-21:00.,0935568729,https://www.facebook.com/LovingVeganRestaurant/,Mo-Su 09:00-21:00,vietnamese,True,restaurant,,,,
way,1208699441,DANANG,Da Nang,Danang Climbing Gym,Thể thao & Giải trí,16.0833572,108.2169205,,Giờ mở cửa: Mon-Sun 08:00:22:00.,,https://www.danangclimbing.com/,Mon-Sun 08:00:22:00,,False,,,,,
way,1214627986,DANANG,Da Nang,Everland Hotel,Khách sạn & Lưu trú,16.0713229,108.2373922,Danang,,,,,,False,,,,,
way,1243635505,DANANG,Da Nang,Minh Toan Safi Ocean,Khách sạn & Lưu trú,16.0670601,108.244862,Đường Võ Nguyên Giáp,,,,,,False,,,,,
way,1243635506,DANANG,Da Nang,Dragon sea,Khách sạn & Lưu trú,16.0654829,108.2443476,,,,,,,False,,,,,
way,1243635507,DANANG,Da Nang,Diamond Sea,Khách sạn & Lưu trú,16.0665111,108.2448813,Đường Võ Nguyên Giáp,,,,,,False,,,,,
way,1243635508,DANANG,Da Nang,Blue Sun,Khách sạn & Lưu trú,16.0666474,108.2448797,Đường Võ Nguyên Giáp,,,,,,False,,,,,
way,1243635510,DANANG,Da Nang,Maximilan,Khách sạn & Lưu trú,16.0672057,108.2448582,Đường Võ Nguyên Giáp,,,,,,False,,,,,
way,1243635511,DANANG,Da Nang,The Shann,Khách sạn & Lưu trú,16.0655487,108.2442808,,,,,,,False,,,,,
way,1243635512,DANANG,Da Nang,Canvas,Khách sạn & Lưu trú,16.0663748,108.2448829,Đường Võ Nguyên Giáp,,,,,,False,,,,,
way,1243635514,DANANG,Da Nang,Sen Tai Thu,Khách sạn & Lưu trú,16.0669223,108.2448654,Đường Võ Nguyên Giáp,,,,,,False,,,,,
way,1243635515,DANANG,Da Nang,Paris Deli Danang Beach Hotel,Khách sạn & Lưu trú,16.0662381,108.2448845,236 Đường Võ Nguyên Giáp,Có Wifi.,,https://parisdelihotel.com/,,,False,,,,,
way,1244041357,DANANG,Da Nang,Pergola design hotel,Khách sạn & Lưu trú,16.0660264,108.2436735,,,,,,,False,,,,,
way,1247506170,DANANG,Da Nang,Bamboo Green,Khách sạn & Lưu trú,16.0669243,108.2240932,157 Đường Trần Phú,,,,,,False,,,,,
way,1247583064,DANANG,Da Nang,Adina Hotel,Khách sạn & Lưu trú,16.0709841,108.2367545,,,,,,,False,,,,,
way,1252368755,DANANG,Da Nang,Công viên cầu Bờ Quan,Công viên & Thiên nhiên,16.0117056,108.2463408,,,,,,,False,,,,,
way,1252486503,DANANG,Da Nang,Công viên Bờ Quan,Công viên & Thiên nhiên,16.0146753,108.2386636,,,,,,,False,,,,,
way,1254909519,DANANG,Da Nang,Công viên Nguyễn Văn Linh,Công viên & Thiên nhiên,16.0613021,108.2204316,"Đường Nguyễn Văn Linh, Phước Ninh, Hải Châu, Đà Nẵng",,,,,,False,,,,,
way,1261795799,DANANG,Da Nang,No Sqooters,Dịch vụ du lịch,16.1198555,108.2485712,,,,,,,False,,,,,
way,1265746010,DANANG,Da Nang,Khu du lịch Bãi Bụt,Khách sạn & Lưu trú,16.1027128,108.2844903,,,,,,,False,,,,,
way,1278495622,DANANG,Da Nang,Phước Mỹ An,Khách sạn & Lưu trú,16.0640518,108.2426191,,,,,,,False,,,,,
way,1279557691,DANANG,Da Nang,Hilton Garden Inn Da Nang,Khách sạn & Lưu trú,16.0801641,108.2463633,"96 Đường Võ Nguyên Giáp, Man Thai, Son Tra",Có Wifi. Hỗ trợ xe lăn.,02363780000,https://www.hilton.com/en/hotels/daddagi-hilton-garden-inn-da-nang/,,,False,,,,,
way,1279557692,DANANG,Da Nang,Grand Signature by M Village,Khách sạn & Lưu trú,16.0811488,108.2468735,,,,,,,False,,,,,
way,1279557693,DANANG,Da Nang,Radisson RED Danang,Khách sạn & Lưu trú,16.0808774,108.246766,,,,https://www.radissonhotels.com/en-us/hotels/radisson-red-danang,,,False,,,,,
way,1279557694,DANANG,Da Nang,Prince Hotel Da Nang,Khách sạn & Lưu trú,16.080627,108.2466568,,,,,,,False,,,,,
way,1279557695,DANANG,Da Nang,Peninsula Hotel Danang,Khách sạn & Lưu trú,16.0816009,108.2470492,,,,https://peninsulahotel.vn,,,False,,,,,
way,1280820647,DANANG,Da Nang,Sân bóng Goden Hill,Thể thao & Giải trí,16.103746,108.119936,,,,,,,False,,,,,
way,1305378712,DANANG,Da Nang,Khách sạn Estrella,Khách sạn & Lưu trú,16.054924,108.2409394,,Có Wifi. Tiêu chuẩn: 4 sao.,02363872288,,,,False,,,,,
way,1314176489,DANANG,Da Nang,Quà Đà Nẵng,Mua sắm & Chợ,16.052001,108.2479181,,,,,,,False,,,,,
way,1314176490,DANANG,Da Nang,M Hotel Da Nang,Khách sạn & Lưu trú,16.0517939,108.2479104,"286 Đường Võ Nguyên Giáp, Mỹ An, Ngũ Hành Sơn, Đà Nẵng",,02363816868,https://mhotel.vn/property/m-suite-da-nang/,,,False,,,,,
way,1314179477,DANANG,Da Nang,Nhà hàng Meat Plus Đà Nẵng,Ẩm thực & Cafe,16.0509126,108.247442,"77 Đường Trần Bạch Đằng, Bắc Mỹ Phú, Ngũ Hành Sơn, Đà Nẵng",Ẩm thực: barbecue.,,https://meatplusvn.com/meat-plus-da-nang/,,barbecue,True,restaurant,,,,
way,1314327486,DANANG,Da Nang,Risemount Premier Resort,Khách sạn & Lưu trú,16.054566,108.2420772,,,,https://risemountresortdanang.com,,,False,,,,,
way,1314405275,DANANG,Da Nang,Goldenline Hotel Đà Nẵng,Khách sạn & Lưu trú,16.0534682,108.2460938,"63-65-67 Đường Đỗ Bí, Mỹ An, Ngũ Hành Sơn, Đà Nẵng",Giờ mở cửa: 24/7. Có Wifi.,,http://goldenlinehotel.com/,24/7,,False,,,,,
way,1314405277,DANANG,Da Nang,Sea Wind Hotel,Khách sạn & Lưu trú,16.0557159,108.245588,,Có Wifi.,0902168899,https://khach-san-seawind.business.site/,,,False,,,,,
way,1314405279,DANANG,Da Nang,H&M,Mua sắm & Chợ,16.0563968,108.2459046,,,,,,,True,craft_gift_shop,,,,
way,1314405280,DANANG,Da Nang,Highlands Coffee,Ẩm thực & Cafe,16.0563704,108.2457623,,"Ẩm thực: coffee_shop, vietnamese. Có Wifi. Chỗ ngồi ngoài trời.",,,,"coffee_shop, vietnamese",False,,,,,
way,1314405281,DANANG,Da Nang,Nha Hang Hai San,Ẩm thực & Cafe,16.0572489,108.2466474,,Ẩm thực: seafood.,,,,seafood,True,restaurant,,,,
way,1314405288,DANANG,Da Nang,An Nam Souvenirs,Mua sắm & Chợ,16.0564515,108.2463395,,,,,,,True,craft_gift_shop,,,,
way,1314405290,DANANG,Da Nang,Nhà hàng Làng Cá,Ẩm thực & Cafe,16.0565889,108.2467444,,Ẩm thực: fish.,,,,fish,True,restaurant,,,,
way,1314405293,DANANG,Da Nang,Nesta hotel,Khách sạn & Lưu trú,16.0541286,108.2469595,,,,,,,False,,,,,
way,1314407879,DANANG,Da Nang,Toan Thang Hotel,Khách sạn & Lưu trú,16.0558165,108.2454825,Đường Nguyễn Văn Thoại,,,,,,False,,,,,
way,1314407881,DANANG,Da Nang,Ruby Star,Khách sạn & Lưu trú,16.0556578,108.2449395,,,,,,,False,,,,,
way,1314408205,DANANG,Da Nang,MoonMilk,Mua sắm & Chợ,16.055634,108.2448577,,,,,,,False,,,,,
way,1314616042,DANANG,Da Nang,Delicate,Khách sạn & Lưu trú,16.0633768,108.244501,,,,,,,False,,,,,
way,1314684507,DANANG,Da Nang,Golden Meat House,Ẩm thực & Cafe,16.0548705,108.245852,,Ẩm thực: steak_house.,,,,steak_house,True,restaurant,,,,
way,1314684508,DANANG,Da Nang,Sunny Ocean Hotel,Khách sạn & Lưu trú,16.0552293,108.2457543,"Tran Bach Dang, An Thuong, Ngu Hanh Son, Da Nang","Sunny Ocean Hotel features a rooftop pool with ocean views, a modern fitness center, on-site restaurant and bar, rooms with daily buffet breakfast and full amenities. Guests enjoy free Wi-Fi, airport transfers, 24-hour reception, tours, car rental...",02363583999,https://sunnyoceanhotel.com,,,False,,,,,
way,1314684509,DANANG,Da Nang,Haya,Khách sạn & Lưu trú,16.0547642,108.2454862,48 Phan Liêm,,0869133648,,,,False,,,,,
way,1314684510,DANANG,Da Nang,Valencia,Khách sạn & Lưu trú,16.0549934,108.2450731,,,,,,,False,,,,,
way,1314764964,DANANG,Da Nang,Bien Viet,Ẩm thực & Cafe,16.0553616,108.2457062,,Ẩm thực: vietnamese.,,,,vietnamese,True,restaurant,,,,
way,1314765335,DANANG,Da Nang,Dao Ngoe,Ẩm thực & Cafe,16.0562533,108.2454668,,Ẩm thực: seafood.,,,,seafood,True,restaurant,,,,
way,1314768595,DANANG,Da Nang,Golden Lotus Grand,Khách sạn & Lưu trú,16.0500739,108.2453881,,Tiêu chuẩn: 4 sao.,,,,,False,,,,,
way,1325468699,DANANG,Da Nang,Nhà Thi Đấu Ngành Giáo Dục Quận Thanh Khê,Thể thao & Giải trí,16.064413,108.1915464,"156 Đường Hà Huy Tập, Phường Hòa Khê, Quận Thanh Khê, Đà Nẵng",,,,,,False,,,,,
way,1326219930,DANANG,Da Nang,Chợ Kỳ Đồng,Mua sắm & Chợ,16.069641,108.187075,"Phường Thanh Khê Đông, Quận Thanh Khê, Đà Nẵng",,,,,,True,traditional_market,,,,
way,1326231667,DANANG,Da Nang,Chợ Mới Hòa Thuận,Mua sắm & Chợ,16.0502588,108.2176369,582 Đường Hoàng Diệu,,,,,,True,traditional_market,,,,
way,1326232560,DANANG,Da Nang,Chợ Nguyễn Tri Phương,Mua sắm & Chợ,16.0425792,108.2119277,"Đường Nguyễn Quang Bích, Phường Hòa Cường Bắc, Quận Hải Châu, Đà Nẵng",,,,,,True,traditional_market,,,,
way,1326233277,DANANG,Da Nang,Chợ Hòa Cường,Mua sắm & Chợ,16.0432513,108.2179878,"Đường Lê Thanh Nghị, Phường Hòa Cường Bắc, Quận Hải Châu, Đà Nẵng",,,,,,True,traditional_market,,,,
way,1326234991,DANANG,Da Nang,Chợ Thanh Bình,Mua sắm & Chợ,16.0766756,108.2114971,Kiệt 76 Ông Ích Khiêm,,,,,,True,traditional_market,,,,
way,1326236834,DANANG,Da Nang,Chợ Nam Dương,Mua sắm & Chợ,16.0612799,108.2151828,Kiệt 586 Đường Ông Ích Khiêm,,,,,,True,traditional_market,,,,
way,1326238459,DANANG,Da Nang,Chợ Nại Hiên,Mua sắm & Chợ,16.0595644,108.2223515,17 Đường Trưng Nữ Vương,,,,,,True,traditional_market,,,,
way,1326266438,DANANG,Da Nang,Chợ Đa Phước,Mua sắm & Chợ,16.0883096,108.2159348,,,,,,,True,traditional_market,,,,
way,1326279033,DANANG,Da Nang,Chợ Hòa Khánh,Mua sắm & Chợ,16.0698569,108.1493014,"Quận Liên Chiểu, Đà Nẵng",,,,,,True,traditional_market,,,,
way,1326320368,DANANG,Da Nang,Chợ Hòa Xuân,Mua sắm & Chợ,16.0061957,108.2146404,"Đường Đô Đốc Bảo, Phường Hòa Xuân, Quận Cẩm Lệ, Đà Nẵng",,,,,,True,traditional_market,,,,
way,1326324217,DANANG,Da Nang,Chợ Non Nước,Mua sắm & Chợ,15.9951476,108.2573177,"Phường Hòa Hải, Quận Ngũ Hành Sơn, Đà Nẵng",,,,,,True,traditional_market,,,,
way,1326470317,DANANG,Da Nang,Chill Chill Đảo Xanh,Ẩm thực & Cafe,16.0486996,108.2242954,"Lô 1 cầu Đảo Xanh, Hoà Cường Bắc, Hải Châu, Đà Nẵng","Ẩm thực: seafood, hotpot, grill.",0911155590,https://www.facebook.com/profile.php?id=61572638076291,,"seafood, hotpot, grill",True,restaurant,,,,
way,1330644994,DANANG,Da Nang,Chợ Tam Thuận,Mua sắm & Chợ,16.0714579,108.2053386,"Quận Thanh Khê, Đà Nẵng",,,,,,True,traditional_market,,,,
way,1330858333,DANANG,Da Nang,La Maison 1888,Ẩm thực & Cafe,16.1220662,108.3060947,,,,,,,True,restaurant,,,,
way,1331399604,DANANG,Da Nang,Khách sạn G8 Luxury,Khách sạn & Lưu trú,16.0707429,108.2172472,"59 Đường Lê Duẩn, Phường Hải Châu 1, Quận Hải Châu, Đà Nẵng",,02363761999,https://g8luxury.com/,,,False,,,,,
way,1331565206,DANANG,Da Nang,Đài Tưởng niệm Liệt sỹ thành phố Đà Nẵng,Di tích & Lịch sử,16.0409714,108.2243231,,,,,,,False,,,,,
way,1332811566,DANANG,Da Nang,Chợ Thuận An,Mua sắm & Chợ,16.054022,108.1835394,,,,,,,True,traditional_market,,,,
way,1347307012,DANANG,Da Nang,Vòng Xoay Hải Vân,Công viên & Thiên nhiên,16.1313149,108.1054097,,,,,,,False,,,,,
way,1368599361,DANANG,Da Nang,Bảo tàng Đà Nẵng,Văn hóa & Nghệ thuật,16.0748319,108.2239805,42 Đường Trần Phú,Giờ mở cửa: 08:00-17:00.,02363886236,,08:00-17:00,,False,,,,,
way,1369663882,DANANG,Da Nang,AEON Mall Đà Nẵng,Mua sắm & Chợ,16.0665395,108.2042793,46 Đường Điện Biên Phủ,Giờ mở cửa: Mo-Fr 10:00-22:00; Sa-Su 09:00-22:00.,,https://danangthanhkhe.aeonmall-vietnam.com/vi,Mo-Fr 10:00-22:00; Sa-Su 09:00-22:00,,False,,,,,
way,1384907056,DANANG,Da Nang,Công viên Nam Dương,Công viên & Thiên nhiên,16.060441,108.2177257,,,,,,,False,,,,,
way,1384911812,DANANG,Da Nang,Công viên Như Nguyệt,Công viên & Thiên nhiên,16.0906977,108.219673,,,,,,,False,,,,,
way,1386928390,DANANG,Da Nang,Phat My Hanh,Ẩm thực & Cafe,16.0629743,108.2432043,,"Ẩm thực: fish, seafood.",,,,"fish, seafood",True,restaurant,,,,
way,1386928393,DANANG,Da Nang,Ocean Heaven,Khách sạn & Lưu trú,16.0654324,108.2435029,295 Đường Hồ Nghinh,Có Wifi.,,https://oceanhavenhotel.com/,,,False,,,,,
way,1386932716,DANANG,Da Nang,Lang Chai SeaFood,Ẩm thực & Cafe,16.0635842,108.2425796,,Ẩm thực: seafood.,,,,seafood,True,restaurant,,,,
way,1387134634,DANANG,Da Nang,Nagila,Khách sạn & Lưu trú,16.0713972,108.2358254,,,,,,,False,,,,,
way,1387134637,DANANG,Da Nang,Bantique,Khách sạn & Lưu trú,16.071709,108.2350921,,,,,,,False,,,,,
way,1387134638,DANANG,Da Nang,Hadana,Khách sạn & Lưu trú,16.0715257,108.2355244,,,,,,,False,,,,,
way,1387134640,DANANG,Da Nang,Nature Hotel&SPA,Khách sạn & Lưu trú,16.0719155,108.2346316,,,,,,,False,,,,,
way,1442969735,DANANG,Da Nang,The Local Bean,Ẩm thực & Cafe,16.0614961,108.2194233,"186 Đường Phan Châu Trinh, Phước Ninh, Hải Châu, Đà Nẵng",,,,,,True,cafe,,,,
way,1443669737,DANANG,Da Nang,My Khe Surf Spot,Thể thao & Giải trí,16.0524821,108.2488261,,,,,,,False,,,,,
way,1463165341,DANANG,Da Nang,Phố Cổ Bia Hơi Hà Nội,Ẩm thực & Cafe,16.0477656,108.2434289,"168 Đường Mai Thúc Lân, Ngũ Hành Sơn, Đà Nẵng",Ẩm thực: vietnamese. Chỗ ngồi ngoài trời.,,,,vietnamese,True,restaurant,,,,
way,1463167266,DANANG,Da Nang,Phở An,Ẩm thực & Cafe,16.0438442,108.2475849,"360 Đường Võ Nguyên Giáp, Ngũ Hành Sơn, Da Nang",Ẩm thực: vietnamese. Giờ mở cửa: 08:30-23:30. Chỗ ngồi ngoài trời.,0387700272,,08:30-23:30,vietnamese,True,restaurant,,,,
way,1463170014,DANANG,Da Nang,Nhà Bếp Xưa,Ẩm thực & Cafe,16.0661714,108.2442406,"64B Đường Hà Bổng, Quận Sơn Trà, Đà Nẵng",Ẩm thực: vietnamese. Giờ mở cửa: 10:00-21:30.,,,10:00-21:30,vietnamese,True,restaurant,,,,
way,1472741992,DANANG,Da Nang,Crowne Plaza Danang City Centre by IHG,Khách sạn & Lưu trú,16.0748404,108.2218384,,Tiêu chuẩn: 5 sao.,02367307999,https://www.ihg.com/crowneplaza/hotels/us/en/da-nang/dadcc/hoteldetail,,,False,,,,,
way,1473492943,DANANG,Da Nang,MM Supercentre,Mua sắm & Chợ,16.0670701,108.1553834,,,,,,,False,,,,,
way,1474583779,DANANG,Da Nang,Nhà Trưng bày Hoàng Sa,Văn hóa & Nghệ thuật,16.0934685,108.2512057,284 Đường Hoàng Sa,,,https://nhatrungbayhoangsa.danang.gov.vn/,,,False,,,,,
way,1479931948,DANANG,Da Nang,Homestay Trâm Anh,Khách sạn & Lưu trú,16.0629799,108.2437099,"H02/10 K39 Võ Văn Kiệt, Phước Mỹ, Sơn Trà, Đà Nẵng",,,,,,True,homestay_guesthouse,,,,
way,1479931949,DANANG,Da Nang,Luna House Da Nang,Khách sạn & Lưu trú,16.0629886,108.2437451,"H02/08 K39 Võ Văn Kiệt, Phước Mỹ, Sơn Trà, Đà Nẵng",,,,,,True,homestay_guesthouse,,,,
way,1479931951,DANANG,Da Nang,Mộc House Homestay,Khách sạn & Lưu trú,16.0630075,108.243816,"H02/06 K39 Võ Văn Kiệt, Phước Mỹ, Sơn Trà, Đà Nẵng",,,,,,True,homestay_guesthouse,,,,
way,1481663044,DANANG,Da Nang,Bản sao nhà sàn,Di tích & Lịch sử,16.0472363,108.217429,,,,,,,False,,,,,
way,1484919510,DANANG,Da Nang,Xanh Design DN Tiệm Cây và Nước,Điểm tham quan & Cảnh quan,16.0201637,108.236873,,,,,,,False,,,,,
way,1484919512,DANANG,Da Nang,May Garden,Ẩm thực & Cafe,16.0210842,108.2375821,,,,,,,True,restaurant,,,,
way,1484919513,DANANG,Da Nang,Minto Farm Cafe & Kid Playground,Ẩm thực & Cafe,16.0190328,108.2360059,,,,,,,True,cafe,,,,
way,1484923274,DANANG,Da Nang,Papa Steak,Ẩm thực & Cafe,16.0632697,108.2441162,,Ẩm thực: steak_house.,,,,steak_house,True,restaurant,,,,
way,1500662957,DANANG,Da Nang,PERLA HOME,Khách sạn & Lưu trú,16.0918911,108.1475964,"Hoà Hiệp Nam, Liên Chiểu, Đà Nẵng",,0963120918,,,,True,homestay_guesthouse,,,,
way,1518794391,DANANG,Da Nang,BitCoffee,Ẩm thực & Cafe,16.1051987,108.2622384,"1 Nguyễn Đăng Giai, Sơn Trà, Đà Nẵng",Ẩm thực: coffee_shop. Giờ mở cửa: Tu-Su 08:00-20:00. Có Wifi. Chỗ ngồi ngoài trời.,0901141419,,Tu-Su 08:00-20:00,coffee_shop,True,cafe,,,,
way,1535565789,DANANG,Da Nang,Donald Trung,Ẩm thực & Cafe,16.0679169,108.204882,,Ẩm thực: vietnamese. Giờ mở cửa: Mo-Su 10:00-22:00. Có Wifi.,,,Mo-Su 10:00-22:00,vietnamese,True,restaurant,,,,
way,1535565790,DANANG,Da Nang,Highlands Coffee,Ẩm thực & Cafe,16.0702896,108.2135512,,"Ẩm thực: coffee_shop, vietnamese. Giờ mở cửa: Mo-Su 07:00-23:00. Có Wifi.",,,Mo-Su 07:00-23:00,"coffee_shop, vietnamese",False,,,,,
way,1535565791,DANANG,Da Nang,Hà Nội Xưa,Ẩm thực & Cafe,16.0469789,108.2424376,,Chỗ ngồi ngoài trời.,,,,,True,restaurant,,,,
way,1539070264,DANANG,Da Nang,Phụ kiện 09,Mua sắm & Chợ,16.0619185,108.2092284,"157 Đường Phan Thanh, Thanh Khê, Đà Nẵng",Giờ mở cửa: Mo-Su 07:30-22:00.,,,Mo-Su 07:30-22:00,,False,,,,,
way,1540071684,DANANG,Da Nang,Full Market Nam Kỳ Khởi Nghĩa,Mua sắm & Chợ,15.977754,108.2625417,,,,,,,False,,,,,
way,1541277103,DANANG,Da Nang,COM NHA CO NGA,Ẩm thực & Cafe,16.0724421,108.1563916,,Ẩm thực: regional.,,,,regional,True,restaurant,,,,
way,1541277999,DANANG,Da Nang,Naman Retreat,Khách sạn & Lưu trú,15.9697058,108.2853717,"Đường Trường Sa, Da Nang",,02363959888,https://namanretreat.com/,,,False,,,,,
way,1544403048,DANANG,Da Nang,BÁCH HOÁ XANH TRẦN ĐÌNH TRI,Mua sắm & Chợ,16.0842995,108.1586047,,,,,,,False,,,,,
way,1546877395,DANANG,Da Nang,Gemma,Khách sạn & Lưu trú,16.0614674,108.236508,183 Đường Võ Văn Kiệt,,,,,,False,,,,,
way,1551512249,DANANG,Da Nang,Chợ An Hải Bắc,Mua sắm & Chợ,16.0808771,108.2314626,,,,,,,True,traditional_market,,,,
way,1551512250,DANANG,Da Nang,Chợ Hòa An,Mua sắm & Chợ,16.0589149,108.1761895,,,,,,,True,traditional_market,,,,
way,1551512251,DANANG,Da Nang,Chợ Điện Ngọc,Mua sắm & Chợ,15.95323,108.2588526,,,,,,,True,traditional_market,,,,
way,1551512253,DANANG,Da Nang,Chợ Hòa Phát,Mua sắm & Chợ,16.0319391,108.1845081,,,,,,,True,traditional_market,,,,
way,1551512255,DANANG,Da Nang,Chợ Hòa Thọ Tây,Mua sắm & Chợ,15.9993277,108.181243,,,,,,,True,traditional_market,,,,
way,1551512256,DANANG,Da Nang,Chợ Hòa Cầm,Mua sắm & Chợ,16.0111497,108.1976079,,,,,,,True,traditional_market,,,,
way,1551522686,DANANG,Da Nang,Chợ Mai,Mua sắm & Chợ,16.0997829,108.2523814,,,,,,,True,traditional_market,,,,
way,1551522687,DANANG,Da Nang,Chợ Nam Ô,Mua sắm & Chợ,16.1060732,108.1338333,,,,,,,True,traditional_market,,,,
way,1551522688,DANANG,Da Nang,Chợ Chiều,Mua sắm & Chợ,16.0919204,108.244455,,,,,,,True,traditional_market,,,,
way,1551522690,DANANG,Da Nang,Chợ Hà Thân,Mua sắm & Chợ,16.0648085,108.2309886,3 Đường Triệu Việt Vương,,,,,,True,traditional_market,,,,
way,1551522691,DANANG,Da Nang,Chợ Hòa Mỹ,Mua sắm & Chợ,16.058918,108.170103,,,,,,,True,traditional_market,,,,
way,1551522692,DANANG,Da Nang,Chợ Hòa Khánh Nam,Mua sắm & Chợ,16.0559662,108.1562982,,,,,,,True,traditional_market,,,,
way,1554188424,DANANG,Da Nang,Trung tâm Thể thao SHB Đà Nẵng,Thể thao & Giải trí,16.0433646,108.1559596,,,,,,,False,,,,,
way,1556362196,DANANG,Da Nang,Chợ Đêm Sơn Trà,Mua sắm & Chợ,16.0606554,108.2315292,Cao Bá Quát,Giờ mở cửa: Mo-Su 18:00-23:00.,,,Mo-Su 18:00-23:00,,True,traditional_market,,,,
way,1556684594,DANANG,Da Nang,The Nang Suites,Khách sạn & Lưu trú,16.062999,108.2372528,,,,,,,False,,,,,
way,1561298294,DANANG,Da Nang,Chợ Phú Lộc,Mua sắm & Chợ,16.0750452,108.1721558,,,,,,,True,traditional_market,,,,
way,1564918222,DANANG,Da Nang,Vùng 1,Công viên & Thiên nhiên,16.0915861,108.2165591,,,,,,,False,,,,,
relation,7055216,DANANG,Da Nang,Rừng đặc dụng Sơn Trà,Công viên & Thiên nhiên,16.1257063,108.279626,,,,,,,False,,,,,
relation,8552348,DANANG,Da Nang,Ngũ Hành Sơn,Điểm tham quan & Cảnh quan,16.0017096,108.2596132,,,,https://nguhanhson.org,,,False,,,,,
node,668605353,HUE,Hue,Hue Backpackers,Khách sạn & Lưu trú,16.469621,107.5941586,10 Phạm Ngũ Lão,,,,,,True,homestay_guesthouse,,,,
node,668713429,HUE,Hue,Hong Thien 2 hotel,Khách sạn & Lưu trú,16.4691326,107.5960838,"46 Chu Văn An, Phú Hội, thanh pho hue",,,,,,False,,,,,
node,668713430,HUE,Hue,Tran Ly,Khách sạn & Lưu trú,16.4704922,107.5945042,"78 Lê Lợi, Hue",,0543830894,http://www.tranlyhotel.com,,,False,,,,,
node,669249193,HUE,Hue,Lăng Tự Đức,Di tích & Lịch sử,16.4331813,107.5645857,,,,,,,False,,,,,
node,697249882,HUE,Hue,Pilgrimage Village,Khách sạn & Lưu trú,16.4250786,107.5794609,Đường Đại Nam,Có Wifi.,,,,,False,,,,,
node,697255242,HUE,Hue,Nha Hang CUNG DING Restaurant,Ẩm thực & Cafe,16.4839438,107.603723,,,,,,,True,restaurant,,,,
node,1025708545,HUE,Hue,Thái Sơn,Khách sạn & Lưu trú,16.4616919,107.600457,,,,,,,False,,,,,
node,1187221499,HUE,Hue,Club Garden,Ẩm thực & Cafe,16.4691737,107.5958505,8 Võ Thị Sáu,,0543826327,,,,True,restaurant,,,,
node,1187440736,HUE,Hue,Gold 2 Hotel,Khách sạn & Lưu trú,16.4647734,107.593624,41 Hung Vuong St.,,0543816916,,,,False,,,,,
node,1248656125,HUE,Hue,Chợ,Mua sắm & Chợ,16.4616905,107.5900942,,,,,,,True,traditional_market,,,,
node,1333018015,HUE,Hue,Quan So 1,Ẩm thực & Cafe,16.4580449,107.5808365,,,,,,,True,restaurant,,,,
node,1333025066,HUE,Hue,Nha Hang Queen,Ẩm thực & Cafe,16.4690321,107.5954277,,,,,,,True,restaurant,,,,
node,1333044388,HUE,Hue,A Lầu - Dzách Lầu,Ẩm thực & Cafe,16.4655821,107.5947465,55 Bến Nghé,,,,,,True,restaurant,,,,
node,1333045198,HUE,Hue,Camellia,Khách sạn & Lưu trú,16.4652432,107.5949681,57;59 Bến Nghé,Tiêu chuẩn: 4 sao.,,,,,False,,,,,
node,1333052337,HUE,Hue,Casablanca's Cafe,Ẩm thực & Cafe,16.4643979,107.5920373,20 Nguyễn Tri Phương,,,,,,True,cafe,,,,
node,1411210365,HUE,Hue,DMZ,Thể thao & Giải trí,16.4701098,107.5940231,,,,,,,False,,,,,
node,1497215449,HUE,Hue,Xuan Trang,Ẩm thực & Cafe,16.46924,107.5956043,,Có Wifi.,,,,,True,restaurant,,,,
node,1498553131,HUE,Hue,Waterland,Ẩm thực & Cafe,16.4690959,107.5960864,,,,,,,True,restaurant,,,,
node,1716363897,HUE,Hue,Nguyen Hue,Khách sạn & Lưu trú,16.4579973,107.5910025,,,,,,,False,,,,,
node,1870602465,HUE,Hue,Hue Amazing Homestay,Khách sạn & Lưu trú,16.4715881,107.609913,"183/1C Nguyễn Lộ Trạch, Xuân Phú, Huế",Có Wifi.,,,,,True,homestay_guesthouse,,,,
node,1964312206,HUE,Hue,Huenino Hotel,Khách sạn & Lưu trú,16.4710693,107.5955971,14 Nguyễn Công Trứ,Có Wifi.,,https://hueninohotel.com/,,,False,,,,,
node,1995702914,HUE,Hue,Phong Nha,Ẩm thực & Cafe,16.4361777,107.5645786,,,,,,,True,restaurant,,,,
node,2264793591,HUE,Hue,Century Riverside Hotel,Khách sạn & Lưu trú,16.4705358,107.593545,,,,,,,False,,,,,
node,2264793596,HUE,Hue,Mandarin Cafe,Ẩm thực & Cafe,16.465498,107.5917125,,,,,,,True,cafe,,,,
node,2264793612,HUE,Hue,Xiao,Ẩm thực & Cafe,16.4675631,107.5745925,,,,,,,True,cafe,,,,
node,2264793617,HUE,Hue,Les Jardins De La Carambole,Ẩm thực & Cafe,16.4651024,107.5756421,32 Đặng Trần Côn,"Ẩm thực: french, asian, pizza.",0543548815,http://www.lesjardinsdelacarambole.com,,"french, asian, pizza",True,restaurant,,,,
node,2264793625,HUE,Hue,Omar Khayyam,Ẩm thực & Cafe,16.4646216,107.592422,,,,,,,True,restaurant,,,,
node,2264793637,HUE,Hue,Imperial,Khách sạn & Lưu trú,16.4660129,107.5917583,,Tiêu chuẩn: 5 sao.,,,,,False,,,,,
node,2264793638,HUE,Hue,Nina's Cafe,Ẩm thực & Cafe,16.4641052,107.5927076,16 Kiệt 34,"Ẩm thực: regional, breakfast, ice_cream, crepe, tea, coffee_shop, local, noodles, pancake, curry, vietnamese. Giờ mở cửa: Mo-Su 08:00-22:00. Có Wifi.",,,Mo-Su 08:00-22:00,"regional, breakfast, ice_cream, crepe, tea, coffee_shop, local, noodles, pancake, curry, vietnamese",True,restaurant,,,,
node,2264793642,HUE,Hue,Thang Long,Khách sạn & Lưu trú,16.4647719,107.5931446,,,,,,,False,,,,,
node,2264793645,HUE,Hue,Gem,Khách sạn & Lưu trú,16.4650355,107.5933243,,,,,,,False,,,,,
node,2278073298,HUE,Hue,Audiophile cafe,Ẩm thực & Cafe,16.4799797,107.5814616,,,,,,,True,cafe,,,,
node,2575992470,HUE,Hue,Biệt Phủ Thảo Nhi,Ẩm thực & Cafe,16.4097798,107.5883558,,,,,,,True,restaurant,,,,
node,2628520035,HUE,Hue,Bánh Bèo Nậm Lọc Bà Đỏ,Ẩm thực & Cafe,16.4823051,107.5892512,Nguyễn Bỉnh Khiêm,Ẩm thực: vietnamese.,,,,vietnamese,True,restaurant,,,,
node,2628520036,HUE,Hue,Cơm Ông Chử,Ẩm thực & Cafe,16.4681684,107.5943569,,Ẩm thực: vietnamese.,,,,vietnamese,True,restaurant,,,,
node,2628520040,HUE,Hue,Bến thuyền Tòa Khâm,Dịch vụ du lịch,16.4696081,107.5918343,,,,,,,False,,,,,
node,2660458338,HUE,Hue,Hoàng Trúc,Ẩm thực & Cafe,16.4721817,107.5806949,,Ẩm thực: vietnamese.,,,,vietnamese,True,restaurant,,,,
node,2660458342,HUE,Hue,Vườn Đào,Ẩm thực & Cafe,16.4723341,107.5809207,,Ẩm thực: vietnamese.,,,,vietnamese,True,cafe,,,,
node,2835672457,HUE,Hue,Hanh Dat,Khách sạn & Lưu trú,16.4727268,107.6004428,,,,,,,False,,,,,
node,2899189013,HUE,Hue,Tử Cấm Thành,Di tích & Lịch sử,16.4694914,107.577755,,,,,,,False,,,,,
node,2984199038,HUE,Hue,Binh Duong 1,Khách sạn & Lưu trú,16.464486,107.592743,,,,,,,False,,,,,
node,2985405233,HUE,Hue,Festival,Khách sạn & Lưu trú,16.460492,107.591433,,,,,,,False,,,,,
node,2985451133,HUE,Hue,Sông Xanh,Ẩm thực & Cafe,16.4724198,107.5957571,,,,,,,True,cafe,,,,
node,2985540733,HUE,Hue,La Boulangerie Francaise,Ẩm thực & Cafe,16.4653095,107.5933237,"46 Nguyễn Tri Phương, Hue",Có Wifi.,0543837437,http://www.laboulangeriefrancaise.org,,,True,cafe,,,,
node,2985542433,HUE,Hue,Phu An,Khách sạn & Lưu trú,16.4651701,107.5932199,,,,,,,False,,,,,
node,2985542434,HUE,Hue,Duy Tan,Khách sạn & Lưu trú,16.465141,107.592072,,,,,,,False,,,,,
node,2985559534,HUE,Hue,Chợ Phú Bài,Mua sắm & Chợ,16.408181,107.6779,,,,,,,True,traditional_market,,,,
node,2990958977,HUE,Hue,Canary Boutique Hotel,Khách sạn & Lưu trú,16.4715538,107.5974083,"8/43 Nguyễn Công Trứ, Hue",,,,,,False,,,,,
node,3062639748,HUE,Hue,Mr Ken Coffee,Ẩm thực & Cafe,16.4779022,107.5779778,,Ẩm thực: regional.,,,,regional,True,cafe,,,,
node,3062718015,HUE,Hue,Holiday Diamond Hotel,Khách sạn & Lưu trú,16.4714494,107.5954258,,,,,,,False,,,,,
node,3307229661,HUE,Hue,Risotto Restaurant,Ẩm thực & Cafe,16.4719303,107.5955931,14 Nguyen Cong Tru,"Ẩm thực: vietnamese, italian. Có Wifi.",,,,"vietnamese, italian",True,restaurant,,,,
node,3319583928,HUE,Hue,Y Thao Garden Restaurant,Ẩm thực & Cafe,16.4682813,107.5674988,3 Thạch Hãn,Ẩm thực: regional.,0543523018,,,regional,True,restaurant,,,,
node,3498773523,HUE,Hue,Stop & Go Café,Ẩm thực & Cafe,16.466711,107.5913649,"3 Hùng Vương, Hue",,,https://stopandgo-hue.com/,,,True,restaurant,,,,
node,3561439983,HUE,Hue,Vina Hotel Hue,Khách sạn & Lưu trú,16.4714312,107.5973016,"57 Nguyễn Công Trứ, Hue Thua Thien-Hue, Hue Thua Thien-Hue",,,,,,False,,,,,
node,3564728889,HUE,Hue,Coopmart,Mua sắm & Chợ,16.4710959,107.5878041,,Giờ mở cửa: Mo-Su 08:00-22:00.,,,Mo-Su 08:00-22:00,,False,,,,,
node,3681631725,HUE,Hue,Thanh An,Khách sạn & Lưu trú,16.463126,107.589712,"Ngô Quyền, Hue",Có Wifi.,,,,,False,,,,,
node,3712349278,HUE,Hue,Zone 7 Coffee & Restaurant,Ẩm thực & Cafe,16.4604307,107.598596,"01 Phong Châu, Phú Hội, Huế",Ẩm thực: coffee_shop. Giờ mở cửa: 06:00-23:00. Có Wifi.,0905770899,,06:00-23:00,coffee_shop,True,cafe,,,,
node,3733225092,HUE,Hue,Hong Thien 1 Hotel,Khách sạn & Lưu trú,16.4692111,107.5963379,"35/6 Chu Văn An, Phú Hội, thanh pho hue, Hue",Có Wifi.,0543947474,http://hongthienhotel.com/ht1/,,,False,,,,,
node,3758450148,HUE,Hue,Cà phê Cảnh Viên,Ẩm thực & Cafe,16.4906992,107.5738025,,,,,,,True,cafe,,,,
node,4006808431,HUE,Hue,Nhà Hàng Hương Trà 29',Ẩm thực & Cafe,16.5249174,107.4776425,"02 Trần Quốc Tuấn, Tứ Hạ, Thị xã Hương Trad, Thừa Thiên Huế",,,,,,True,restaurant,,,,
node,4119810589,HUE,Hue,Pallet Restaurant,Ẩm thực & Cafe,16.4646717,107.5929548,7/34 Nguyễn Tri Phương,Ẩm thực: vietnamese. Có Wifi.,,http://hr-hr.pchelplinebd.comwww.fb.me/palletspub#_=_,,vietnamese,True,restaurant,,,,
node,4148396689,HUE,Hue,Cherish Hotel,Khách sạn & Lưu trú,16.4644442,107.5948295,57 Bến Nghé,Có Wifi.,,,,,False,,,,,
node,4155356589,HUE,Hue,Khe Sanh Homestay,Khách sạn & Lưu trú,16.4712388,107.5976493,,,,,,,True,homestay_guesthouse,,,,
node,4156824589,HUE,Hue,Jade Hotel,Khách sạn & Lưu trú,16.4646678,107.593736,"43 Hung Vuong, Huế",,,,,,False,,,,,
node,4157403490,HUE,Hue,Bigben,Ẩm thực & Cafe,16.4648343,107.5925886,,,,,,,True,restaurant,,,,
node,4157428189,HUE,Hue,You & Me,Ẩm thực & Cafe,16.4663959,107.5927042,,,,,,,True,restaurant,,,,
node,4159017391,HUE,Hue,Guesthouse B&B,Khách sạn & Lưu trú,16.464793,107.5932735,,,,,,,True,homestay_guesthouse,,,,
node,4168522789,HUE,Hue,Lucky Homestay,Khách sạn & Lưu trú,16.4668146,107.5931679,46 Trần Cao Vân,Giờ mở cửa: 24/7. Có Wifi.,084966995732,,24/7,,True,homestay_guesthouse,,,,
node,4186879595,HUE,Hue,hue serene palace hotel,Khách sạn & Lưu trú,16.4703151,107.5972846,,,,,,,False,,,,,
node,4196392989,HUE,Hue,Thai Binh 2,Khách sạn & Lưu trú,16.4656206,107.5907885,"2 Lương Thế Vinh, Huế",Tiêu chuẩn: 2 sao.,,,,,False,,,,,
node,4196910690,HUE,Hue,Nhat Le Hotel,Khách sạn & Lưu trú,16.4648397,107.5911108,6A/34 Nguyễn Tri Phương,,,,,,False,,,,,
node,4220719090,HUE,Hue,Hangout Coffee & Bar,Ẩm thực & Cafe,16.465335,107.5933667,48 Nguyễn Tri Phương,"Ẩm thực: tea, vietnamese, italian_pizza, coffee_shop. Giờ mở cửa: Mo-Su 06:45-23:45. Có Wifi.",,https://www.facebook.com/HangoutCoffeeHue/,Mo-Su 06:45-23:45,"tea, vietnamese, italian_pizza, coffee_shop",True,cafe,,,,
node,4228100593,HUE,Hue,Cozy Hue Hotel,Khách sạn & Lưu trú,16.469913,107.5968544,,Có Wifi.,,,,,False,,,,,
node,4228230889,HUE,Hue,Oasis hostel,Khách sạn & Lưu trú,16.4694657,107.5937308,,,,,,,True,homestay_guesthouse,,,,
node,4233774189,HUE,Hue,Jade Hotel,Khách sạn & Lưu trú,16.4645423,107.5935062,43 Hùng Vương,Có Wifi.,,,,,False,,,,,
node,4246751228,HUE,Hue,Time cafe,Ẩm thực & Cafe,16.4642663,107.5873415,,,,,,,True,cafe,,,,
node,4247558393,HUE,Hue,Vọng cảnh,Khách sạn & Lưu trú,16.4645471,107.5940084,,,,,,,False,,,,,
node,4247628685,HUE,Hue,Bun bò huế,Ẩm thực & Cafe,16.4614108,107.5914474,,,,,,,True,restaurant,,,,
node,4260153090,HUE,Hue,Quán Chay Thanh Liễu,Ẩm thực & Cafe,16.4709169,107.5979611,50 Nguyễn Công Trứ,Ẩm thực: vietnamese. Có Wifi.,0782671049,,,vietnamese,True,restaurant,,,,
node,4267609389,HUE,Hue,The Hub,Ẩm thực & Cafe,16.4660251,107.5918083,,,,,,,True,restaurant,,,,
node,4273118340,HUE,Hue,Charming Hotel,Khách sạn & Lưu trú,16.4679947,107.5954077,17 Nguyễn Thái Học,Có Wifi.,,,,,False,,,,,
node,4273144690,HUE,Hue,Charming Hotel,Khách sạn & Lưu trú,16.4684097,107.5967146,17 Nguyễn Thái Học,,,,,,False,,,,,
node,4278085789,HUE,Hue,Cà Phê Win,Ẩm thực & Cafe,16.4140124,107.6713573,1009 Nguyễn Tất Thành,Có Wifi.,,,,,True,cafe,,,,
node,4309558789,HUE,Hue,Tropical Garden,Ẩm thực & Cafe,16.4696796,107.5953029,27 Chu Văn An,,,,,,True,restaurant,,,,
node,4311099491,HUE,Hue,Bien Khoi,Khách sạn & Lưu trú,16.4608688,107.5880247,,Có Wifi.,,,,,True,homestay_guesthouse,,,,
node,4325199800,HUE,Hue,Sline cafe,Ẩm thực & Cafe,16.4711606,107.5946481,Lê Lợi,Có Wifi.,,,,,True,cafe,,,,
node,4327577793,HUE,Hue,Freedom hostel,Khách sạn & Lưu trú,16.4688654,107.5967059,48/42 Kiệt 1 Nguyễn Công Trứ,Có Wifi.,0908966084,,,,True,homestay_guesthouse,,,,
node,4333483692,HUE,Hue,YoYo - Beer And Party,Ẩm thực & Cafe,16.45912,107.58907,Hai Bà Trưng,Có Wifi.,,,,,True,restaurant,,,,
node,4338298822,HUE,Hue,Moonlight Hotel,Khách sạn & Lưu trú,16.4695597,107.5940231,,,,https://www.moonlighthue.com/,,,False,,,,,
node,4340235168,HUE,Hue,Little Italy,Ẩm thực & Cafe,16.4680133,107.5955554,10 Nguyễn Thái Học,"Ẩm thực: pasta, italian, pizza. Giờ mở cửa: Mo-Su 07:00-23:00. Có Wifi.",002343864864,http://www.littleitalyhue.com,Mo-Su 07:00-23:00,"pasta, italian, pizza",True,restaurant,,,,
node,4340235291,HUE,Hue,Highlands Coffee,Ẩm thực & Cafe,16.4703621,107.5797343,,"Ẩm thực: coffee_shop, vietnamese. Chỗ ngồi ngoài trời.",,,,"coffee_shop, vietnamese",False,,,,,
node,4345407089,HUE,Hue,Amy Hostel Hue,Khách sạn & Lưu trú,16.4715829,107.595608,"05/14 Nguyễn Công Trứ, Phú Hội, Phú Hôi, Hue",Có Wifi.,0853831318,,,,True,homestay_guesthouse,,,,
node,4346043889,HUE,Hue,Thang Long Restaurant,Ẩm thực & Cafe,16.476891,107.6025013,,,,,,,True,restaurant,,,,
node,4347048182,HUE,Hue,Tinh Tâm Quán,Ẩm thực & Cafe,16.4782688,107.5749285,,,,,,,True,cafe,,,,
node,4348158153,HUE,Hue,restaurant bao bao,Ẩm thực & Cafe,16.473036,107.5834042,,,,,,,True,restaurant,,,,
node,4348159991,HUE,Hue,Vespa Café,Ẩm thực & Cafe,16.4709486,107.5972043,42/4 Nguyên Công Trú,Ẩm thực: vietnamese. Giờ mở cửa: Mo-Su 06:00-22:00. Có Wifi.,,https://www.foody.vn/hue/Vespa-cafe,Mo-Su 06:00-22:00,vietnamese,True,cafe,,,,
node,4351245889,HUE,Hue,Lick N Bite,Ẩm thực & Cafe,16.4639465,107.5913109,20 Nguyễn Tri Phương,Giờ mở cửa: Mo-Su 08:00-22:00.,0905333656,http://licknbite.com/,Mo-Su 08:00-22:00,,True,restaurant,,,,
node,4352151042,HUE,Hue,Hong Thien Backpackers Hotel,Khách sạn & Lưu trú,16.469176,107.5960492,"46 Chu Văn An, Phú Hội",,,,,,False,,,,,
node,4354994289,HUE,Hue,Hotel La Perle,Khách sạn & Lưu trú,16.4706787,107.5972255,,Có Wifi.,,,,,False,,,,,
node,4358988290,HUE,Hue,Jasmine,Khách sạn & Lưu trú,16.4702404,107.5947806,,,,,,,False,,,,,
node,4385807592,HUE,Hue,Vườn Phố Restaurant,Ẩm thực & Cafe,16.4625678,107.5908284,6A Lý Thường Kiệt,Giờ mở cửa: 24/7. Có Wifi.,0905770899,,24/7,,True,restaurant,,,,
node,4388518492,HUE,Hue,Tra That,Ẩm thực & Cafe,16.4583734,107.5611142,,Giờ mở cửa: Mo-Su 15:00-22:00.,,,Mo-Su 15:00-22:00,,True,cafe,,,,
node,4388564794,HUE,Hue,Ancient Hue Royal Gellery Cuisine,Ẩm thực & Cafe,16.4627169,107.5627879,104/47 Kim Long,Ẩm thực: vietnamese. Giờ mở cửa: Mo-Su 08:00-23:00. Có Wifi.,0543590901,https://www.ancienthue.com.vn/,Mo-Su 08:00-23:00,vietnamese,True,restaurant,,,,
node,4397071693,HUE,Hue,Serene Shining Hotel,Khách sạn & Lưu trú,16.4717426,107.5980074,5/57 Nguyễn Công Trứ,,,,,,False,,,,,
node,4398618192,HUE,Hue,Ancient Town Restaurant,Ẩm thực & Cafe,16.465907,107.5879838,,Giờ mở cửa: Mo-Su 15:00-23:00.,,,Mo-Su 15:00-23:00,,True,restaurant,,,,
node,4401153402,HUE,Hue,Hue spring bar,Ẩm thực & Cafe,16.4710808,107.5946923,Lê Lợi,,,,,,True,restaurant,,,,
node,4401169393,HUE,Hue,Cháo bò đạp đá,Ẩm thực & Cafe,16.4723682,107.5951333,5 Nguyễn Công Trứ,"Ẩm thực: vietnamese, local.",,,,"vietnamese, local",True,restaurant,,,,
node,4401172306,HUE,Hue,Huong Giang Hotel Resort & Spa,Khách sạn & Lưu trú,16.471645,107.5942339,Lê Lợi,,,,,,False,,,,,
node,4401294793,HUE,Hue,Nam Chau Hoi Quan,Ẩm thực & Cafe,16.461302,107.56779,,,,,,,True,restaurant,,,,
node,4402445689,HUE,Hue,Nhu Phu Hotel,Khách sạn & Lưu trú,16.469815,107.5950299,16 Chu Văn An,Có Wifi.,,,,,False,,,,,
node,4424691490,HUE,Hue,Lico Tea,Ẩm thực & Cafe,16.4642609,107.5750285,01 Nguyễn Trãi,Giờ mở cửa: 24/7. Có Wifi.,0905770899,,24/7,,True,cafe,,,,
node,4428556990,HUE,Hue,Hoa Viên,Ẩm thực & Cafe,16.468965,107.5955754,,,,,,,True,restaurant,,,,
node,4428886193,HUE,Hue,Môc Câm,Ẩm thực & Cafe,16.472504,107.595949,,,,,,,True,cafe,,,,
node,4430357690,HUE,Hue,Tượng đài Quan Thế Âm Bồ Tát,Điểm tham quan & Cảnh quan,16.3920792,107.5841879,,,,,,,False,,,,,
node,4443895667,HUE,Hue,Stop & Eat Family Restaurant,Ẩm thực & Cafe,16.4707919,107.5944076,,,,,,,True,restaurant,,,,
node,4462744193,HUE,Hue,Viet Village Bar and Restaurant,Ẩm thực & Cafe,16.4725451,107.597135,,Ẩm thực: vietnamese. Giờ mở cửa: Mo-Su 07:00-22:30. Có Wifi.,0905244619,,Mo-Su 07:00-22:30,vietnamese,True,restaurant,,,,
node,4465683489,HUE,Hue,Volga Hotel,Khách sạn & Lưu trú,16.4641908,107.5948233,78 Trần Quang Khải,,,,,,False,,,,,
node,4485096894,HUE,Hue,Bánh O Le (104/17/9 Kim Long Street),Ẩm thực & Cafe,16.4608181,107.5594911,,,,,,,True,restaurant,,,,
node,4485163689,HUE,Hue,Tai Phu Restaurant (Nem Lui),Ẩm thực & Cafe,16.4581678,107.5809316,,,,,,,True,restaurant,,,,
node,4490204089,HUE,Hue,Sunny B Hotel,Khách sạn & Lưu trú,16.4645542,107.5926544,,Có Wifi.,,,,,False,,,,,
node,4510879990,HUE,Hue,Tre Xanh **,Khách sạn & Lưu trú,16.4638576,107.5943077,61 Hùng Vương,Giờ mở cửa: 24/7. Có Wifi.,03828888,http://www.greenbamboohotel.com.vn,24/7,,False,,,,,
node,4511359692,HUE,Hue,Khách sạn Nhà hàng tiệc cưới Trúc Xanh,Khách sạn & Lưu trú,16.4569977,107.5578614,08 Nguyen Phuc Nguyen,Giờ mở cửa: 24/7. Có Wifi.,0543510999,http://www.greenbamboohotelhue.com/c167/s167-16/gioi-thieu-nha-hang-tiec-cuoi-truc-xanh.html,24/7,,False,,,,,
node,4514602389,HUE,Hue,Vu homestay,Khách sạn & Lưu trú,16.4198275,107.5696438,,Có Wifi.,,,,,True,homestay_guesthouse,,,,
node,4514856992,HUE,Hue,Vegetarian restaurant,Ẩm thực & Cafe,16.4806932,107.5809137,,,,,,,True,restaurant,,,,
node,4516490037,HUE,Hue,Tigon Hostel,Khách sạn & Lưu trú,16.4712237,107.595768,"3 Kiệt 67 Võ Thị Sáu, Hue Thua Thien-Hue, Phú Hôi, Hue Thua Thien-Hue",8 room with a large front yard. 24 bunk bed and 2 private double.,,,,,True,homestay_guesthouse,,,,
node,4524198889,HUE,Hue,Quan So I (Bun Bo Hue),Ẩm thực & Cafe,16.4618788,107.5909846,19 Lý Thường Kiệt,,,,,,True,restaurant,,,,
node,4526208991,HUE,Hue,Hùng Vuong inn,Ẩm thực & Cafe,16.4649092,107.5931681,20 Hùng Vương,"Ẩm thực: vietnamese, italian, international.",0543821068,,,"vietnamese, italian, international",True,restaurant,,,,
node,4528104790,HUE,Hue,Phúc Hung (Lu'u Hòa),Ẩm thực & Cafe,16.472372,107.5821353,,Ẩm thực: vietnamese.,,,,vietnamese,True,restaurant,,,,
node,4533492489,HUE,Hue,K-Mart,Mua sắm & Chợ,16.4670931,107.5946677,,,,,,,False,,,,,
node,4535222389,HUE,Hue,Nhà Nghỉ Glenda,Khách sạn & Lưu trú,16.4683593,107.5970671,21 Nguyễn Thái Học,Có Wifi.,,,,,True,homestay_guesthouse,,,,
node,4550335290,HUE,Hue,Dê' Mèn BBQ,Ẩm thực & Cafe,16.4661458,107.5997535,,Ẩm thực: asian.,,,,asian,True,restaurant,,,,
node,4554930289,HUE,Hue,Tài phú,Ẩm thực & Cafe,16.4579389,107.5806237,2-4 Điện Biên Phủ,Ẩm thực: vietnamese. Có Wifi.,0913425165,,,vietnamese,True,restaurant,,,,
node,4555464591,HUE,Hue,Điềm Phùng Thį,Văn hóa & Nghệ thuật,16.4578346,107.5842155,,,,,,,False,,,,,
node,4555491489,HUE,Hue,Tượng đài Phan Bội Châu,Di tích & Lịch sử,16.46715,107.5898061,,,,,,,False,,,,,
node,4568167430,HUE,Hue,Nook Cafe & Bar,Ẩm thực & Cafe,16.4645516,107.5928063,"7 / 34;7 Kiệt 34, Hue","Nook Cafe is a cozy funky hangout where you can enjoy a delicious breakfast, lunch or dinner as well as super fresh smoothies & pressed juices. Serving vietnamese specialities & great burgers too. Full bar and free wifi. | Ẩm thực: regional, burger, sandwich, breakfast, crepe, tea, local, coffee_shop, noodles, pancake, diner, vietnamese, curry. Giờ mở cửa: Mo-Su 08:00-23:00.",,https://www.facebook.com/nookcafebarhue,Mo-Su 08:00-23:00,"regional, burger, sandwich, breakfast, crepe, tea, local, coffee_shop, noodles, pancake, diner, vietnamese, curry",True,cafe,,,,
node,4581255592,HUE,Hue,Hải Yến,Mua sắm & Chợ,16.4607806,107.6021726,36 Nguyễn Hữu Thoj,,0914426203,,,,False,,,,,
node,4588452591,HUE,Hue,Shiva Shakti,Ẩm thực & Cafe,16.4688191,107.595239,,Ẩm thực: indian.,,,,indian,True,restaurant,,,,
node,4634514389,HUE,Hue,Quán Chay Thanh Liễu,Ẩm thực & Cafe,16.4709827,107.5977764,50 Nguyễn Công Trứ,Ẩm thực: vietnamese. Có Wifi.,,,,vietnamese,True,restaurant,,,,
node,4646235189,HUE,Hue,nhà Na,Khách sạn & Lưu trú,16.5070861,107.6015127,,,,,,,True,homestay_guesthouse,,,,
node,4658642390,HUE,Hue,Đức Phát,Ẩm thực & Cafe,16.4718189,107.5962643,27 Nguyễn Công Trứ,"Ẩm thực: vietnamese, local.",01269902222,,,"vietnamese, local",True,restaurant,,,,
node,4658714790,HUE,Hue,Ding tea,Ẩm thực & Cafe,16.4670712,107.599563,67 Bà Triệu,"Ẩm thực: tea, coffee_shop.",,,,"tea, coffee_shop",True,cafe,,,,
node,4663067195,HUE,Hue,Nha nghi,Khách sạn & Lưu trú,16.3708393,107.7237032,,Có Wifi.,,,,,True,homestay_guesthouse,,,,
node,4666728590,HUE,Hue,Nhat Le Hotel,Khách sạn & Lưu trú,16.4641867,107.5926369,6 Nguyễn Tri Phương,Có Wifi.,,,,,False,,,,,
node,4680945995,HUE,Hue,Elegant Restaurant,Ẩm thực & Cafe,16.4690675,107.5954577,,,,,,,True,restaurant,,,,
node,4680982891,HUE,Hue,Cococlub,Ẩm thực & Cafe,16.4535676,107.5903023,63 Hàm Nghi,Giờ mở cửa: Mo-Su 06:30-22:30. Có Wifi.,,,Mo-Su 06:30-22:30,,True,restaurant,,,,
node,4685166389,HUE,Hue,Hanh Ni,Khách sạn & Lưu trú,16.3881371,107.7035397,,,,,,,True,homestay_guesthouse,,,,
node,4690304690,HUE,Hue,K2,Ẩm thực & Cafe,16.4680808,107.596375,,,,,,,True,cafe,,,,
node,4691674989,HUE,Hue,Nhi's,Ẩm thực & Cafe,16.4677403,107.5744817,Nguyễn Thiện Thuật,"Ẩm thực: crepe, sandwich, pizza. Có Wifi.",,,,"crepe, sandwich, pizza",True,cafe,,,,
node,4693154298,HUE,Hue,Quán Hạnh,Ẩm thực & Cafe,16.4662679,107.5951097,11 Phó Đức Chính,Ẩm thực: vietnamese.,,,,vietnamese,True,restaurant,,,,
node,4695350689,HUE,Hue,Les garden,Ẩm thực & Cafe,16.4695158,107.5942002,,"Ẩm thực: vietnamese, italian_pizza, burger. Có Wifi.",,,,"vietnamese, italian_pizza, burger",True,restaurant,,,,
node,4709553789,HUE,Hue,The One Coffee & Bakery,Ẩm thực & Cafe,16.4687159,107.5777393,,Chỗ ngồi ngoài trời.,,,,,True,cafe,,,,
node,4709966189,HUE,Hue,The Times Hotel,Khách sạn & Lưu trú,16.4690384,107.5968038,,Có Wifi.,,http://thetimeshotels.com,,,False,,,,,
node,4729199352,HUE,Hue,Anh Nguyen Tat Thanh,Di tích & Lịch sử,16.4678206,107.5912729,,,,,,,False,,,,,
node,4729215416,HUE,Hue,Vina Center Hotel,Khách sạn & Lưu trú,16.4720038,107.5957532,"11b Nguyễn Công Trứ, Huế",,,,,,False,,,,,
node,4741643641,HUE,Hue,Cay Doa,Ẩm thực & Cafe,16.4691602,107.5965135,,"Ẩm thực: vietnamese, local, coffee_shop, asian. Giờ mở cửa: Mo-Su 11:00-21:30.",,,Mo-Su 11:00-21:30,"vietnamese, local, coffee_shop, asian",True,restaurant,,,,
node,4761370622,HUE,Hue,Nhà văn hóa trung tâm Thành Phố,Văn hóa & Nghệ thuật,16.4691246,107.5855707,"Trần Hưng Đạo, Phú Hòa, Huế",,,,,,False,,,,,
node,4764017924,HUE,Hue,Hallo Bubble Tea Coffee,Ẩm thực & Cafe,16.4606334,107.5890977,Hai Bà Trưng,"Ẩm thực: coffee_shop, tea. Giờ mở cửa: Mo-Su 09:00-21:00. Có Wifi.",,,Mo-Su 09:00-21:00,"coffee_shop, tea",True,cafe,,,,
node,4771406927,HUE,Hue,Duc Tai Guesthouse,Khách sạn & Lưu trú,16.4617863,107.5885643,,,,,,,True,homestay_guesthouse,,,,
node,4774095028,HUE,Hue,Sharedorm,Khách sạn & Lưu trú,16.4709976,107.5982005,57 Kiệt 2 Nguyễn Công Trứ,Có Wifi.,0543894546,,,,True,homestay_guesthouse,,,,
node,4787323821,HUE,Hue,Tipsy pub n' bistro,Ẩm thực & Cafe,16.4696502,107.5940227,,Ẩm thực: vietnamese.,,,,vietnamese,True,restaurant,,,,
node,4791640321,HUE,Hue,Sông Trăng,Ẩm thực & Cafe,16.3943768,107.5776022,,,,,,,True,cafe,,,,
node,4791640322,HUE,Hue,Tô Quôc Ghi Công,Di tích & Lịch sử,16.3962863,107.5887,,,,,,,False,,,,,
node,4791836724,HUE,Hue,My family,Văn hóa & Nghệ thuật,16.4498807,107.5877128,,,,,,,False,,,,,
node,4794363124,HUE,Hue,Tao Xanh 2,Ẩm thực & Cafe,16.4655791,107.5915362,,,,,,,True,restaurant,,,,
node,4794363322,HUE,Hue,Banana Mango,Ẩm thực & Cafe,16.4720968,107.5949111,,,,,,,True,restaurant,,,,
node,4802932122,HUE,Hue,Quán 42,Ẩm thực & Cafe,16.4523059,107.5869134,,,,,,,True,restaurant,,,,
node,4829990622,HUE,Hue,Shark Homestay,Khách sạn & Lưu trú,16.4705277,107.5964501,,Có Wifi.,,,,,False,,,,,
node,4836391621,HUE,Hue,Lạc Thiện,Ẩm thực & Cafe,16.4687306,107.5851255,6 Đinh Tiên Hoàng,Ẩm thực: vietnamese.,,,,vietnamese,True,restaurant,,,,
node,4857190228,HUE,Hue,Cay Coffee,Ẩm thực & Cafe,16.4704851,107.5961272,,Có Wifi.,,,,,True,cafe,,,,
node,4865957121,HUE,Hue,Bonjour Hostel,Khách sạn & Lưu trú,16.4707164,107.5957357,1/67 Võ Thị Sáu,,,,,,True,homestay_guesthouse,,,,
node,4871665222,HUE,Hue,C.O.C.,Ẩm thực & Cafe,16.4647214,107.589308,,Có Wifi.,,,,,True,cafe,,,,
node,4874131122,HUE,Hue,Tam Tinh Vien homestay,Khách sạn & Lưu trú,16.451293,107.5290069,,Có Wifi.,0914019983,,,,True,homestay_guesthouse,,,,
node,4874131222,HUE,Hue,Bún bò bà Nga,Ẩm thực & Cafe,16.4779879,107.5833758,105 Xuân 68,,,,,,True,restaurant,,,,
node,4898752030,HUE,Hue,Nice's Coffee Shop,Ẩm thực & Cafe,16.4607006,107.589324,27 Hai Bà Trưng,Ẩm thực: coffee_shop. Giờ mở cửa: Mo-Su 06:00-22:00. Có Wifi.,0935564556,https://m.facebook.com/karaokenicehue.com.vn/?ref=bookmarks,Mo-Su 06:00-22:00,coffee_shop,True,cafe,,,,
node,4933612221,HUE,Hue,Huyền An,Ẩm thực & Cafe,16.45762,107.5592502,,,,,,,True,restaurant,,,,
node,4973805223,HUE,Hue,Nhà Tôn Thất Quyền (Bạn Cấp 3),Khách sạn & Lưu trú,16.4745331,107.599111,,,,,,,True,homestay_guesthouse,,,,
node,4973805224,HUE,Hue,Nhà C Trần Hoài Nhi,Khách sạn & Lưu trú,16.479319,107.5771025,,,,,,,True,homestay_guesthouse,,,,
node,4973805427,HUE,Hue,Nhà Gia Huân (Bạn Cấp 3),Khách sạn & Lưu trú,16.476894,107.5958028,,,,,,,True,homestay_guesthouse,,,,
node,4987589722,HUE,Hue,Không gian nuóc,Ẩm thực & Cafe,16.4692411,107.5969142,Kiệt 1 Nguyễn Công Trứ,Có Wifi.,,,,,True,restaurant,,,,
node,5022417023,HUE,Hue,Phong Lan Guesthouse,Khách sạn & Lưu trú,16.4701157,107.5942259,12/66 Lê Lợi,Có Wifi.,0543826255,,,,False,,,,,
node,5026315321,HUE,Hue,La Pines,Ẩm thực & Cafe,16.4300878,107.5793025,,,,,,,True,restaurant,,,,
node,5030185321,HUE,Hue,CHÈ HUẾ THẢO TRÂM,Ẩm thực & Cafe,16.5238663,107.4781142,68 Cách Mạng Tháng 8,"Ẩm thực: vietnamese, cake, local. Giờ mở cửa: 24/7. Có Wifi.",01262672789,,24/7,"vietnamese, cake, local",True,restaurant,,,,
node,5031392825,HUE,Hue,bánh canh nam phổ,Ẩm thực & Cafe,16.4664372,107.5892082,,,,,,,True,restaurant,,,,
node,5031395029,HUE,Hue,Hàng me mẹ,Ẩm thực & Cafe,16.470121,107.5960412,,,,,,,True,restaurant,,,,
node,5036103423,HUE,Hue,Tịnh gia viên cung đìn,Ẩm thực & Cafe,16.4727764,107.5839219,,,,,,,True,restaurant,,,,
node,5036105022,HUE,Hue,mua sen tịnh tâm,Ẩm thực & Cafe,16.4753644,107.5797315,,,,,,,True,restaurant,,,,
node,5061569321,HUE,Hue,Kinh Do,Khách sạn & Lưu trú,16.4686966,107.5953464,,,,,,,False,,,,,
node,5063048921,HUE,Hue,Kinh Do,Khách sạn & Lưu trú,16.4682934,107.5951323,,,,,,,False,,,,,
node,5107262426,HUE,Hue,phở bò,Ẩm thực & Cafe,16.4551962,107.6005608,,,,,,,True,restaurant,,,,
node,5141997721,HUE,Hue,Bee Coffee,Ẩm thực & Cafe,16.4749162,107.5800435,137 Mai Thúc Loan,Ẩm thực: coffee_shop. Giờ mở cửa: Mo-Su 06:00-22:30. Có Wifi.,,,Mo-Su 06:00-22:30,coffee_shop,True,cafe,,,,
node,5166815324,HUE,Hue,sương sa dừa,Ẩm thực & Cafe,16.4746487,107.5788191,,,,,,,True,restaurant,,,,
node,5172926921,HUE,Hue,Brick Café,Ẩm thực & Cafe,16.4716533,107.5962789,22 Nguyễn Công Trứ,Ẩm thực: coffee_shop. Có Wifi.,0905882427,http://facebook.com/brickpub.hue,,coffee_shop,True,restaurant,,,,
node,5175808704,HUE,Hue,NewLife Homestay,Khách sạn & Lưu trú,16.4693394,107.5963623,"35/10 Chu Văn An, Hue",Giờ mở cửa: 24/7. Có Wifi.,0935068547,http://www.NewLifeHomestay.com,24/7,,True,homestay_guesthouse,,,,
node,5175813321,HUE,Hue,Cuoc Song Moi Homestay,Khách sạn & Lưu trú,16.4704096,107.5967794,35/10 Chu Văn An,Có Wifi.,0935068547,http://nelifehomestay.com,,,True,homestay_guesthouse,,,,
node,5181434525,HUE,Hue,ngoc binh,Khách sạn & Lưu trú,16.4643603,107.5927428,,,,,,,False,,,,,
node,5182931945,HUE,Hue,Hoàng Thành Huế,Di tích & Lịch sử,16.4689726,107.5781266,"23 Tháng 8, Huế",Giờ mở cửa: Mo-Sa 07:30-17:30; Su 06:30-17:30.,,,Mo-Sa 07:30-17:30; Su 06:30-17:30,,False,,,,,
node,5190502621,HUE,Hue,Nem lụi,Ẩm thực & Cafe,16.4771898,107.5837373,,"Ẩm thực: vietnamese, barbecue.",,,,"vietnamese, barbecue",True,restaurant,,,,
node,5205601723,HUE,Hue,Nhà Hàng An Phước,Ẩm thực & Cafe,16.4717973,107.5964714,,,,,,,True,restaurant,,,,
node,5235986722,HUE,Hue,Romanhotel,Văn hóa & Nghệ thuật,16.4753855,107.5952599,,,,,,,False,,,,,
node,5236702765,HUE,Hue,Khong Gian Xua,Ẩm thực & Cafe,16.4297693,107.5791375,98 Minh Mang,,0543836788,https://khonggianxuahue.com.vn/,,,True,restaurant,,,,
node,5243743124,HUE,Hue,Madam Thu,Ẩm thực & Cafe,16.4698038,107.5957839,45 Võ Thị Sáu,Ẩm thực: vietnamese. Giờ mở cửa: Mo-Su 08:00-22:00.,,https://madamthu.com/,Mo-Su 08:00-22:00,vietnamese,True,restaurant,,,,
node,5243749623,HUE,Hue,Everhome,Khách sạn & Lưu trú,16.4627039,107.5994786,,,,,,,True,homestay_guesthouse,,,,
node,5267312123,HUE,Hue,Healing the Wounded Heart Shop,Mua sắm & Chợ,16.4686315,107.5949926,23 Võ Thị Sáu,,,,,,True,craft_gift_shop,,,,
node,5267314021,HUE,Hue,Light Room Kafe,Ẩm thực & Cafe,16.4614165,107.5890654,16L Hai Bà Trưng,"Ẩm thực: sandwich, donut, ice_cream, coffee_shop, breakfast, pancake, cake, tea. Giờ mở cửa: 06:30-22:00. Có Wifi.",,,06:30-22:00,"sandwich, donut, ice_cream, coffee_shop, breakfast, pancake, cake, tea",True,cafe,,,,
node,5267319122,HUE,Hue,Tinh Hoa Art Shop,Mua sắm & Chợ,16.4691657,107.5955411,6B Võ Thị Sáu,,,,,,True,craft_gift_shop,,,,
node,5285144421,HUE,Hue,Mr. Pho - Pho Café,Ẩm thực & Cafe,16.4568846,107.5779154,35 Bùi Thị Xuân,"Ẩm thực: sandwich, regional, breakfast, sausage, tea, coffee_shop, local, noodles, chicken, vietnamese. Giờ mở cửa: Mo-Su 06:00-18:00. Có Wifi.",0905483645,,Mo-Su 06:00-18:00,"sandwich, regional, breakfast, sausage, tea, coffee_shop, local, noodles, chicken, vietnamese",True,cafe,,,,
node,5291054227,HUE,Hue,Bac Khuyet Dai,Điểm tham quan & Cảnh quan,16.4719956,107.5758125,,,,,,,False,,,,,
node,5292709022,HUE,Hue,Phổ Hà Nội,Ẩm thực & Cafe,16.4680888,107.5970272,,Ẩm thực: vietnamese.,,,,vietnamese,True,restaurant,,,,
node,5295611823,HUE,Hue,Chợ Thanh Toàn,Mua sắm & Chợ,16.4662802,107.6429665,,,,,,,True,traditional_market,,,,
node,5295611830,HUE,Hue,Boi Lang,Điểm tham quan & Cảnh quan,16.4342482,107.5666428,,,,,,,False,,,,,
node,5299153024,HUE,Hue,Chè Thái Trang Trang,Ẩm thực & Cafe,16.4565027,107.5905932,"99 Phan Đình Phùng, Phú Nhuận, Huế","Chè Thái Trang Trang 99 Phan Đình Phùng Huế,Chè Thái Đà Nẵng, Trang Trang, che thai ngon o hue, ship che thai o hue, che dua dam o hue, ship che dua dam o hue, kem bo ngon, đến huế an gì, mon ngon xứ huế, delivery, foody huế, grap huế,Hue An Vat, Ăn Vặt | Ẩm thực: thai, coffee_shop, regional, burger, kebab. Giờ mở cửa: 24/7. Có Wifi. Chỗ ngồi ngoài trời.",0905876376,https://chethaitrangtrang.blogspot.com,24/7,"thai, coffee_shop, regional, burger, kebab",True,restaurant,,,,
node,5299153429,HUE,Hue,Quoc Hoc,Di tích & Lịch sử,16.4609446,107.5825343,,,,,,,False,,,,,
node,5304835025,HUE,Hue,Bách Hóa Bà Hiền,Mua sắm & Chợ,16.4548331,107.5869218,27 Nguyễn Trường Tộ,Giờ mở cửa: Mo-Su 06:00-23:30.,02343821591,,Mo-Su 06:00-23:30,,False,,,,,
node,5305945821,HUE,Hue,Cà phê Hèo,Ẩm thực & Cafe,16.4650663,107.588998,30 Trương Định,"Ẩm thực: tea, coffee_shop. Giờ mở cửa: Mo-Su 06:30-22:00. Có Wifi.",,,Mo-Su 06:30-22:00,"tea, coffee_shop",True,cafe,,,,
node,5322282121,HUE,Hue,Spiral Foundation,Mua sắm & Chợ,16.4686119,107.5951951,23 Võ Thị Sáu,"Giờ mở cửa: Mo-Su 08:00-11:30, 14:00-22:00.",,,"Mo-Su 08:00-11:30, 14:00-22:00",,True,craft_gift_shop,,,,
node,5323669423,HUE,Hue,Chợ Cống,Mua sắm & Chợ,16.4701276,107.5993973,,Giờ mở cửa: Mo-Su 05:00-21:00.,,,Mo-Su 05:00-21:00,,True,traditional_market,,,,
node,5323683221,HUE,Hue,Cầu Vĩ Dạ,Điểm tham quan & Cảnh quan,16.4714657,107.5997497,,,,,,,False,,,,,
node,5326790724,HUE,Hue,To Quoc Ghi Cong,Điểm tham quan & Cảnh quan,16.4725391,107.6419051,,,,,,,False,,,,,
node,5326790725,HUE,Hue,Cau Thuy Van,Điểm tham quan & Cảnh quan,16.4824922,107.6040878,,,,,,,False,,,,,
node,5326790726,HUE,Hue,Cau Van Duong,Điểm tham quan & Cảnh quan,16.4741464,107.6078971,,,,,,,False,,,,,
node,5326810021,HUE,Hue,Cau Chau Son,Điểm tham quan & Cảnh quan,16.4183309,107.6536678,,,,,,,False,,,,,
node,5327180521,HUE,Hue,Ibiza Guest House,Khách sạn & Lưu trú,16.4687891,107.5967069,"52/42 Nguyễn Công Trứ, Phú Hội, Huế",Cách trung tâm thành phố vài phút đi bộ | Giờ mở cửa: 24/7. Có Wifi. Tiêu chuẩn: 1 sao.,0944301268,http://ibiza-guest-house-vn.book.direct;http://Facebook.com/ibizaguesthousehue,24/7,,True,homestay_guesthouse,,,,
node,5340631223,HUE,Hue,FA Backpacker Hostel,Khách sạn & Lưu trú,16.4683796,107.596834,,Giờ mở cửa: 24/7. Có Wifi.,,,24/7,,True,homestay_guesthouse,,,,
node,5340643222,HUE,Hue,Rose 2,Ẩm thực & Cafe,16.4705802,107.5947967,,Ẩm thực: vietnamese. Có Wifi.,,,,vietnamese,True,restaurant,,,,
node,5358688722,HUE,Hue,Friends Coffee,Ẩm thực & Cafe,16.4712804,107.5717899,,,,,,,True,cafe,,,,
node,5360601621,HUE,Hue,Café Ba gian,Ẩm thực & Cafe,16.4694479,107.5731893,,Ẩm thực: coffee_shop. Có Wifi.,,,,coffee_shop,True,cafe,,,,
node,5380958122,HUE,Hue,Home Hotel,Khách sạn & Lưu trú,16.472055,107.5952904,08 Nguyễn Công Trứ,Giờ mở cửa: 24/7. Có Wifi.,0905770997,http://huehomehotel.com,24/7,,False,,,,,
node,5380973122,HUE,Hue,Lạc Thanh,Ẩm thực & Cafe,16.4686511,107.5851849,6A Đinh Tiên Hoàng,Ẩm thực: vietnamese.,,,,vietnamese,True,restaurant,,,,
node,5382938423,HUE,Hue,Family Home Restaurant,Ẩm thực & Cafe,16.4646069,107.5927158,"11/34 Nguyễn Tri Phương, Hue","Ẩm thực: international, vietnamese, asian. Giờ mở cửa: Mo-Su 08:00-22:00. Có Wifi.",02343820668,,Mo-Su 08:00-22:00,"international, vietnamese, asian",True,restaurant,,,,
node,5404842021,HUE,Hue,Quan Phuong Trinh,Ẩm thực & Cafe,16.4649601,107.5925679,,,,,,,True,restaurant,,,,
node,5419179821,HUE,Hue,Queen homestay,Khách sạn & Lưu trú,16.4645238,107.5945138,,,,,,,True,homestay_guesthouse,,,,
node,5422190826,HUE,Hue,Villa Louise,Khách sạn & Lưu trú,16.5454505,107.6771465,Beach Road,Có Wifi.,0917673656,http://www.villalouisehue.com,,,False,,,,,
node,5426403422,HUE,Hue,Thanh An 2 Guesthouse,Khách sạn & Lưu trú,16.4615161,107.5888263,,,,,,,True,homestay_guesthouse,,,,
node,5451218421,HUE,Hue,Nhà Nghí Ánh Xuân,Khách sạn & Lưu trú,16.4610798,107.5882636,,,,,,,True,homestay_guesthouse,,,,
node,5458682523,HUE,Hue,Ninh Tam,Khách sạn & Lưu trú,16.4703259,107.5952483,,,01684391541,,,,True,homestay_guesthouse,,,,
node,5470043170,HUE,Hue,Café Bonsai,Ẩm thực & Cafe,16.4690852,107.5846757,30 Dinh Tien Hoang,,,,,,True,cafe,,,,
node,5471972921,HUE,Hue,o thong,Ẩm thực & Cafe,16.4729622,107.5888344,,,,,,,True,restaurant,,,,
node,5472384940,HUE,Hue,Nhà Hàng Đầm Chuồn Hương Quán,Ẩm thực & Cafe,16.5181502,107.6444581,,,,,,,True,restaurant,,,,
node,5473350022,HUE,Hue,bún bò hué bà gái,Ẩm thực & Cafe,16.4638869,107.5895163,,,,,,,True,restaurant,,,,
node,5475291321,HUE,Hue,Thien Minh,Ẩm thực & Cafe,16.4572029,107.5806975,,,,,,,True,restaurant,,,,
node,5476715223,HUE,Hue,EcoLodge,Khách sạn & Lưu trú,16.438267,107.5341492,,,,,,,False,,,,,
node,5477737021,HUE,Hue,Palm Coffee,Ẩm thực & Cafe,16.4708154,107.5812715,2 Đoàn Thị Điểm,"Ẩm thực: tea, coffee_shop. Có Wifi.",0967302303,,,"tea, coffee_shop",True,cafe,,,,
node,5479538721,HUE,Hue,Lúm Đồng Tiền,Khách sạn & Lưu trú,16.4610555,107.5881174,,Có Wifi.,02343839109,,,,False,,,,,
node,5480405722,HUE,Hue,Quán Dê Phú Quý,Ẩm thực & Cafe,16.4359774,107.5773766,,,,,,,True,restaurant,,,,
node,5483805522,HUE,Hue,Amy 2 Hostel,Khách sạn & Lưu trú,16.4702131,107.5965827,10 26 Võ Thị Sáu,,,,,,True,homestay_guesthouse,,,,
node,5483839926,HUE,Hue,Nhà Nghỉ Thiên Thuỷ Motel,Khách sạn & Lưu trú,16.4085226,107.6771219,,Có Wifi.,,,,,False,,,,,
node,5493925722,HUE,Hue,Có Phōng,Ẩm thực & Cafe,16.4701028,107.5998524,,,,,,,True,restaurant,,,,
node,5498954121,HUE,Hue,2K Coffee,Ẩm thực & Cafe,16.4745681,107.5793465,,Có Wifi.,,,,,True,cafe,,,,
node,5498954321,HUE,Hue,Café 116,Ẩm thực & Cafe,16.4741841,107.5729446,,,,,,,True,cafe,,,,
node,5519781723,HUE,Hue,Cóm Âm Phù,Ẩm thực & Cafe,16.4680325,107.5986418,,,,,,,True,restaurant,,,,
node,5600057022,HUE,Hue,quán phở thanh,Ẩm thực & Cafe,16.4680683,107.5965751,,,,,,,True,restaurant,,,,
node,5616925428,HUE,Hue,Bùi A Són,Ẩm thực & Cafe,16.4753883,107.5804676,164 Mai Thúc Loan,,,,,,True,restaurant,,,,
node,5643214321,HUE,Hue,COM TAM DAN DA,Ẩm thực & Cafe,16.4645632,107.594753,,"Ẩm thực: vietnamese, barbecue.",,,,"vietnamese, barbecue",True,restaurant,,,,
node,5643681732,HUE,Hue,Than Thien - Friendly Hotel,Khách sạn & Lưu trú,16.4720275,107.5953917,10 Nguyễn Công Trứ,Có Wifi.,,https://thanthienhotel.com.vn/,,,False,,,,,
node,5678638724,HUE,Hue,Mì Ốp La Hẻm 33,Ẩm thực & Cafe,16.4657804,107.5981189,3/27 Lê Quý Đôn,Ẩm thực: vietnamese. Giờ mở cửa: Mo-Su 06:00-12:00.,,,Mo-Su 06:00-12:00,vietnamese,True,restaurant,,,,
node,5699311648,HUE,Hue,Vịt gà nướng và gỏi chân gà,Ẩm thực & Cafe,16.4755598,107.5812549,,,,,,,True,restaurant,,,,
node,5704854324,HUE,Hue,"Quán Hương Đồng, Thủy Phương, Hương Thủy, Thừa Thiên Huế",Ẩm thực & Cafe,16.4588464,107.6249155,,,,,,,True,restaurant,,,,
node,5715165628,HUE,Hue,Hủ Tiếu,Ẩm thực & Cafe,16.4523103,107.5993992,,,,,,,True,restaurant,,,,
node,5750474822,HUE,Hue,Cộng Cà Phê,Ẩm thực & Cafe,16.4660102,107.5945304,,"Ẩm thực: coffee_shop, vietnamese. Giờ mở cửa: Mo-Su 07:00-23:30.",,,Mo-Su 07:00-23:30,"coffee_shop, vietnamese",False,,,,,
node,5777226054,HUE,Hue,The Ka - coffee & milktea,Ẩm thực & Cafe,16.4654627,107.5944655,,"Ẩm thực: tea, coffee_shop. Có Wifi.",,,,"tea, coffee_shop",True,cafe,,,,
node,5778882954,HUE,Hue,Thiên Nhân,Ẩm thực & Cafe,16.4547166,107.58086,46 Điện Biên Phủ,Ẩm thực: vietnamese.,02343821874,,,vietnamese,True,restaurant,,,,
node,5779366253,HUE,Hue,Royal Crest Hotel,Khách sạn & Lưu trú,16.4756542,107.5959418,,Có Wifi.,,http://royalcresthotelhue.com,,,False,,,,,
node,5809806153,HUE,Hue,Shinosushi,Ẩm thực & Cafe,16.4772377,107.5954826,,"Giờ mở cửa: Mo-Su 10:00-16:00, 21:30-21:30. Có Wifi.",,,"Mo-Su 10:00-16:00, 21:30-21:30",,True,restaurant,,,,
node,5841077608,HUE,Hue,Đại Cung Môn,Di tích & Lịch sử,16.4691166,107.5780681,,,,,,,False,,,,,
node,5841558900,HUE,Hue,Vạc đồng,Văn hóa & Nghệ thuật,16.4690844,107.5779533,,,,,,,False,,,,,
node,5841558901,HUE,Hue,Vạc đồng,Văn hóa & Nghệ thuật,16.469204,107.5781398,,,,,,,False,,,,,
node,5903915885,HUE,Hue,Huế Amazing Easy Rider and Homestay,Khách sạn & Lưu trú,16.4717424,107.609813,183/1C Nguyễn Lộ Trạch,Giờ mở cửa: 24/7. Có Wifi.,0912630219,,24/7,,True,homestay_guesthouse,,,,
node,5922561616,HUE,Hue,La Gare Bistro,Ẩm thực & Cafe,16.4563755,107.5805162,,Có Wifi. Chỗ ngồi ngoài trời.,,,,,True,cafe,,,,
node,5922561617,HUE,Hue,Tokyo BBQ & Sushi,Ẩm thực & Cafe,16.4684034,107.5949654,,Ẩm thực: japanese. Có Wifi. Chỗ ngồi ngoài trời.,,,,japanese,True,restaurant,,,,
node,5942230788,HUE,Hue,Quán ăn Huế,Ẩm thực & Cafe,16.4759739,107.5912019,,,,,,,True,restaurant,,,,
node,6009060586,HUE,Hue,Villa Hue Hotel,Khách sạn & Lưu trú,16.4675278,107.5955267,4 Trần Quang Khải,,,,,,False,,,,,
node,6027532187,HUE,Hue,Les Gardens,Ẩm thực & Cafe,16.4702538,107.5960726,,Có Wifi.,,,,,True,restaurant,,,,
node,6075420186,HUE,Hue,Hào hoa,Ẩm thực & Cafe,16.4686216,107.5839978,76 Trần Huy Liệu,Ẩm thực: vietnamese.,,,,vietnamese,True,restaurant,,,,
node,6075546286,HUE,Hue,Olympic gym,Thể thao & Giải trí,16.4683104,107.5973232,,,,,,,False,,,,,
node,6080971325,HUE,Hue,Beaulieu Boutique Hotel,Khách sạn & Lưu trú,16.4693459,107.5947639,15 Pham Ngu Lao,Có Wifi.,,,,,False,,,,,
node,6099306388,HUE,Hue,Tượng đài vua Quang Trung,Di tích & Lịch sử,16.4420037,107.5914458,,,,,,,False,,,,,
node,6114438287,HUE,Hue,Khai Dinh,Di tích & Lịch sử,16.3989537,107.5902801,"Khải Định, Thủy Bằng, Hương Thủy",Giờ mở cửa: Mo-Su 07:00-17:30.,02343865830,,Mo-Su 07:00-17:30,,False,,,,,
node,6133001885,HUE,Hue,View Cafe,Ẩm thực & Cafe,16.4662649,107.5947416,"37 Bến Nghé, Phú Hội, Huế",Giờ mở cửa: Mo-Su 06:30-00:00.,,,Mo-Su 06:30-00:00,,True,cafe,,,,
node,6136552085,HUE,Hue,Afternoon Coffee - Beautiful Old Coffeehouse,Ẩm thực & Cafe,16.4724339,107.5755383,44 Đặng Thái Thân,Giờ mở cửa: Mo-Su 07:00-22:00. Có Wifi. Chỗ ngồi ngoài trời.,,,Mo-Su 07:00-22:00,,True,cafe,,,,
node,6139903585,HUE,Hue,Bun Thit Nuong 20k,Ẩm thực & Cafe,16.4431899,107.5227557,,,,,,,True,restaurant,,,,
node,6146619485,HUE,Hue,Bon Ami hostel,Khách sạn & Lưu trú,16.4696294,107.5964047,6/10 Võ Thị Sáu,,0919949116,,,,True,homestay_guesthouse,,,,
node,6149657685,HUE,Hue,"100, Nguyễn Sinh Cung, Vỹ Dạ, Thành phố Huế, Thừa Thiên Huế",Ẩm thực & Cafe,16.4790321,107.5958907,100 Nguyen Sinh Cung,Ẩm thực: vietnamese.,02343830563,,,vietnamese,True,restaurant,,,,
node,6157857785,HUE,Hue,Sân Mây Huế,Ẩm thực & Cafe,16.4825734,107.5970992,8 Thanh Tịnh,Ẩm thực: vietnamese. Giờ mở cửa: Mo-Su 07:00-21:00. Có Wifi.,0931999972,,Mo-Su 07:00-21:00,vietnamese,True,restaurant,,,,
node,6161732685,HUE,Hue,Bún thịt nướng,Ẩm thực & Cafe,16.4701335,107.6042413,139 Nguyễn Lộ Trạch,Ẩm thực: vietnamese.,,,,vietnamese,True,restaurant,,,,
node,6163688791,HUE,Hue,Machine Café,Ẩm thực & Cafe,16.4699654,107.5983961,7 Kiệt 64 Nguyễn Công Trứ,Ẩm thực: coffee_shop. Có Wifi.,0949596446,,,coffee_shop,True,cafe,,,,
node,6167660086,HUE,Hue,Quán bà tùng,Ẩm thực & Cafe,16.4712705,107.5975941,,,,,,,True,restaurant,,,,
node,6167843089,HUE,Hue,Bùn đâu Hà Nội,Ẩm thực & Cafe,16.4640625,107.5993599,15 Tố Hữu,,,,,,True,restaurant,,,,
node,6168299086,HUE,Hue,Com Hen,Ẩm thực & Cafe,16.4740898,107.5965457,17 Hàn Mặc Tử,,,,,,True,restaurant,,,,
node,6168926335,HUE,Hue,Quán Chay Tinh,Ẩm thực & Cafe,16.4686656,107.5969034,,,,,,,True,restaurant,,,,
node,6197265965,HUE,Hue,Tea House @ Tịnh Trúc Gia,Ẩm thực & Cafe,16.4432263,107.5702257,To 21 Phuong Thuy Xuan,calm coffee place operated by people with inabilities | Giờ mở cửa: Mo-Su 12:00-17:30.,0914019774,http://www.eurasia.org.vn/teahouse.html,Mo-Su 12:00-17:30,,True,cafe,,,,
node,6200116217,HUE,Hue,TA Café & Bakery,Ẩm thực & Cafe,16.468863,107.5947805,44 Phạm Ngũ Lão,very tasty french-style Café,0914196992,,,,True,cafe,,,,
node,6208001390,HUE,Hue,Buncha House,Khách sạn & Lưu trú,16.4658936,107.5946574,45 Ben Nghe Street,Có Wifi.,,,,,True,homestay_guesthouse,,,,
node,6210788185,HUE,Hue,Cocosnack,Ẩm thực & Cafe,16.4688537,107.5952918,,Ẩm thực: italian_pizza.,,,,italian_pizza,True,restaurant,,,,
node,6252089385,HUE,Hue,A vinh quán,Ẩm thực & Cafe,16.4701774,107.5987705,,,,,,,True,restaurant,,,,
node,6260139487,HUE,Hue,MaiLy Hostel,Khách sạn & Lưu trú,16.4696845,107.5961721,10 Võ Thị Sáu,Giờ mở cửa: 24/7. Có Wifi.,,,24/7,,True,homestay_guesthouse,,,,
node,6290569385,HUE,Hue,Kim’s Homestay new address,Khách sạn & Lưu trú,16.4546879,107.5691639,191 Bùi Thị Xuân,Có Wifi.,,,,,True,homestay_guesthouse,,,,
node,6305298885,HUE,Hue,Cafe Muối,Ẩm thực & Cafe,16.462752,107.5988923,10 Nguyễn Lương Bằng,"Giờ mở cửa: Mo-Su 06:30-11:15, 14:00-22:00. Có Wifi.",,,"Mo-Su 06:30-11:15, 14:00-22:00",,True,cafe,,,,
node,6315354186,HUE,Hue,Hue Cafe Roastery,Ẩm thực & Cafe,16.4770767,107.5860961,131 Huỳnh Thúc Kháng,Giờ mở cửa: Mo-Su 07:00-22:00.,0933383208,,Mo-Su 07:00-22:00,,True,cafe,,,,
node,6315467286,HUE,Hue,Tòa Khâm,Ẩm thực & Cafe,16.4699783,107.5924795,,"Ẩm thực: pizza, burger, pasta, coffee_shop, local. Có Wifi.",,,,"pizza, burger, pasta, coffee_shop, local",True,restaurant,,,,
node,6315935944,HUE,Hue,Hong Thien Ruby Hotel,Khách sạn & Lưu trú,16.469426,107.596362,35/12 Chu Văn An,Có Wifi. Tiêu chuẩn: 3 sao.,02343837399,http://hongthienrubyhotel.com/,,,False,,,,,
node,6328378886,HUE,Hue,KAT,Ẩm thực & Cafe,16.4691161,107.5969961,Trần Quang Khải,"Ẩm thực: italian_pizza, vietnamese. Có Wifi.",,,,"italian_pizza, vietnamese",True,restaurant,,,,
node,6328612948,HUE,Hue,Mr. Rado,Ẩm thực & Cafe,16.4682071,107.6100545,,,,,,,True,cafe,,,,
node,6338002186,HUE,Hue,City Kafé,Ẩm thực & Cafe,16.4669584,107.5890543,,,,,,,True,cafe,,,,
node,6348001309,HUE,Hue,Hoa Cuc Xanh Mini Hotel,Khách sạn & Lưu trú,16.4607128,107.5877886,,,,,,,False,,,,,
node,6351319487,HUE,Hue,Candy Inn Hue,Khách sạn & Lưu trú,16.4687027,107.5975706,40A 56 Nguyễn Công Trứ,Có Wifi.,,,,,False,,,,,
node,6388438586,HUE,Hue,Hué Tui,Ẩm thực & Cafe,16.4547788,107.5535325,,,,,,,True,restaurant,,,,
node,6403425082,HUE,Hue,Cà phê muối,Ẩm thực & Cafe,16.471122,107.5729027,142 Đặng Thái Thân,"Ẩm thực: coffee_shop, tea. Giờ mở cửa: Mo-Su 06:30-22:00. Có Wifi.",,,Mo-Su 06:30-22:00,"coffee_shop, tea",True,cafe,,,,
node,6405459385,HUE,Hue,cây cảnh Thảo Nguyên,Văn hóa & Nghệ thuật,16.4649735,107.6064089,,,,,,,False,,,,,
node,6447156588,HUE,Hue,Quán Ăn Sài Gòn,Ẩm thực & Cafe,16.4508831,107.5887742,151 Trần Phú,Ẩm thực: vietnamese. Có Wifi.,,,,vietnamese,True,restaurant,,,,
node,6447214986,HUE,Hue,Con,Văn hóa & Nghệ thuật,16.4336091,107.5616219,,,,,,,False,,,,,
node,6448927585,HUE,Hue,Lam Cafè,Ẩm thực & Cafe,16.4581855,107.5909898,100 Nguyễn Huệ,"Ẩm thực: tea, coffee_shop. Có Wifi.",,,,"tea, coffee_shop",True,cafe,,,,
node,6466304385,HUE,Hue,Quan Banh Uot Thit Heo Quay Ba Suu,Ẩm thực & Cafe,16.4763662,107.5845276,,,,,,,True,restaurant,,,,
node,6487814185,HUE,Hue,The Scarlett Boutique Hotel,Khách sạn & Lưu trú,16.4668921,107.5950413,,Có Wifi.,,,,,False,,,,,
node,6518485385,HUE,Hue,Cozy Restaurant & Café,Ẩm thực & Cafe,16.4640134,107.5933927,no 6 Kiệt 27,Ẩm thực: vietnamese. Có Wifi.,,,,vietnamese,True,restaurant,,,,
node,6533792057,HUE,Hue,Du urn,Văn hóa & Nghệ thuật,16.4669006,107.5771292,,,,,,,False,,,,,
node,6533792058,HUE,Hue,Thuan urn,Văn hóa & Nghệ thuật,16.4668768,107.5770944,,,,,,,False,,,,,
node,6533792064,HUE,Hue,Cao đỉnh,Văn hóa & Nghệ thuật,16.4668321,107.5769794,,,,,,,False,,,,,
node,6533792207,HUE,Hue,Đàn Xã Tắc,Di tích & Lịch sử,16.4650415,107.5712089,,,,,,,False,,,,,
node,6535082724,HUE,Hue,Lầu Kiến Trung,Dịch vụ du lịch,16.4710694,107.5765646,,,,,,,False,,,,,
node,6535217815,HUE,Hue,Trích Thuý Sơn,Văn hóa & Nghệ thuật,16.4708817,107.5781599,,,,,,,False,,,,,
node,6535217831,HUE,Hue,Bia Tiên động phương tung,Di tích & Lịch sử,16.471778,107.5782705,,,,,,,False,,,,,
node,6535217833,HUE,Hue,Tiểu Hữu Thiên,Văn hóa & Nghệ thuật,16.470202,107.5782242,,,,,,,False,,,,,
node,6553042785,HUE,Hue,trong dong,Thể thao & Giải trí,16.4767779,107.6017207,97 Phạm Văn Đồng,,,,,,False,,,,,
node,6566032485,HUE,Hue,Biên Kinh Thànk,Ẩm thực & Cafe,16.4699085,107.5953689,,,,,,,True,restaurant,,,,
node,6605769994,HUE,Hue,3 cá bống,Ẩm thực & Cafe,16.4678819,107.594685,Nguyễn Thái Học,Giờ mở cửa: 24/7.,,,24/7,,True,restaurant,,,,
node,6680870987,HUE,Hue,Dose Cafe,Ẩm thực & Cafe,16.4622201,107.6005378,5 Trường Chinh,Có Wifi.,,,,,True,cafe,,,,
node,6683157585,HUE,Hue,Eco Restaurant,Ẩm thực & Cafe,16.4252379,107.5798571,107 Đường Minh Mạng,,,,,,True,restaurant,,,,
node,6687120085,HUE,Hue,Café An Nhiên,Ẩm thực & Cafe,16.4680301,107.6010694,,,,,,,True,restaurant,,,,
node,6713718285,HUE,Hue,Hue Melody Hotel (real location),Khách sạn & Lưu trú,16.4690766,107.5959213,46 Chu Văn An,Có Wifi.,,,,,False,,,,,
node,6715618288,HUE,Hue,Gacmangre,Ẩm thực & Cafe,16.4709249,107.5812416,,,,,,,True,restaurant,,,,
node,6725750285,HUE,Hue,Cơm mẹ nấu,Ẩm thực & Cafe,16.4611096,107.5884999,Ngô Quyền,Ẩm thực: local. Có Wifi.,,,,local,True,restaurant,,,,
node,6734350786,HUE,Hue,Lago Coffee House,Ẩm thực & Cafe,16.4605223,107.5950589,10 Lê Hồng Phong,"Ẩm thực: tea, coffee_shop. Có Wifi.",,,,"tea, coffee_shop",True,cafe,,,,
node,6761321386,HUE,Hue,The One Caffee & Bakery,Ẩm thực & Cafe,16.4663895,107.5918907,3 Hùng Vương,"Ẩm thực: cake, coffee_shop. Có Wifi. Chỗ ngồi ngoài trời.",09095887188,,,"cake, coffee_shop",True,cafe,,,,
node,6763593885,HUE,Hue,Elegant Restaurant & Lounge,Ẩm thực & Cafe,16.4688695,107.5953159,,Có Wifi.,,,,,True,restaurant,,,,
node,6766081687,HUE,Hue,Nem Lui Ba Ty,Ẩm thực & Cafe,16.4802402,107.5831313,,,,,,,True,restaurant,,,,
node,6799743358,HUE,Hue,Bếp Nhà Hiền,Ẩm thực & Cafe,16.4654118,107.5975627,15A Lê Qúy Đôn,Giờ mở cửa: Mo-Su 08:30-22:00.,0931969293,https://fb.com/bepnhahien,Mo-Su 08:30-22:00,,True,restaurant,,,,
node,6824383885,HUE,Hue,Lẩu Bò A Bình,Ẩm thực & Cafe,16.464212,107.5728466,,,,,,,True,restaurant,,,,
node,6873078792,HUE,Hue,Cafe on Thu Wheels,Ẩm thực & Cafe,16.4647184,107.5927638,3/34 Nguyễn Tri Phương,Ẩm thực: vietnamese. Có Wifi.,,,,vietnamese,True,restaurant,,,,
node,6929802185,HUE,Hue,Haicu,Ẩm thực & Cafe,16.4751939,107.5803888,,Có Wifi.,,,,,True,cafe,,,,
node,6933999885,HUE,Hue,Bon Café,Ẩm thực & Cafe,16.4736086,107.5813683,,"Ẩm thực: tea, coffee_shop. Có Wifi.",,,,"tea, coffee_shop",True,cafe,,,,
node,6937613986,HUE,Hue,B41,Ẩm thực & Cafe,16.4661425,107.5924791,38 Trần Cao Vân,Có Wifi.,,,,,True,restaurant,,,,
node,6939015486,HUE,Hue,Mai Bánh Canh Cá Lóc,Ẩm thực & Cafe,16.4748013,107.5952683,,"Ẩm thực: vietnamese, noodle.",,,,"vietnamese, noodle",True,restaurant,,,,
node,6939015487,HUE,Hue,Somini,Ẩm thực & Cafe,16.4749484,107.5954466,,Có Wifi.,,,,,True,cafe,,,,
node,6975271587,HUE,Hue,The Alley,Ẩm thực & Cafe,16.4782078,107.5847303,,,,,,,True,cafe,,,,
node,6984525345,HUE,Hue,La Thien,Ẩm thực & Cafe,16.4720712,107.5846611,,,,,,,True,restaurant,,,,
node,6984525618,HUE,Hue,Café Gem,Ẩm thực & Cafe,16.4665132,107.5890978,"25 Lê Lợi, Phường Phú Hội, Thành phố Huế",Giờ mở cửa: 24/7.,,,24/7,,True,cafe,,,,
node,7027768957,HUE,Hue,T&N Coffee,Ẩm thực & Cafe,16.4577071,107.5809483,"3 Điện Biên Phủ, Vĩnh Ninh, Huế","Ẩm thực: coffee_shop, coffee. Có Wifi.",,,,"coffee_shop, coffee",True,cafe,,,,
node,7065512085,HUE,Hue,Café Vivu,Ẩm thực & Cafe,16.4564966,107.5895623,77 Phan Đình Phùng,"Ẩm thực: tea, coffee_shop. Có Wifi.",,,,"tea, coffee_shop",True,cafe,,,,
node,7066909085,HUE,Hue,Highlands Coffee,Ẩm thực & Cafe,16.4602791,107.5808369,,"Ẩm thực: coffee_shop, vietnamese. Giờ mở cửa: 06:30-22:30. Có Wifi. Chỗ ngồi ngoài trời.",,,06:30-22:30,"coffee_shop, vietnamese",False,,,,,
node,7076661135,HUE,Hue,Pizza Huy,Ẩm thực & Cafe,16.4758475,107.5795237,,,,,,,True,restaurant,,,,
node,7083469280,HUE,Hue,Trot Toir Cafe,Ẩm thực & Cafe,16.464243,107.5878808,1 Trương Định,"Ẩm thực: tea, coffee_shop. Có Wifi.",02343892666,,,"tea, coffee_shop",True,cafe,,,,
node,7103878786,HUE,Hue,Loving Hut,Ẩm thực & Cafe,16.4505499,107.6047746,,Restaurant where we can buy stuff like rice also to cook ourselves. Staff very friendly. | Ẩm thực: international. Giờ mở cửa: Mo-Su 07:00-21:00. Có Wifi.,02343626861,,Mo-Su 07:00-21:00,international,False,,,,,
node,7106619386,HUE,Hue,quan chay,Ẩm thực & Cafe,16.4760253,107.5660641,,,,,,,True,restaurant,,,,
node,7114225985,HUE,Hue,The Ware House Cafe,Ẩm thực & Cafe,16.4544226,107.5835872,,"Ẩm thực: coffee_shop, ice_cream. Có Wifi.",,,,"coffee_shop, ice_cream",True,cafe,,,,
node,7127376564,HUE,Hue,DMZ Hostel,Khách sạn & Lưu trú,16.4700343,107.594106,,,,,,,True,homestay_guesthouse,,,,
node,7127376567,HUE,Hue,T'House Coffee,Ẩm thực & Cafe,16.4699044,107.5939029,,,,,,,True,cafe,,,,
node,7127627927,HUE,Hue,Highlands Coffee,Ẩm thực & Cafe,16.4694958,107.5933372,"38 Lê Lợi, Hue","Ẩm thực: coffee_shop, vietnamese. Giờ mở cửa: 06:30-22:30. Có Wifi. Chỗ ngồi ngoài trời.",,,06:30-22:30,"coffee_shop, vietnamese",False,,,,,
node,7138462885,HUE,Hue,Banh Canh,Ẩm thực & Cafe,16.4471597,107.5815812,,Ẩm thực: vietnamese.,,,,vietnamese,True,restaurant,,,,
node,7151907385,HUE,Hue,Chez Mme. Loan,Khách sạn & Lưu trú,16.4375687,107.5373636,47 Luong Quan TP Hué,,03560009908,,,,True,homestay_guesthouse,,,,
node,7153728985,HUE,Hue,huong - crab soup,Ẩm thực & Cafe,16.4644634,107.5894958,,,,,,,True,restaurant,,,,
node,7158215105,HUE,Hue,Flora Hotel,Khách sạn & Lưu trú,16.471368,107.5962367,85 Võ Thị Sáu,Có Wifi.,0914050709,,,,False,,,,,
node,7158856075,HUE,Hue,Ben Homestay,Khách sạn & Lưu trú,16.469707,107.5962842,,,,,,,True,homestay_guesthouse,,,,
node,7158916728,HUE,Hue,La Paix Bistro,Ẩm thực & Cafe,16.4701105,107.5958575,,,,,,,True,restaurant,,,,
node,7158918993,HUE,Hue,Tet,Ẩm thực & Cafe,16.4706317,107.5942511,,,,,,,True,restaurant,,,,
node,7158930119,HUE,Hue,Zest Coffee,Ẩm thực & Cafe,16.4710491,107.5945609,,,,,,,True,cafe,,,,
node,7158933697,HUE,Hue,La Carambole,Ẩm thực & Cafe,16.4699107,107.5959916,,,,,,,True,restaurant,,,,
node,7158934075,HUE,Hue,Hot Tuna,Ẩm thực & Cafe,16.4693461,107.5956624,37 Võ Thị Sáu,Có Wifi.,0543616464,http://www.huehottuna.com,,,True,restaurant,,,,
node,7159950261,HUE,Hue,Ben,Ẩm thực & Cafe,16.4681846,107.570505,,,,,,,True,cafe,,,,
node,7159950934,HUE,Hue,Akay 2,Ẩm thực & Cafe,16.4701462,107.5705165,,,,,,,True,cafe,,,,
node,7159969168,HUE,Hue,Hat,Ẩm thực & Cafe,16.4569972,107.581119,,,,,,,True,cafe,,,,
node,7159989311,HUE,Hue,Coffee Goc Xinh,Ẩm thực & Cafe,16.469712,107.5708493,,,,,,,True,cafe,,,,
node,7159993656,HUE,Hue,Tri Coffee,Ẩm thực & Cafe,16.4667853,107.5687906,,,,,,,True,cafe,,,,
node,7159999658,HUE,Hue,Kim Nguyen Coffee,Ẩm thực & Cafe,16.4719734,107.5723962,,,,,,,True,cafe,,,,
node,7160003841,HUE,Hue,Rider Cafe,Ẩm thực & Cafe,16.4732378,107.5743086,131,,,,,,True,cafe,,,,
node,7160006075,HUE,Hue,Cafe Tigon,Ẩm thực & Cafe,16.4392436,107.5819603,,,,,,,True,cafe,,,,
node,7160006250,HUE,Hue,The Coffee House,Ẩm thực & Cafe,16.4704297,107.5705662,,"Ẩm thực: coffee_shop, vietnamese.",,,,"coffee_shop, vietnamese",False,,,,,
node,7160007312,HUE,Hue,Moon,Ẩm thực & Cafe,16.4728281,107.5750891,,,,,,,True,cafe,,,,
node,7160011313,HUE,Hue,Xoe Coffee,Ẩm thực & Cafe,16.4721892,107.5728711,,,,,,,True,cafe,,,,
node,7160014691,HUE,Hue,Highlands Coffee,Ẩm thực & Cafe,16.4659461,107.5918959,,"Ẩm thực: coffee_shop, vietnamese.",,,,"coffee_shop, vietnamese",False,,,,,
node,7160015760,HUE,Hue,Bull Cafe,Ẩm thực & Cafe,16.4570598,107.5810498,,,,,,,True,cafe,,,,
node,7160159085,HUE,Hue,T Roaster,Ẩm thực & Cafe,16.4535937,107.5483799,7 Sư Vạn Hạnh,Ẩm thực: coffee_shop. Giờ mở cửa: Mo-Su 06:00-17:00. Có Wifi.,,,Mo-Su 06:00-17:00,coffee_shop,True,cafe,,,,
node,7160247905,HUE,Hue,White Mocha,Ẩm thực & Cafe,16.4666301,107.5930131,,,,,,,True,cafe,,,,
node,7168980685,HUE,Hue,nhà mẫn,Khách sạn & Lưu trú,16.5437789,107.4669214,Sông Bồ,,,,,,True,homestay_guesthouse,,,,
node,7180442785,HUE,Hue,Đặc sản Xứ Quảng,Ẩm thực & Cafe,16.4559069,107.5866292,103/19 Nguyễn Trường Tộ,Ẩm thực: local. Có Wifi.,0934990513,,,local,True,restaurant,,,,
node,7195067488,HUE,Hue,Minh & Coco,Ẩm thực & Cafe,16.4663007,107.5919514,,,,,,,True,restaurant,,,,
node,7195067501,HUE,Hue,Midtown Hotel,Khách sạn & Lưu trú,16.4683507,107.5954601,,,,,,,False,,,,,
node,7199615564,HUE,Hue,159 Cafe,Ẩm thực & Cafe,16.4738081,107.5883543,,,,,,,True,cafe,,,,
node,7199615565,HUE,Hue,Eldora,Khách sạn & Lưu trú,16.4648595,107.5945502,,,,,,,False,,,,,
node,7199615566,HUE,Hue,Kem Flan,Ẩm thực & Cafe,16.4649817,107.5935785,,Giờ mở cửa: Mo-Su 15:00-22:00.,,,Mo-Su 15:00-22:00,,True,cafe,,,,
node,7200522285,HUE,Hue,pauze,Ẩm thực & Cafe,16.4706601,107.5960167,,,,,,,True,cafe,,,,
node,7203837585,HUE,Hue,Nghĩa Cafe,Ẩm thực & Cafe,16.4558026,107.5867657,19 Nguyễn Trường Tộ,"Ẩm thực: tea, coffee_shop. Giờ mở cửa: Mo-Su 07:00-22:00. Có Wifi.",0914935303,,Mo-Su 07:00-22:00,"tea, coffee_shop",True,cafe,,,,
node,7207270485,HUE,Hue,Bánh Khoái Chị Hoa,Ẩm thực & Cafe,16.47732,107.5836513,,"Ẩm thực: vietnamese, pancake.",,,,"vietnamese, pancake",True,restaurant,,,,
node,7207303985,HUE,Hue,Pao Lou Dimsum,Ẩm thực & Cafe,16.468197,107.5976403,,,,,,,True,restaurant,,,,
node,7208065385,HUE,Hue,Banh Canh Cua,Ẩm thực & Cafe,16.4647651,107.589336,,,,,,,True,restaurant,,,,
node,7213953185,HUE,Hue,Madame tuyet bun bo,Ẩm thực & Cafe,16.4714318,107.597087,47 Nguyễn Công Trứ,,,,,,True,restaurant,,,,
node,7223176485,HUE,Hue,Cơm hến Hoa Đông,Ẩm thực & Cafe,16.47932,107.5935644,,Giờ mở cửa: Mo-Su 07:00-21:30.,,,Mo-Su 07:00-21:30,,True,restaurant,,,,
node,7235135785,HUE,Hue,Idéal hôtel,Khách sạn & Lưu trú,16.4686664,107.5946832,,Có Wifi.,0917928342,,,,False,,,,,
node,7273743589,HUE,Hue,Bánh Gánh,Ẩm thực & Cafe,16.4691746,107.5956388,35 Võ Thị Sáu,"Ẩm thực: vietnamese, local. Có Wifi.",,,,"vietnamese, local",True,restaurant,,,,
node,7290123885,HUE,Hue,Nhât lê hotel,Khách sạn & Lưu trú,16.4645123,107.5927908,6/34 Nguyễn Tri Phương,Có Wifi.,02343827563,,,,False,,,,,
node,7477670189,HUE,Hue,House of cha,Ẩm thực & Cafe,16.4637498,107.5938963,,,,,,,True,cafe,,,,
node,7562682487,HUE,Hue,Quan chay,Ẩm thực & Cafe,16.4699623,107.5990548,,,,,,,True,restaurant,,,,
node,7565187785,HUE,Hue,Quan chay,Ẩm thực & Cafe,16.4804349,107.596392,,Có Wifi.,,,,,True,restaurant,,,,
node,7575035488,HUE,Hue,Quần cháy,Ẩm thực & Cafe,16.4630332,107.588922,,,,,,,True,cafe,,,,
node,7973115090,HUE,Hue,Hồ Sơn Thọ,Điểm tham quan & Cảnh quan,16.3515757,107.5882024,,,,,,,False,,,,,
node,8042768315,HUE,Hue,aNhill boutique,Khách sạn & Lưu trú,16.4171446,107.5894465,"Khải Định, An Tây, TP.Huế, Thừa Thiên - Huế",Giờ mở cửa: 24/7.,,,24/7,,False,,,,,
node,8114900117,HUE,Hue,Nhà hàng La Scento,Ẩm thực & Cafe,16.4572365,107.5893809,số 11 kiệt 57 Hai Bà Trưng,"Ẩm thực: breakfast, coffee_shop, deli, diner, fine_dining, grill, seafood. Giờ mở cửa: Mo-Su 07:00-22:00. Có Wifi.",0905440022,,Mo-Su 07:00-22:00,"breakfast, coffee_shop, deli, diner, fine_dining, grill, seafood",True,restaurant,,,,
node,9185956819,HUE,Hue,Olab Farm,Ẩm thực & Cafe,16.4671803,107.570942,"9A Ngô Thời Nhậm, Thuận Hoà, Huế","Ẩm thực: coffee_shop, cafetaria. Giờ mở cửa: Mo-Su 07:00-22:00. Có Wifi. Chỗ ngồi ngoài trời.",0334455722,https://fb.com/olab.farm,Mo-Su 07:00-22:00,"coffee_shop, cafetaria",True,cafe,,,,
node,9185956822,HUE,Hue,Nhà hàng Bà Bảy,Ẩm thực & Cafe,16.4656989,107.5718124,"1/41 Trần Nguyên Đán, Thuận Hoà, Huế","Ẩm thực: vietnamese, seafood, meat, shrimp. Giờ mở cửa: Mo-Su 09:00-22:00. Chỗ ngồi ngoài trời.",0913498643,,Mo-Su 09:00-22:00,"vietnamese, seafood, meat, shrimp",True,restaurant,,,,
node,9185956823,HUE,Hue,Di Nhiên Trà Thất,Ẩm thực & Cafe,16.4660617,107.5720949,"3 Nguyễn Thiện Thuật, Thuận Hoà, Huế","Ẩm thực: tea, cafe. Giờ mở cửa: Mo-Su 09:00-21:00. Có Wifi.",0919428433,https://tradinhien.com,Mo-Su 09:00-21:00,"tea, cafe",True,cafe,,,,
node,9185956824,HUE,Hue,Lẩu Thái Tomyum,Ẩm thực & Cafe,16.4639814,107.5731667,"9 Trần Nguyên Đán, Thuận Hoà, Huế",Ẩm thực: thai. Giờ mở cửa: Mo-Su 10:00-22:00. Chỗ ngồi ngoài trời.,0943581010,,Mo-Su 10:00-22:00,thai,True,restaurant,,,,
node,9185956825,HUE,Hue,Chợ Thuận Hoà,Mua sắm & Chợ,16.4681042,107.5740745,"75 Lê Huân, Thuận Hòa, Huế",A local market that have many products | Giờ mở cửa: Mo-Su 05:00-17:00.,,,Mo-Su 05:00-17:00,,True,traditional_market,,,,
node,9518711737,HUE,Hue,Boi Tran Garden,Văn hóa & Nghệ thuật,16.4074433,107.5846393,"Kim Son, Thuy Bang, Hue",Giờ mở cửa: Mo-Su 09:00-17:00.,,,Mo-Su 09:00-17:00,,False,,,,,
node,9850587987,HUE,Hue,Dì Gái Bún Bò Huế,Ẩm thực & Cafe,16.469715,107.595502,,,,,,,True,restaurant,,,,
node,9852013804,HUE,Hue,5.T Hostel,Khách sạn & Lưu trú,16.4696647,107.5962313,,,,,,,True,homestay_guesthouse,,,,
node,9852477504,HUE,Hue,Mọt,Ẩm thực & Cafe,16.4695754,107.5983449,13 Kiệt 64 Nguyễn Công Trứ,Ẩm thực: coffee_shop. Có Wifi.,,,,coffee_shop,True,cafe,,,,
node,9878274422,HUE,Hue,Binancians,Ẩm thực & Cafe,16.4711576,107.5962809,,Giờ mở cửa: Mo-Su 06:00-00:00.,,,Mo-Su 06:00-00:00,,True,cafe,,,,
node,9921286565,HUE,Hue,Cơm Tấm Thúng,Ẩm thực & Cafe,16.4698919,107.5933257,,,,,,,True,cafe,,,,
node,9921291710,HUE,Hue,Galaxy,Thể thao & Giải trí,16.4757544,107.5881908,,,,,,,False,,,,,
node,9921297898,HUE,Hue,Jade Scene Hotel,Khách sạn & Lưu trú,16.4695305,107.5968967,,,,,,,False,,,,,
node,9921300161,HUE,Hue,Quan Cam,Ẩm thực & Cafe,16.4701038,107.5936751,,Bun Bo Hue,,,,,True,restaurant,,,,
node,9921303818,HUE,Hue,Quà Luu Niệm Huế,Mua sắm & Chợ,16.469751,107.5931435,,,,,,,True,craft_gift_shop,,,,
node,9921304854,HUE,Hue,The One Coffee & Bakery,Ẩm thực & Cafe,16.3983412,107.590404,,,,,,,True,cafe,,,,
node,9921306320,HUE,Hue,Ga Yang,Ẩm thực & Cafe,16.4615434,107.5914227,,,,,,,True,restaurant,,,,
node,9921306322,HUE,Hue,Commini Mart,Mua sắm & Chợ,16.3763908,107.7180982,,,,,,,False,,,,,
node,9921316651,HUE,Hue,Chốt Cafe,Ẩm thực & Cafe,16.4554113,107.5974954,,,,,,,True,cafe,,,,
node,9960049118,HUE,Hue,Làng mây tre đan Bao La,Điểm tham quan & Cảnh quan,16.5394551,107.4709349,,,,,,,False,,,,,
node,9960090217,HUE,Hue,Đúc đồng Dương Xuân,Điểm tham quan & Cảnh quan,16.4532498,107.5632941,,,,,,,False,,,,,
node,9960092017,HUE,Hue,Làng tránh Sình,Điểm tham quan & Cảnh quan,16.5217578,107.5774757,,,,,,,False,,,,,
node,9960139117,HUE,Hue,Liễn làng Chuồn,Điểm tham quan & Cảnh quan,16.5073733,107.6357846,,,,,,,False,,,,,
node,10160950117,HUE,Hue,Maison Trang,Ẩm thực & Cafe,16.4701051,107.5967408,24/26 Võ Thị Sáu,Ẩm thực: vietnamese. Có Wifi.,0935813636,,,vietnamese,True,restaurant,,,,
node,10289511703,HUE,Hue,7M - 02 Võ Thị Sáu,Ẩm thực & Cafe,16.4686759,107.595245,"02 Võ Thị Sáu, Phú Hội, Huế, Huế",Ẩm thực: vietnamese. Giờ mở cửa: 24/7.,0935762830,https://www.facebook.com/7mHue,24/7,vietnamese,True,restaurant,,,,
node,10304450226,HUE,Hue,Guest House Maika,Khách sạn & Lưu trú,16.4701059,107.5952181,"FHCW+33V Chu Văn An, Hue Thua Thien-Hue, Huế",,,,,,True,homestay_guesthouse,,,,
node,10304457911,HUE,Hue,Bánh canh Nam Phổ Thúy,Ẩm thực & Cafe,16.4649762,107.5891501,19 Phạm Hồng Thái,Ẩm thực: vietnamese.,,,,vietnamese,True,restaurant,,,,
node,10556602409,HUE,Hue,Phung Nam café cuisine familiale,Ẩm thực & Cafe,16.466784,107.5930837,38 Trần Cao Vân,Ẩm thực: vietnamese.,,,,vietnamese,True,restaurant,,,,
node,10556602509,HUE,Hue,Family home,Ẩm thực & Cafe,16.4645846,107.5928379,11 34 Nguyễn Tri Phương,Ẩm thực: vietnamese.,,,,vietnamese,True,restaurant,,,,
node,10650977389,HUE,Hue,đa:mê,Ẩm thực & Cafe,16.4695871,107.5954703,34 Chu Văn An,Giờ mở cửa: Mo-Su 06:30-21:30. Có Wifi. Chỗ ngồi ngoài trời.,0901111696,http://damecafe.vn,Mo-Su 06:30-21:30,,True,cafe,,,,
node,10651610775,HUE,Hue,Bánh Gánh,Ẩm thực & Cafe,16.4701933,107.5958847,51A Võ Thị Sáu,Ẩm thực: vietnamese. Có Wifi. Chỗ ngồi ngoài trời.,,,,vietnamese,True,restaurant,,,,
node,10666274706,HUE,Hue,Rosaleen,Khách sạn & Lưu trú,16.469347,107.5954442,35 Chu Văn An,Có Wifi.,,,,,False,,,,,
node,10672532605,HUE,Hue,Café Gin’s Garden,Ẩm thực & Cafe,16.4719556,107.573928,78 Tuệ Tĩnh,Giờ mở cửa: Su-Sa 07:00-20:00.,,,Su-Sa 07:00-20:00,,True,cafe,,,,
node,10676135865,HUE,Hue,Nook,Ẩm thực & Cafe,16.466099,107.5912291,,"Ẩm thực: burger, regional. Chỗ ngồi ngoài trời.",,,,"burger, regional",True,restaurant,,,,
node,10677443709,HUE,Hue,HÚE T.Roaster,Ẩm thực & Cafe,16.4671298,107.5943088,10 Bến Nghé,Giờ mở cửa: Mo-Su 07:00-22:30. Có Wifi. Chỗ ngồi ngoài trời.,,,Mo-Su 07:00-22:30,,True,cafe,,,,
node,10677707584,HUE,Hue,Phinholic,Ẩm thực & Cafe,16.4647037,107.5947886,65 Bến Nghé,Ẩm thực: coffee_shop. Giờ mở cửa: Mo-Su 08:00-17:30. Chỗ ngồi ngoài trời.,0911715551,https://thecoffeeholic.vn/,Mo-Su 08:00-17:30,coffee_shop,False,,,,,
node,10678175205,HUE,Hue,CHOSUN,Ẩm thực & Cafe,16.4767351,107.5831304,,,,,,,True,restaurant,,,,
node,10890087205,HUE,Hue,Piano Lab,Ẩm thực & Cafe,16.4711748,107.5961867,,"Giờ mở cửa: PH,Mo-Su 07:00-23:00.",,,"PH,Mo-Su 07:00-23:00",,True,cafe,,,,
node,10897887242,HUE,Hue,Jesus Christ,Văn hóa & Nghệ thuật,16.4580759,107.5964004,,,,,,,False,,,,,
node,11062012507,HUE,Hue,Cinestar Huế,Thể thao & Giải trí,16.4607835,107.5897656,25 Hai Bà Trưng,,02347300081,https://cinestar.com.vn/,,,False,,,,,
node,11078378105,HUE,Hue,Hue Happy homestay,Khách sạn & Lưu trú,16.4699039,107.5965573,20 26 Võ Thị Sáu,,,,,,True,homestay_guesthouse,,,,
node,11127296107,HUE,Hue,Binh Tran,Ẩm thực & Cafe,16.4731362,107.5987207,55 Hàn Mặc Tử,,,,,,True,cafe,,,,
node,11127299205,HUE,Hue,Quán Cẩm - Bún Bò Huế,Ẩm thực & Cafe,16.4699163,107.5932697,,,,,,,True,restaurant,,,,
node,11127299206,HUE,Hue,Hai Dang,Ẩm thực & Cafe,16.4711676,107.5977515,55 Nguyễn Công Trứ,,,,,,True,cafe,,,,
node,11129122406,HUE,Hue,Trầm Cafe,Ẩm thực & Cafe,16.4670757,107.582595,,,,,,,True,cafe,,,,
node,11132386175,HUE,Hue,MOTERI - Garden Café,Ẩm thực & Cafe,16.413144,107.5758618,,,,,,,True,cafe,,,,
node,11132386176,HUE,Hue,NANO Eco-hostel,Khách sạn & Lưu trú,16.4131993,107.575959,,,,,,,True,homestay_guesthouse,,,,
node,11133253705,HUE,Hue,Tiệm Café Tụi Mình,Ẩm thực & Cafe,16.4553282,107.547908,25 Sư Vạn Hạnh,Giờ mở cửa: Mo-Su 06:00-22:00.,090119090,,Mo-Su 06:00-22:00,,True,cafe,,,,
node,11135526307,HUE,Hue,Kem's Coffee & Breakfast,Ẩm thực & Cafe,16.4685906,107.5976085,35 Kiệt 56 Nguyễn Công Trứ,Có Wifi.,,,,,True,cafe,,,,
node,11137740605,HUE,Hue,Tiệm Kiết,Ẩm thực & Cafe,16.4689741,107.5978113,Nguyễn Thái Học,,,,,,True,cafe,,,,
node,11139261405,HUE,Hue,King BBQ,Ẩm thực & Cafe,16.4682925,107.5974315,,,,,,,True,restaurant,,,,
node,11139263505,HUE,Hue,Risotto Restaurant,Ẩm thực & Cafe,16.4708647,107.5960722,69 Võ Thị Sáu,Ẩm thực: italian. Có Wifi.,0932413313,,,italian,True,restaurant,,,,
node,11139264205,HUE,Hue,Bùn Bo Huế,Ẩm thực & Cafe,16.4709346,107.5960938,69 Võ Thị Sáu,Ẩm thực: vietnamese. Có Wifi.,0932413313,,,vietnamese,True,restaurant,,,,
node,11171467430,HUE,Hue,Khai Dinh,Di tích & Lịch sử,16.3992686,107.5905785,,,,,,,False,,,,,
node,11171564836,HUE,Hue,Thích Quảng Đức xe,Di tích & Lịch sử,16.4532504,107.544583,,,,,,,False,,,,,
node,11212153237,HUE,Hue,Quan Tượng Đài,Điểm tham quan & Cảnh quan,16.4621728,107.5707363,,,,,,,False,,,,,
node,11260371137,HUE,Hue,Bếp Thị,Ẩm thực & Cafe,16.4692812,107.5956716,31B Võ Thị Sáu,"Ẩm thực: local, vietnamese. Giờ mở cửa: Su-Sa 10:00-23:00. Có Wifi.",0896490506,,Su-Sa 10:00-23:00,"local, vietnamese",True,restaurant,,,,
node,11296507369,HUE,Hue,3S House,Ẩm thực & Cafe,16.4612059,107.5883883,2/48 Ngô Quyền,Có Wifi.,,,,,True,cafe,,,,
node,11400859601,HUE,Hue,BA.LO,Ẩm thực & Cafe,16.4504375,107.584938,231 Trần Phú,Giờ mở cửa: Mo-Su 07:00-22:00.,0963172910,,Mo-Su 07:00-22:00,,True,cafe,,,,
node,11402007987,HUE,Hue,Thành café,Ẩm thực & Cafe,16.4690628,107.600441,24 Văn Cao,Giờ mở cửa: Mo-Su 06:30-22:00.,0899232313,,Mo-Su 06:30-22:00,,True,cafe,,,,
node,11402021044,HUE,Hue,Thanh Cafe,Ẩm thực & Cafe,16.4484367,107.5966873,97 Ngự Bình,Giờ mở cửa: Mo-Su 06:00-22:00.,0935662939,,Mo-Su 06:00-22:00,,True,cafe,,,,
node,11402032497,HUE,Hue,Thành cafe,Ẩm thực & Cafe,16.4410629,107.5834351,328 Phan Bội Châu,Giờ mở cửa: Mo-Su 07:00-22:00.,,,Mo-Su 07:00-22:00,,True,cafe,,,,
node,11402754738,HUE,Hue,Trốn Café,Ẩm thực & Cafe,16.4560623,107.5809402,22A Điện Biên Phủ,Giờ mở cửa: Mo-Su 06:00-03:00.,0393999775,,Mo-Su 06:00-03:00,,True,cafe,,,,
node,11402784077,HUE,Hue,Hoàng Hạc Cafe,Ẩm thực & Cafe,16.4576874,107.5823135,18A Nguyễn Huệ,,,,,,True,cafe,,,,
node,11409056543,HUE,Hue,Green house coffee - tea & food,Ẩm thực & Cafe,16.4661884,107.6046906,50 Lý Tự Trọng,Giờ mở cửa: Mo-Su 06:30-21:00. Có Wifi.,,,Mo-Su 06:30-21:00,,True,cafe,,,,
node,11409097934,HUE,Hue,Sahi Homestay Retreat,Khách sạn & Lưu trú,16.4523125,107.5648117,245A Bùi Thị Xuân,,,,,,True,homestay_guesthouse,,,,
node,11409099385,HUE,Hue,Deja Vu Coffee,Ẩm thực & Cafe,16.4510632,107.5816879,6B Sư Liễu Quán,Giờ mở cửa: Mo-Su 07:00-22:00.,,,Mo-Su 07:00-22:00,,True,cafe,,,,
node,11409151316,HUE,Hue,MINH Cà Phê,Ẩm thực & Cafe,16.4518127,107.57444,68 Đ. Khởi,Giờ mở cửa: Mo-Su 06:00-22:00.,,,Mo-Su 06:00-22:00,,True,cafe,,,,
node,11409151561,HUE,Hue,Ngói cafe,Ẩm thực & Cafe,16.4551868,107.5718155,5 Đ. Khởi,Giờ mở cửa: Mo-Su 05:00-22:00.,,,Mo-Su 05:00-22:00,,True,cafe,,,,
node,11411897569,HUE,Hue,Cà phê Khởi nghiệp Huế,Ẩm thực & Cafe,16.4646215,107.5877117,20 Lê Lợi,Giờ mở cửa: Mo-Su 06:00-22:00. Có Wifi.,,,Mo-Su 06:00-22:00,,True,cafe,,,,
node,11415849641,HUE,Hue,TRẠM_Retro-coffee,Ẩm thực & Cafe,16.4440632,107.598938,54 Nguyễn Khánh Toàn,,,,,,True,cafe,,,,
node,11449099769,HUE,Hue,Be cà phê,Ẩm thực & Cafe,16.4875969,107.6058475,Đường Nguyễn Như Chương,Giờ mở cửa: Mo-Su 19:00-23:00. Có Wifi.,0905009599,,Mo-Su 19:00-23:00,,True,cafe,,,,
node,11455051769,HUE,Hue,Cafe cư xá,Ẩm thực & Cafe,16.4545413,107.5966098,15 Lương Văn Can,Giờ mở cửa: Mo-Su 06:00-22:00. Có Wifi.,,,Mo-Su 06:00-22:00,,True,cafe,,,,
node,11455314569,HUE,Hue,Bún bò Huế,Ẩm thực & Cafe,16.4658276,107.567257,7 Yết Kiêu,,,,,,True,restaurant,,,,
node,11461815969,HUE,Hue,Vối Cafe,Ẩm thực & Cafe,16.4363541,107.5659266,106 Lê Ngô Cát,Giờ mở cửa: Mo-Su 06:30-22:00. Có Wifi.,0788544775,,Mo-Su 06:30-22:00,,True,cafe,,,,
node,11466022941,HUE,Hue,Nhiên cà phê,Ẩm thực & Cafe,16.4680634,107.6014404,5 Nguyễn Bính,,0939333093,,,,True,cafe,,,,
node,11467694696,HUE,Hue,Muối Coffee,Ẩm thực & Cafe,16.4609375,107.6039352,97 Trường Chinh,Giờ mở cửa: Mo-Su 09:00-09:00.,0777771121,,Mo-Su 09:00-09:00,,True,cafe,,,,
node,11468961397,HUE,Hue,Soleil House,Ẩm thực & Cafe,16.4580631,107.592186,33 Lý Thường Kiệt,Giờ mở cửa: Mo-Su 06:45-23:00.,02346555558,,Mo-Su 06:45-23:00,,True,cafe,,,,
node,11474827258,HUE,Hue,NGÂM cà phê,Ẩm thực & Cafe,16.4533119,107.588562,14 Hàm Nghi,Giờ mở cửa: Mo-Su 07:00-22:30.,0937468234,,Mo-Su 07:00-22:30,,True,cafe,,,,
node,11491185593,HUE,Hue,Chốt Cafe,Ẩm thực & Cafe,16.4554367,107.5975647,338 Phan Chu Trinh,,0705172951,,,,True,cafe,,,,
node,11502254251,HUE,Hue,Quán ăn chay Trường An,Ẩm thực & Cafe,16.4420624,107.5834351,304 Phan Bội Châu,Giờ mở cửa: Mo-Su 07:00-21:00.,0948575696,,Mo-Su 07:00-21:00,,True,restaurant,,,,
node,11502376121,HUE,Hue,Lagim BBQ & COFFEE,Ẩm thực & Cafe,16.4435616,107.5830612,272 Phan Bội Châu,Giờ mở cửa: Mo-Su 06:30-22:30.,0819931312,,Mo-Su 06:30-22:30,,True,cafe,,,,
node,11503000917,HUE,Hue,Noi Coffee & Milktea,Ẩm thực & Cafe,16.461813,107.5914383,11 Lý Thường Kiệt,Giờ mở cửa: Mo-Su 06:00-21:30.,,,Mo-Su 06:00-21:30,,True,cafe,,,,
node,11524078626,HUE,Hue,Han Cafe,Ẩm thực & Cafe,16.4786873,107.5776901,280 Đinh Tiên Hoàng,Giờ mở cửa: Mo-Su 07:00-22:00.,0706214174,,Mo-Su 07:00-22:00,,True,cafe,,,,
node,11527677882,HUE,Hue,75A Coffee & Beer,Ẩm thực & Cafe,16.4568119,107.5815659,75A Phan Đình Phùng,,,,,,True,cafe,,,,
node,11539188075,HUE,Hue,An Cafe,Ẩm thực & Cafe,16.4434442,107.5863545,112 Đặng Huy Trứ,,0972341579,,,,True,cafe,,,,
node,11539228111,HUE,Hue,Bún Đậu - LISA HOMEMADE,Ẩm thực & Cafe,16.4749749,107.5770479,92 Nhật Lệ,Ẩm thực: vietnamese. Giờ mở cửa: Mo-Su 10:00-22:00. Có Wifi.,0798750492,,Mo-Su 10:00-22:00,vietnamese,True,restaurant,,,,
node,11542185869,HUE,Hue,DeChill,Ẩm thực & Cafe,16.4254379,107.5651855,102 Huyền Trân Công Chúa,Giờ mở cửa: Mo-Su 07:00-21:00.,0931200003,,Mo-Su 07:00-21:00,,True,cafe,,,,
node,11548629305,HUE,Hue,Đa:mê space,Ẩm thực & Cafe,16.4747881,107.5846835,"15 Hàn Thuyên, Thuận Thành, Thành Phố Huế",Ẩm thực: coffee_shop. Giờ mở cửa: Mo-Su 07:00-22:00. Có Wifi.,0901111696,https://www.damecafe.vn/,Mo-Su 07:00-22:00,coffee_shop,True,cafe,,,,
node,11563420710,HUE,Hue,ChocoHouse,Ẩm thực & Cafe,16.4644375,107.5919342,20A Nguyễn Tri Phương,Giờ mở cửa: Mo-Su 07:00-23:00.,0988889911,,Mo-Su 07:00-23:00,,True,cafe,,,,
node,11581103771,HUE,Hue,Tiệm cafe Nàng Thơ,Ẩm thực & Cafe,16.4470625,107.5813807,220 Điện Biên Phủ,,0764814874,,,,True,cafe,,,,
node,11581255369,HUE,Hue,Nhà Quìn Coffee Roastery,Ẩm thực & Cafe,16.4605618,107.5941849,29a Lê Hồng Phong,Giờ mở cửa: Mo-Su 07:00-22:00.,0905500810,,Mo-Su 07:00-22:00,,True,cafe,,,,
node,11581471130,HUE,Hue,Cafe ĐÒ CỒN,Ẩm thực & Cafe,16.4821873,107.5904388,222 222 Đ. Chi Lăng,Giờ mở cửa: Mo-Su 06:00-22:00.,,,Mo-Su 06:00-22:00,,True,cafe,,,,
node,11583475134,HUE,Hue,MooD kafe,Ẩm thực & Cafe,16.4558125,107.5883102,170 Phan Chu Trinh,Giờ mở cửa: Mo-Su 06:00-22:00.,,,Mo-Su 06:00-22:00,,True,cafe,,,,
node,11586753635,HUE,Hue,Bún Chả Cá CƯỜNG NY,Ẩm thực & Cafe,16.4596882,107.6060638,137 Trường Chinh,"Giờ mở cửa: Mo-Su 06:00-13:00, 16:00-21:00.",0764480558,,"Mo-Su 06:00-13:00, 16:00-21:00",,True,restaurant,,,,
node,11597470871,HUE,Hue,Truong Son,Ẩm thực & Cafe,16.4311648,107.5662956,,"Ẩm thực: local, vietnamese. Có Wifi.",,,,"local, vietnamese",True,restaurant,,,,
node,11618094592,HUE,Hue,Thúy Mỳ Quảng,Ẩm thực & Cafe,16.4509373,107.5893097,147 Trần Phú,,0775016046,,,,True,restaurant,,,,
node,11620449133,HUE,Hue,Cháo Lươn - Súp Lươn,Ẩm thực & Cafe,16.4410629,107.5821838,353 Điện Biên Phủ,,,,,,True,restaurant,,,,
way,1251149947,HUE,Hue,Golden Star Villa,Khách sạn & Lưu trú,16.4608893,107.5560931,"49 Nguyễn Hoàng, Hue",,,,,,False,,,,,
node,11633676716,HUE,Hue,Hiên trà Nhị Độ Mai,Ẩm thực & Cafe,16.4666882,107.5741882,kiệt 26 đường Nguyễn Thiện Thuật,Giờ mở cửa: Mo-Su 07:30-22:00.,,,Mo-Su 07:30-22:00,,True,cafe,,,,
node,11636672246,HUE,Hue,Cháo dinh dưỡng Bé Bo,Ẩm thực & Cafe,16.4574375,107.5868149,66 Nguyễn Huệ,,0905874758,,,,True,restaurant,,,,
node,11648978006,HUE,Hue,Tiệm bánh ép nhà Su,Ẩm thực & Cafe,16.4589367,107.6038132,36 Huỳnh Tấn Phát,Giờ mở cửa: Mo-Su 11:30-22:00.,0935671221,,Mo-Su 11:30-22:00,,True,restaurant,,,,
node,11649210358,HUE,Hue,D House & Coffee,Ẩm thực & Cafe,16.4569378,107.5813141,1A Phan Đình Phùng,,0919394548,,,,True,cafe,,,,
node,11654862269,HUE,Hue,lò bánh,Ẩm thực & Cafe,16.4650894,107.5745367,29 Nguyễn Trãi,Giờ mở cửa: Mo-Su 06:00-21:30.,,,Mo-Su 06:00-21:30,,True,restaurant,,,,
node,11661046369,HUE,Hue,Hải Phương Hotel,Khách sạn & Lưu trú,16.4617751,107.5890598,,,,,,,False,,,,,
node,11661746101,HUE,Hue,Cafe TÀU,Ẩm thực & Cafe,16.4509373,107.6034393,12/6 Hồ Đắc Di,,,,,,True,cafe,,,,
node,11668532711,HUE,Hue,CÁT Coffee,Ẩm thực & Cafe,16.4351883,107.5741882,69 Lê Ng. Cát,Giờ mở cửa: Mo-Su 07:00-22:00.,0906560001,,Mo-Su 07:00-22:00,,True,cafe,,,,
node,11671468735,HUE,Hue,Thanh Lich Royal Boutique,Khách sạn & Lưu trú,16.4603865,107.5893773,"33 Hai Bà Trưng, Vĩnh Ninh, Huế",Có Wifi.,02343825974,https://thanhlichhotel.com.vn/tl1,,,False,,,,,
node,11671468736,HUE,Hue,Hương Ngự Restaurant,Ẩm thực & Cafe,16.4603677,107.5893787,"33 Hai Bà Trưng, Vĩnh Ninh, Huế",Giờ mở cửa: Mo-Su 06:00-22:00.,02343881999,https://thanhlichhotel.com.vn/tl1/Am-thuc/Nha-hang-Huong-Ngu/,Mo-Su 06:00-22:00,,True,restaurant,,,,
node,11715518269,HUE,Hue,tan.,Ẩm thực & Cafe,16.4610473,107.5967656,25 Nguyễn Thị Minh Khai,Ẩm thực: coffee_shop. Giờ mở cửa: Mo-Su 06:30-22:00. Có Wifi.,0898185354,,Mo-Su 06:30-22:00,coffee_shop,False,,,,,
node,11726617320,HUE,Hue,Fika Kafe,Ẩm thực & Cafe,16.474062,107.5771866,1 Tuệ Tĩnh,Giờ mở cửa: Mo-Su 06:30-22:30.,,,Mo-Su 06:30-22:30,,True,cafe,,,,
node,11730945064,HUE,Hue,Nhà hàng tiệc cưới Happy Land,Ẩm thực & Cafe,16.4635341,107.6008067,"20 Tố Hữu, Xuân Phú, Phường Xuân Phú",Ẩm thực: vietnamese. Giờ mở cửa: Mo-Su 07:30-18:00.,0916499295,https://www.facebook.com/nhahanghappyland/,Mo-Su 07:30-18:00,vietnamese,True,restaurant,,,,
node,11736552273,HUE,Hue,Nâu Coffee Shop,Ẩm thực & Cafe,16.4445629,107.5863113,103 Đặng Huy Trứ,Giờ mở cửa: Mo-Su 06:00-22:00. Có Wifi.,,,Mo-Su 06:00-22:00,,True,cafe,,,,
node,11743201969,HUE,Hue,Spring Garden Villa,Khách sạn & Lưu trú,16.4342502,107.5808525,46 Minh Mang,Có Wifi.,,,,,False,,,,,
node,11743366860,HUE,Hue,Hoiana Coffee,Ẩm thực & Cafe,16.4648132,107.588562,3 Trương Định,Giờ mở cửa: Mo-Su 06:00-22:00.,,,Mo-Su 06:00-22:00,,True,cafe,,,,
node,11759617140,HUE,Hue,de.hiên,Ẩm thực & Cafe,16.4570618,107.5828094,30 Trần Thúc Nhẫn,Giờ mở cửa: Mo-Su 07:00-22:00.,,,Mo-Su 07:00-22:00,,True,cafe,,,,
node,11762782735,HUE,Hue,Gió Coffee Bar,Ẩm thực & Cafe,16.4259377,107.5759354,10/1 Kiệt 106 Minh Mạng,Giờ mở cửa: Mo-Su 07:00-21:30. Có Wifi.,,,Mo-Su 07:00-21:30,,True,cafe,,,,
node,11779409369,HUE,Hue,Codo Garden Homestay,Khách sạn & Lưu trú,16.4679184,107.6016126,4 Nguyễn Bính,,0905490285,,,,True,homestay_guesthouse,,,,
node,11798778644,HUE,Hue,Midori Cafe and Bakery,Ẩm thực & Cafe,16.4659367,107.6045609,46 Lý Tự Trọng,Giờ mở cửa: Mo-Su 07:30-12:00; Mo-Su 14:00-21:30.,0935202379,,Mo-Su 07:30-12:00; Mo-Su 14:00-21:30,,True,cafe,,,,
node,11829758971,HUE,Hue,Cơm hẻm 134,Ẩm thực & Cafe,16.4630623,107.5994339,21/134 Bà Triệu,Giờ mở cửa: Mo-Su 10:00-14:00.,,,Mo-Su 10:00-14:00,,True,restaurant,,,,
node,11885474778,HUE,Hue,An Garden - Coffee & Bakery,Ẩm thực & Cafe,16.4543133,107.5840607,98 Phan Chu Trinh,Giờ mở cửa: Mo-Su 06:30-22:00.,,,Mo-Su 06:30-22:00,,True,cafe,,,,
node,11885493160,HUE,Hue,Eva Homestay,Khách sạn & Lưu trú,16.4666164,107.5943002,,,03843915411,,,,False,,,,,
node,11885493161,HUE,Hue,Maya Homestay,Khách sạn & Lưu trú,16.4667328,107.5942848,,,,,,,False,,,,,
node,11885493166,HUE,Hue,Lavande Homestay,Khách sạn & Lưu trú,16.4663348,107.5944769,20a Bến Nghé,Có Wifi.,,,,,True,homestay_guesthouse,,,,
node,11887873215,HUE,Hue,Tiệm cơm Cố Đô 1986 - Trọn vị cơm nhà,Ẩm thực & Cafe,16.4508133,107.5890656,151 Trần Phú,Giờ mở cửa: Mo-Su 10:00-15:00.,,,Mo-Su 10:00-15:00,,True,restaurant,,,,
node,11888150027,HUE,Hue,Eva Homestay 2,Khách sạn & Lưu trú,16.4665218,107.5943583,,,03843915411,,,,False,,,,,
node,11892658669,HUE,Hue,a-mâze house,Khách sạn & Lưu trú,16.4783396,107.5799955,122 Lê Thánh Tôn,,,,,,True,homestay_guesthouse,,,,
node,11892677913,HUE,Hue,CB plus cafe & milktea,Ẩm thực & Cafe,16.4468117,107.6029358,50 Hồ Đắc Di,Giờ mở cửa: Mo-Su 06:00-22:30.,,,Mo-Su 06:00-22:30,,True,cafe,,,,
node,11893036369,HUE,Hue,tan.,Ẩm thực & Cafe,16.4733122,107.5815629,86 Đinh Tiên Hoàng,Ẩm thực: coffee_shop. Có Wifi.,,https://tan-co.vn/,,coffee_shop,False,,,,,
node,11907066440,HUE,Hue,Bonjour Cafe,Ẩm thực & Cafe,16.4543133,107.583313,59 Phan Bội Châu,,,,,,True,cafe,,,,
node,11914764769,HUE,Hue,Lien Hoa,Ẩm thực & Cafe,16.4650438,107.5972517,3 Lê Quý Đôn,Ẩm thực: vietnamese. Giờ mở cửa: Mo-Su 06:30-21:00. Có Wifi.,0234381684,,Mo-Su 06:30-21:00,vietnamese,True,restaurant,,,,
node,11919035602,HUE,Hue,Gahi Cafe,Ẩm thực & Cafe,16.4601879,107.5919342,36 Đống Đa,Giờ mở cửa: Mo-Su 06:00-22:00.,,,Mo-Su 06:00-22:00,,True,cafe,,,,
node,12090563169,HUE,Hue,Amy Hotel Hue,Khách sạn & Lưu trú,16.4690485,107.5969668,43A Kiệt 42 Nguyễn Công Trứ,Giờ mở cửa: 24/7. Có Wifi.,0777581505,,24/7,,False,,,,,
node,12099715356,HUE,Hue,Moon Garden Riverside,Khách sạn & Lưu trú,16.4480629,107.5343094,5/604 Bùi Thị Xuân,,0815103399,,,,True,homestay_guesthouse,,,,
node,12103910441,HUE,Hue,sweetie lemon café,Ẩm thực & Cafe,16.4433117,107.5841904,18 Võ Liêm Sơn,Giờ mở cửa: Mo-Su 08:00-21:00.,0365481701,,Mo-Su 08:00-21:00,,True,cafe,,,,
node,12165783401,HUE,Hue,OLD MONEY cafe & cocktails,Ẩm thực & Cafe,16.4686957,107.5980557,26/64 Nguyễn Công Trứ,Giờ mở cửa: Mo-Su 07:00-00:00. Có Wifi.,0777469955,,Mo-Su 07:00-00:00,,True,cafe,,,,
node,12165787501,HUE,Hue,Gạo Coffee,Ẩm thực & Cafe,16.4706761,107.5986852,73 Nguyễn Công Trứ,Giờ mở cửa: Mo-Su 07:00-22:00. Có Wifi.,0862841157,,Mo-Su 07:00-22:00,,True,cafe,,,,
node,12174050101,HUE,Hue,Cafe Nhiên,Ẩm thực & Cafe,16.4558196,107.5898173,188 Phan Chu Trinh,Giờ mở cửa: Mo-Su 07:00-22:00. Có Wifi.,0868781965,,Mo-Su 07:00-22:00,,True,cafe,,,,
node,12176055101,HUE,Hue,Cà phê It's my life,Ẩm thực & Cafe,16.4631791,107.5901138,41 Ngô Quyền,Có Wifi.,,,,,True,cafe,,,,
node,12198317332,HUE,Hue,Đồi cà phê,Ẩm thực & Cafe,16.4396877,107.5776901,31 Thanh Hải,,0986050011,,,,True,cafe,,,,
node,12213180099,HUE,Hue,CODO Coffee,Ẩm thực & Cafe,16.4743118,107.5850601,12 Ngô Đức Kế,Giờ mở cửa: Mo-Su 07:00-22:00.,,,Mo-Su 07:00-22:00,,True,cafe,,,,
node,12234491447,HUE,Hue,HP3 BBQ AEONMALL HUẾ,Ẩm thực & Cafe,16.4547217,107.614836,"08 Võ Nguyên Giáp, Phường An Đông",Ẩm thực: vietnamese. Giờ mở cửa: Mo-Su 10:00-23:00.,02253832588,https://hp3bbq.com/,Mo-Su 10:00-23:00,vietnamese,True,restaurant,,,,
node,12234512028,HUE,Hue,Khao & Nua Aeon Mall Huế,Ẩm thực & Cafe,16.454516,107.6147341,"08 Võ Nguyên Giáp, Phường An Đông",Ẩm thực: thai. Giờ mở cửa: Mo-Su 10:00-22:00. Có Wifi.,02253833588,https://www.khaonua.vn/,Mo-Su 10:00-22:00,thai,True,restaurant,,,,
node,12238730139,HUE,Hue,Le Parfum,Ẩm thực & Cafe,16.4594471,107.5800119,"5 Lê Lợi, Vĩnh Ninh, Vĩnh Ninh, Huế","Ẩm thực: french, vietnamese.",02343837475,https://azerai.com/azerai-la-residence-hue/dining/,,"french, vietnamese",True,restaurant,,,,
node,12311534477,HUE,Hue,Hiên cà phê,Ẩm thực & Cafe,16.4169795,107.5829234,,Có Wifi. Chỗ ngồi ngoài trời.,,,,,True,cafe,,,,
node,12314700938,HUE,Hue,Soleil Boutique,Khách sạn & Lưu trú,16.4675856,107.5832878,,Có Wifi.,,,,,False,,,,,
node,12318159702,HUE,Hue,Stele Pavilion,Điểm tham quan & Cảnh quan,16.4331868,107.5653998,,,,,,,False,,,,,
node,12318720401,HUE,Hue,Zucca,Ẩm thực & Cafe,16.4701617,107.5951557,15 Chu Văn An,,,,,,True,restaurant,,,,
node,12329713540,HUE,Hue,Trang Nguyen Hotel,Khách sạn & Lưu trú,16.4691869,107.5944752,26,,0969359610,,,,False,,,,,
node,12386160201,HUE,Hue,Hajime Homestay Hue,Khách sạn & Lưu trú,16.4388401,107.5782853,44 Lê Ngô Cát,Có Wifi.,,,,,True,homestay_guesthouse,,,,
node,12386701765,HUE,Hue,Katinat Cafe,Ẩm thực & Cafe,16.4716702,107.5950694,"112 Lê Lợi, Phú Hôi, Huế",,,,,,True,cafe,,,,
node,12411930072,HUE,Hue,Bi Đình,Di tích & Lịch sử,16.3616686,107.5975047,,Emperor's stele,,,,,False,,,,,
node,12411957519,HUE,Hue,Lăng Dục Đức,Di tích & Lịch sử,16.4510937,107.5931525,,,,,,,False,,,,,
node,12412165616,HUE,Hue,Madam Thu 2,Ẩm thực & Cafe,16.4688686,107.5954907,,Ẩm thực: vietnamese.,,,,vietnamese,True,restaurant,,,,
node,12412512101,HUE,Hue,Spice Viet,Ẩm thực & Cafe,16.4608913,107.5915617,15 Lý Thường Kiệt,,,https://eatspiceviet.com/,,,True,restaurant,,,,
node,12412617101,HUE,Hue,Sen Hotel,Khách sạn & Lưu trú,16.4607867,107.5898656,,,,,,,False,,,,,
node,12412620301,HUE,Hue,Nhi's Crepe & Pizza,Ẩm thực & Cafe,16.4607613,107.5900726,,Ẩm thực: italian_pizza. Giờ mở cửa: Mo-Su 11:00-23:00.,,,Mo-Su 11:00-23:00,italian_pizza,True,restaurant,,,,
node,12414408401,HUE,Hue,Nice Hue Hotel,Khách sạn & Lưu trú,16.4607112,107.5892633,,,,,,,False,,,,,
node,12414887701,HUE,Hue,Yên Tea Caffe,Ẩm thực & Cafe,16.4628689,107.5932321,,,,,,,True,cafe,,,,
node,12449708601,HUE,Hue,Vietnamese Restaurant - Hue specialty Restaurant - FastFood 22 - Coffee&Smothies & Restaurant,Ẩm thực & Cafe,16.4675963,107.5825208,22 Trần Huy Liệu,"Ẩm thực: vietnamese. Giờ mở cửa: Su,Th-Sa,Mo,We,Tu 09:00-21:00. Có Wifi.",0934952994,https://maps.app.goo.gl/b79wB2oTQLQwEPAKA?g_st=com.google.maps.preview.copy,"Su,Th-Sa,Mo,We,Tu 09:00-21:00",vietnamese,True,restaurant,,,,
node,12458392994,HUE,Hue,Meliá Vinpearl Hue,Khách sạn & Lưu trú,16.463231,107.5941414,"50A Hùng Vương, Phú Nhuận, Huế",,02343688666,https://www.melia.com/en/hotels/vietnam/hue-city/melia-vinpearl-hue,,,False,,,,,
node,12458392995,HUE,Hue,WinMart,Mua sắm & Chợ,16.4630664,107.5944082,,Giờ mở cửa: Mo-Sa 08:00-22:00.,,,Mo-Sa 08:00-22:00,,False,,,,,
node,12458493963,HUE,Hue,Tang  tho lao,Văn hóa & Nghệ thuật,16.4809553,107.5766048,,,,,,,False,,,,,
node,12458574301,HUE,Hue,Madam Thu 2 & Cooking Classes,Ẩm thực & Cafe,16.4688896,107.5954783,,,,,,,True,restaurant,,,,
node,12495126102,HUE,Hue,Nhà Nâu - Cơm nhà trà hoa,Ẩm thực & Cafe,16.4736826,107.5830307,45 Hàn Thuyên,"Ẩm thực: local, vietnamese. Giờ mở cửa: Mo-Su 09:30-14:00. Có Wifi.",,,Mo-Su 09:30-14:00,"local, vietnamese",True,restaurant,,,,
node,12546999774,HUE,Hue,Urban Go,Mua sắm & Chợ,16.4678228,107.5841273,"19 Trần Hưng Đạo, Đông Ba, Phú Xuân, Huế",Giờ mở cửa: Mo-Su 06:00-02:00.,0913107738,,Mo-Su 06:00-02:00,,False,,,,,
node,12572846101,HUE,Hue,Melody Riverside,Khách sạn & Lưu trú,16.456403,107.601529,20 Đường Hải Triều,Giờ mở cửa: 24/7. Có Wifi.,0915217575,,24/7,,True,homestay_guesthouse,,,,
node,12580977201,HUE,Hue,Why Not? Bar - Restaurant,Ẩm thực & Cafe,16.4689298,107.5948615,19 Phạm Ngũ Lão,"Ẩm thực: mexican, pasta, vietnamese. Giờ mở cửa: Mo-Su 08:00-00:00. Có Wifi.",02343846868,,Mo-Su 08:00-00:00,"mexican, pasta, vietnamese",True,restaurant,,,,
node,12608775301,HUE,Hue,Tam Vegan,Ẩm thực & Cafe,16.4540858,107.5523203,74 Nguyễn Phúc Nguyên,Ẩm thực: vietnamese. Giờ mở cửa: Mo-Su 08:00-21:30. Có Wifi.,0867035503,,Mo-Su 08:00-21:30,vietnamese,True,restaurant,,,,
node,12618556412,HUE,Hue,Q' Homestay Garden Villa,Khách sạn & Lưu trú,16.4680021,107.6015852,6 Nguyễn Bính,Có Wifi.,,,,,True,homestay_guesthouse,,,,
node,12620728401,HUE,Hue,Ca Phe Che Nong “5km/h” (sesame desserts and coffee),Ẩm thực & Cafe,16.4559186,107.5809333,30 Điện Biên Phủ,"Ẩm thực: chinese, coffee_shop, local, tea, vietnamese.",0908906213,,,"chinese, coffee_shop, local, tea, vietnamese",True,cafe,,,,
node,12622178801,HUE,Hue,Starbucks,Ẩm thực & Cafe,16.4692099,107.5909041,,"Ẩm thực: breakfast, cake, coffee_shop, tea. Giờ mở cửa: Mo-Su 07:00-23:00. Có Wifi.",,,Mo-Su 07:00-23:00,"breakfast, cake, coffee_shop, tea",False,,,,,
node,12622178803,HUE,Hue,"illegal entrance to palace, climb over",Điểm tham quan & Cảnh quan,16.4565984,107.5981417,,,,,,,False,,,,,
node,12622328168,HUE,Hue,T Roaster,Ẩm thực & Cafe,16.4855875,107.5881843,7 Sư Vạn Hạnh,Ẩm thực: coffee_shop. Có Wifi.,,,,coffee_shop,True,cafe,,,,
node,12622668997,HUE,Hue,Kim Coffee,Ẩm thực & Cafe,16.4744497,107.5997999,,Ẩm thực: coffee_shop.,,,,coffee_shop,True,cafe,,,,
node,12622680704,HUE,Hue,Sline,Ẩm thực & Cafe,16.47866,107.5993478,,Ẩm thực: coffee_shop. Có Wifi.,,,,coffee_shop,True,cafe,,,,
node,12622681012,HUE,Hue,Bánh Bèo O Thảo,Ẩm thực & Cafe,16.4764913,107.581178,,Ẩm thực: vietnamese.,,,,vietnamese,True,restaurant,,,,
node,12622683806,HUE,Hue,Bánh Canh,Ẩm thực & Cafe,16.4733065,107.5983852,,"Ẩm thực: vietnamese, noodle.",,,,"vietnamese, noodle",True,restaurant,,,,
node,12622692062,HUE,Hue,Nem lụi Ku Huế,Ẩm thực & Cafe,16.4756153,107.5822085,46 Nguyễn Biểu,"Ẩm thực: barbecue, vietnamese.",,,,"barbecue, vietnamese",True,restaurant,,,,
node,12624712213,HUE,Hue,Quán Linh Chi,Ẩm thực & Cafe,16.482947,107.5959689,,Ẩm thực: vietnamese.,,,,vietnamese,True,restaurant,,,,
node,12624712339,HUE,Hue,Chè Cầm,Ẩm thực & Cafe,16.4746333,107.5953934,,"Ẩm thực: dessert, vietnamese.",,,,"dessert, vietnamese",True,restaurant,,,,
node,12624717315,HUE,Hue,Daudo,Ẩm thực & Cafe,16.4727494,107.5959079,5 7 Nguyễn Công Trứ,Ẩm thực: coffee_shop. Có Wifi. Chỗ ngồi ngoài trời.,,,,coffee_shop,True,cafe,,,,
node,12629725965,HUE,Hue,Bếp Linh,Ẩm thực & Cafe,16.477197,107.5859874,141 Huỳnh Thúc Kháng,Ẩm thực: vietnamese.,,,,vietnamese,True,restaurant,,,,
node,12629726705,HUE,Hue,Thôi! Uống trà,Ẩm thực & Cafe,16.439723,107.527066,,Ẩm thực: tea.,,,,tea,True,cafe,,,,
node,12629737908,HUE,Hue,ROW. Roaster,Ẩm thực & Cafe,16.4812161,107.6106392,,Ẩm thực: coffee_shop.,,,,coffee_shop,True,cafe,,,,
node,12629741486,HUE,Hue,SOC Coffee,Ẩm thực & Cafe,16.4575038,107.5967461,,Ẩm thực: coffee_shop.,,,,coffee_shop,True,cafe,,,,
node,12629750054,HUE,Hue,HUEin,Ẩm thực & Cafe,16.4765385,107.5643217,,Ẩm thực: coffee_shop. Có Wifi. Chỗ ngồi ngoài trời.,,,,coffee_shop,True,cafe,,,,
node,12629757145,HUE,Hue,Bún Nghệ O Két,Ẩm thực & Cafe,16.4626942,107.5995817,10 Kiệt 154 Bà Triệu,"Ẩm thực: vietnamese, noodle.",,,,"vietnamese, noodle",True,restaurant,,,,
node,12629757601,HUE,Hue,Làng,Ẩm thực & Cafe,16.465164,107.6434495,,Ẩm thực: coffee_shop.,,,,coffee_shop,True,cafe,,,,
node,12631838944,HUE,Hue,Bánh Ép 3 Thị,Ẩm thực & Cafe,16.4707944,107.5688418,30 Triệu Quang Phục,"Ẩm thực: vietnamese, snack.",,,,"vietnamese, snack",True,restaurant,,,,
node,12631846150,HUE,Hue,Phinholic,Ẩm thực & Cafe,16.4649588,107.5928099,38 Nguyễn Tri Phương,Ẩm thực: coffee_shop. Giờ mở cửa: Mo-Su 08:00-17:30. Có Wifi.,0944209905,https://thecoffeeholic.vn/,Mo-Su 08:00-17:30,coffee_shop,False,,,,,
node,12632000434,HUE,Hue,Bánh bèo Út,Ẩm thực & Cafe,16.4659414,107.5738862,55 Nguyễn Trãi,Ẩm thực: vietnamese.,,,,vietnamese,True,restaurant,,,,
node,12632035631,HUE,Hue,Quán Bánh Chi,Ẩm thực & Cafe,16.4618635,107.6033569,52 Lê Viết Lượng,Ẩm thực: vietnamese.,,,,vietnamese,True,restaurant,,,,
node,12632050596,HUE,Hue,Hương Cơm Hến,Ẩm thực & Cafe,16.4748117,107.5954102,,Ẩm thực: vietnamese.,,,,vietnamese,True,restaurant,,,,
node,12632081307,HUE,Hue,Hanok Cafe,Ẩm thực & Cafe,16.4695401,107.5982113,14A Kiệt 64 Nguyễn Công Trứ,Ẩm thực: coffee_shop.,,,,coffee_shop,True,cafe,,,,
node,12632082458,HUE,Hue,Loan Bánh Canh Cá Lóc,Ẩm thực & Cafe,16.4560038,107.5809063,Điện Biên Phủ 22A,"Ẩm thực: vietnamese, noodle.",,,,"vietnamese, noodle",True,restaurant,,,,
node,12633287981,HUE,Hue,Quán Lan,Ẩm thực & Cafe,16.464638,107.6001946,,Ẩm thực: vietnamese.,,,,vietnamese,True,restaurant,,,,
node,12633494662,HUE,Hue,Bún Mắm Nêm O Bê,Ẩm thực & Cafe,16.4736575,107.588223,1 Phan Đăng Lưu,Ẩm thực: vietnamese.,,,,vietnamese,True,restaurant,,,,
node,12633494663,HUE,Hue,Chè Thanh,Ẩm thực & Cafe,16.476711,107.582452,78 Mai Thúc Loan,"Ẩm thực: dessert, vietnamese. Giờ mở cửa: Mo-Su 16:00+.",,,Mo-Su 16:00+,"dessert, vietnamese",True,restaurant,,,,
node,12634830701,HUE,Hue,T.U.I Cafe,Ẩm thực & Cafe,16.4475101,107.5848449,9 Chế Lan Viên,Giờ mở cửa: Mo-Su 06:30-22:00. Có Wifi.,0862586375,,Mo-Su 06:30-22:00,,True,cafe,,,,
node,12635069223,HUE,Hue,Xuan Phu,Ẩm thực & Cafe,16.4677756,107.6080154,,"Ẩm thực: coffee_shop, vietnamese. Có Wifi.",,,,"coffee_shop, vietnamese",True,cafe,,,,
node,12635072088,HUE,Hue,Simp Cà,Ẩm thực & Cafe,16.4641488,107.6054125,,Ẩm thực: coffee_shop. Có Wifi.,,,,coffee_shop,True,cafe,,,,
node,12635095179,HUE,Hue,Mì ốp la,Ẩm thực & Cafe,16.4676144,107.6038447,,Ẩm thực: vietnamese. Có Wifi.,,,,vietnamese,True,restaurant,,,,
node,12662219137,HUE,Hue,Hue Sweethouse 1 Homestay,Khách sạn & Lưu trú,16.4640246,107.5935688,"8/27 Hà Nội, Phú Nhuận, Huế",Có Wifi.,0941385559,,,,False,,,,,
node,12662335880,HUE,Hue,Tinh Tâm Vegan,Ẩm thực & Cafe,16.4702907,107.5949093,,Ẩm thực: vietnamese. Giờ mở cửa: Mo-Su 08:00-22:30. Có Wifi. Chỗ ngồi ngoài trời.,,,Mo-Su 08:00-22:30,vietnamese,True,restaurant,,,,
node,12662380037,HUE,Hue,Cin Chao,Ẩm thực & Cafe,16.4703605,107.5949899,,Ẩm thực: vietnamese.,0567897575,,,vietnamese,True,restaurant,,,,
node,12662571223,HUE,Hue,Bưu Điện,Ẩm thực & Cafe,16.4645645,107.5904026,,Giờ mở cửa: Mo-Su 06:00-22:00. Có Wifi.,,,Mo-Su 06:00-22:00,,True,cafe,,,,
node,12672619701,HUE,Hue,Sunny A Hotel,Khách sạn & Lưu trú,16.4644332,107.5929502,,,,,,,False,,,,,
node,12733000901,HUE,Hue,White Lotus,Khách sạn & Lưu trú,16.4653175,107.5906483,05-07 Hoàng Hoa Thám,,,,,,False,,,,,
node,12780239675,HUE,Hue,Banh Mi Ba Bu,Ẩm thực & Cafe,16.4660378,107.5947277,,Ẩm thực: vietnamese.,,,,vietnamese,True,restaurant,,,,
node,12841076501,HUE,Hue,Cafè - Giai Khat,Ẩm thực & Cafe,16.3881149,107.5705693,,,,,,,True,cafe,,,,
node,12896512075,HUE,Hue,Quán Chay Phương Nam,Ẩm thực & Cafe,16.4836685,107.5928074,15 Hẻm 4 Kiệt 12 Ưng Bình,Ẩm thực: vietnamese.,01215757791,,,vietnamese,True,restaurant,,,,
node,12898732301,HUE,Hue,An Nhien Garden,Ẩm thực & Cafe,16.4935804,107.5994532,,"Ẩm thực: vietnamese, international.",,,,"vietnamese, international",True,restaurant,,,,
node,12901339626,HUE,Hue,Ẩm Thực Chay Tịnh Tâm Đinh Vũ,Ẩm thực & Cafe,16.4794887,107.5904717,168 Trịnh Công Sơn,Ẩm thực: vietnamese.,0935008855,,,vietnamese,True,restaurant,,,,
node,12904067110,HUE,Hue,Nhà Hàng Chay Huế An,Ẩm thực & Cafe,16.4246565,107.5811927,,Ẩm thực: vietnamese.,,,,vietnamese,True,restaurant,,,,
node,13037499701,HUE,Hue,Mall,Mua sắm & Chợ,16.4549691,107.6148241,,,,,,,False,,,,,
node,13041315501,HUE,Hue,Nook Eatery,Ẩm thực & Cafe,16.469733,107.597434,,Có Wifi.,,,,,True,restaurant,,,,
node,13045044001,HUE,Hue,Trốn cafe,Ẩm thực & Cafe,16.4652171,107.5977936,21 Lê Quý Đôn,Giờ mở cửa: Mo-Su 07:00-00:00. Có Wifi.,,,Mo-Su 07:00-00:00,,True,cafe,,,,
node,13059024694,HUE,Hue,Le Robinet,Khách sạn & Lưu trú,16.4664491,107.5740471,,,,,,,False,,,,,
node,13059243845,HUE,Hue,Hi. Haven,Ẩm thực & Cafe,16.467131,107.570051,,,,,,,True,cafe,,,,
node,13063143901,HUE,Hue,Stella Garden,Ẩm thực & Cafe,16.47398,107.5947079,Nguyễn Sinh Cung,Ẩm thực: international. Giờ mở cửa: Mo-Su 10:00-22:00. Có Wifi.,0787577222,,Mo-Su 10:00-22:00,international,True,restaurant,,,,
node,13070102001,HUE,Hue,Gánh Bún Đậu 1988,Ẩm thực & Cafe,16.4736166,107.5749851,8 Nhật Lệ,Ẩm thực: vietnamese. Giờ mở cửa: Mo-Su 06:00-22:00. Có Wifi.,,,Mo-Su 06:00-22:00,vietnamese,True,restaurant,,,,
node,13088997401,HUE,Hue,BY..cafe,Ẩm thực & Cafe,16.4653327,107.5688644,52 Tôn Thất Thiệp,Giờ mở cửa: Mo-Su 07:30-21:30. Có Wifi.,,,Mo-Su 07:30-21:30,,True,cafe,,,,
node,13143782201,HUE,Hue,Nana Homestay & Villa,Khách sạn & Lưu trú,16.4568777,107.5960969,3 Phan Đình Phùng,Có Wifi.,,,,,False,,,,,
node,13147675601,HUE,Hue,Namto House Coffee Hue,Ẩm thực & Cafe,16.4650002,107.5928852,40 Nguyễn Tri Phương,"Ẩm thực: cake, coffee_shop, french.",,,,"cake, coffee_shop, french",True,cafe,,,,
node,13245044001,HUE,Hue,43 House Coffee,Ẩm thực & Cafe,16.4481962,107.5864399,43 Đặng Huy Trứ,Giờ mở cửa: Mo-Su 06:00-22:00. Có Wifi.,,,Mo-Su 06:00-22:00,,True,cafe,,,,
node,13296108686,HUE,Hue,Bến Trăng,Ẩm thực & Cafe,16.4602495,107.5807488,,Ẩm thực: bistro. Giờ mở cửa: 06:30-23:00. Chỗ ngồi ngoài trời.,,,06:30-23:00,bistro,True,restaurant,,,,
node,13296291223,HUE,Hue,Katinat,Ẩm thực & Cafe,16.460279,107.5804302,,,,,,,True,cafe,,,,
node,13296620876,HUE,Hue,Nhà Nghỉ Hoàng,Khách sạn & Lưu trú,16.4568879,107.5777129,,,,,,,True,homestay_guesthouse,,,,
node,13296689049,HUE,Hue,Moonlight Cruises,Dịch vụ du lịch,16.460389,107.5806454,,,,,,,False,,,,,
node,13307811801,HUE,Hue,Quan Café 51,Ẩm thực & Cafe,16.4668968,107.5752459,,,,,,,True,cafe,,,,
node,13339681701,HUE,Hue,Tiệm Cà Phê 81,Ẩm thực & Cafe,16.4307049,107.5631608,81 Huyền Trân Công Chúa,Có Wifi.,,,,,True,cafe,,,,
node,13362832701,HUE,Hue,son.studio,Ẩm thực & Cafe,16.4696786,107.5730216,115 Lê Huân,Giờ mở cửa: Mo-Su 07:00-22:30. Có Wifi.,,,Mo-Su 07:00-22:30,,True,cafe,,,,
node,13392222001,HUE,Hue,My Home,Ẩm thực & Cafe,16.4605408,107.5636804,,,,,,,True,restaurant,,,,
node,13407020612,HUE,Hue,Benly Coffee,Ẩm thực & Cafe,16.4690748,107.5934961,3 Đội Cung,"Ẩm thực: coffee_shop, tea. Có Wifi.",,,,"coffee_shop, tea",True,cafe,,,,
node,13408004501,HUE,Hue,Le Ba Dang Art Foundation,Văn hóa & Nghệ thuật,16.4653726,107.5879553,,,,,,,False,,,,,
node,13408518801,HUE,Hue,Binh Luc,Ẩm thực & Cafe,16.4698919,107.6026819,,,,,,,True,restaurant,,,,
node,13408518907,HUE,Hue,Donald Trung,Ẩm thực & Cafe,16.4614519,107.6044481,,,,,,,True,restaurant,,,,
node,13408519203,HUE,Hue,Buffet Sai Gon,Ẩm thực & Cafe,16.4618097,107.6047399,,,,,,,True,restaurant,,,,
node,13408519702,HUE,Hue,Highlands Coffee,Ẩm thực & Cafe,16.4607933,107.6041147,,"Ẩm thực: coffee_shop, vietnamese.",,,,"coffee_shop, vietnamese",False,,,,,
node,13408558602,HUE,Hue,Highlands Coffee,Ẩm thực & Cafe,16.4602973,107.5992686,,,,,,,False,,,,,
node,13408558603,HUE,Hue,Minh Coffee,Ẩm thực & Cafe,16.4757496,107.6021132,,,,,,,True,cafe,,,,
node,13408849301,HUE,Hue,Thảo An 2,Khách sạn & Lưu trú,16.4756935,107.6024292,,,,,,,False,,,,,
node,13410226401,HUE,Hue,Mộc Nhiên Quán Chay,Ẩm thực & Cafe,16.4736937,107.5847284,43 Đường Xuân 68,Ẩm thực: vietnamese. Có Wifi.,0934889411,,,vietnamese,True,restaurant,,,,
node,13410370101,HUE,Hue,Highlands Coffee,Ẩm thực & Cafe,16.4707031,107.5874416,6 Trần Hưng Đạo,"Ẩm thực: coffee_shop, vietnamese.",,,,"coffee_shop, vietnamese",False,,,,,
node,13412432002,HUE,Hue,Leng Keng,Ẩm thực & Cafe,16.4744596,107.6022045,,,,,,,True,restaurant,,,,
node,13412680801,HUE,Hue,Orange Pickleball,Thể thao & Giải trí,16.4777697,107.6003261,77 Trương Gia Mô,Có Wifi.,0969601777,,,,False,,,,,
node,13412747802,HUE,Hue,Com Hen 05 Han Mac Tu,Ẩm thực & Cafe,16.4743228,107.5957707,5 Hàn Mặc Tử,"Ẩm thực: local, vietnamese.",,,,"local, vietnamese",True,restaurant,,,,
node,13412747901,HUE,Hue,Romance Riverside Restaurant,Ẩm thực & Cafe,16.4738693,107.5971056,,,,,,,True,restaurant,,,,
node,13415094601,HUE,Hue,Trạm Dung Coffee,Ẩm thực & Cafe,16.460159,107.5814613,,,,,,,True,cafe,,,,
node,13417214401,HUE,Hue,Bun Bò Hué Thúy,Ẩm thực & Cafe,16.4653042,107.589373,,Ẩm thực: vietnamese. Chỗ ngồi ngoài trời.,0935949247,,,vietnamese,True,restaurant,,,,
node,13426058555,HUE,Hue,Grand Royal Riverside,Khách sạn & Lưu trú,16.4663836,107.5911357,,,,,,,False,,,,,
node,13426068402,HUE,Hue,Duong Tranh Garden,Khách sạn & Lưu trú,16.3678303,107.6005772,Định Môn,Có Wifi.,,,,,True,homestay_guesthouse,,,,
node,13427852161,HUE,Hue,Banana flower,Ẩm thực & Cafe,16.4684859,107.5948834,,,,,,,True,restaurant,,,,
node,13427871267,HUE,Hue,Healing homestay,Khách sạn & Lưu trú,16.4707391,107.5960155,,,,,,,False,,,,,
node,13427921565,HUE,Hue,Phê-La,Ẩm thực & Cafe,16.4670921,107.5906155,,,,,,,True,cafe,,,,
node,13428405393,HUE,Hue,Ngõ Nhỏ,Ẩm thực & Cafe,16.4731233,107.5803467,,,,,,,True,restaurant,,,,
node,13432541512,HUE,Hue,Jules Ferry,Ẩm thực & Cafe,16.4666599,107.5899324,,,,,,,True,restaurant,,,,
node,13439305502,HUE,Hue,An Nhi Chay,Ẩm thực & Cafe,16.4649409,107.5892822,7 Phạm Hồng Thái.,Ẩm thực: vietnamese. Có Wifi.,0866044844,,,vietnamese,True,restaurant,,,,
node,13475362121,HUE,Hue,Café Moon,Ẩm thực & Cafe,16.4169782,107.5833062,,,,,,,True,restaurant,,,,
node,13503143701,HUE,Hue,Thanh Toan Bridge,Điểm tham quan & Cảnh quan,16.4667729,107.6427024,,,,,,,False,,,,,
node,13503333250,HUE,Hue,Lăng Thiên Thọ Hữu,Di tích & Lịch sử,16.3640956,107.5955915,,,,,,,False,,,,,
node,13505984902,HUE,Hue,Cherry Restaurant & Coffee,Ẩm thực & Cafe,16.469449,107.5969621,,,,,,,True,restaurant,,,,
node,13516110330,HUE,Hue,Làng Hué,Mua sắm & Chợ,16.4406786,107.5608921,,,,,,,True,craft_gift_shop,,,,
node,13516216795,HUE,Hue,Phaolô Tông Viét Búòng,Văn hóa & Nghệ thuật,16.4532593,107.587466,,,,,,,False,,,,,
node,13516216798,HUE,Hue,Eugène Marie Joseph Allys,Văn hóa & Nghệ thuật,16.4533112,107.5876136,,,,,,,False,,,,,
node,13516238185,HUE,Hue,NGUYỄN TÁT THÁNH,Văn hóa & Nghệ thuật,16.4598374,107.583523,,,,,,,False,,,,,
node,13516424798,HUE,Hue,1979 Homestay 2,Khách sạn & Lưu trú,16.476504,107.577598,,Có Wifi.,0914657885,,,,True,homestay_guesthouse,,,,
node,13516526345,HUE,Hue,Mixue,Ẩm thực & Cafe,16.476673,107.5824043,,"Ẩm thực: ice_cream, bubble_tea.",,,,"ice_cream, bubble_tea",False,,,,,
node,13519036401,HUE,Hue,Hue Sweethouse 2 Homestay,Khách sạn & Lưu trú,16.4724312,107.5972556,17 Nguyễn Công Trứ,,,,,,False,,,,,
node,13617679512,HUE,Hue,ẨM THỰC VỊ HUẾ,Ẩm thực & Cafe,16.4637275,107.5742836,,Ẩm thực: vietnamese.,0905514747,,,vietnamese,True,restaurant,,,,
node,13631349519,HUE,Hue,Ngam,Ẩm thực & Cafe,16.4789538,107.5771522,,Chỗ ngồi ngoài trời.,,,,,True,cafe,,,,
node,13631445511,HUE,Hue,WinMart+,Mua sắm & Chợ,16.4769305,107.5787426,,,,,,,False,,,,,
node,13638488673,HUE,Hue,Boto,Ẩm thực & Cafe,16.4767524,107.5767001,,Chỗ ngồi ngoài trời.,,,,,True,cafe,,,,
node,13644094722,HUE,Hue,Gểnal Nguyen Chi Thahn Múeum,Văn hóa & Nghệ thuật,16.470602,107.57292,,"Giờ mở cửa: Tu-Su 09:00-11:30,14:00-16:00.",,,"Tu-Su 09:00-11:30,14:00-16:00",,False,,,,,
node,13653730217,HUE,Hue,Hue imperial hostel,Khách sạn & Lưu trú,16.4696489,107.5946788,,Có Wifi.,,,,,True,homestay_guesthouse,,,,
node,13657451680,HUE,Hue,Nineties homestay,Khách sạn & Lưu trú,16.470334,107.5965754,,,,,,,False,,,,,
node,13658270435,HUE,Hue,Gia lac,Mua sắm & Chợ,16.5364734,107.6324859,,,,,,,False,,,,,
node,13660373343,HUE,Hue,Mingle,Ẩm thực & Cafe,16.4704229,107.5968671,,,,,,,True,cafe,,,,
node,13660373345,HUE,Hue,Pao,Khách sạn & Lưu trú,16.4695686,107.5963952,,,,,,,False,,,,,
node,13662716032,HUE,Hue,Lacasa hostel,Khách sạn & Lưu trú,16.4555585,107.592587,,Có Wifi.,,,,,True,homestay_guesthouse,,,,
node,13666637283,HUE,Hue,Friendly House,Khách sạn & Lưu trú,16.4644603,107.6004699,,Có Wifi.,,,,,True,homestay_guesthouse,,,,
node,13666663754,HUE,Hue,Xeko net,Thể thao & Giải trí,16.4658947,107.5994919,,,,,,,False,,,,,
node,13666677241,HUE,Hue,Lin,Ẩm thực & Cafe,16.464166,107.5987597,,,,,,,True,cafe,,,,
node,13668896820,HUE,Hue,Meme gaming,Thể thao & Giải trí,16.4506499,107.5886246,,,,,,,False,,,,,
node,13680910914,HUE,Hue,Bánh xèo Quảng Ngãi,Ẩm thực & Cafe,16.4927687,107.6025505,,Có Wifi. Hỗ trợ xe lăn.,,,,,True,cafe,,,,
node,13690428301,HUE,Hue,Leranda Homestay,Khách sạn & Lưu trú,16.471194,107.5959533,75 Võ Thị Sáu,Có Wifi.,0888633752,,,,False,,,,,
node,13691386901,HUE,Hue,Không gian sáng tạo tuổi thơ,Ẩm thực & Cafe,16.4638259,107.5857079,,,,,,,True,cafe,,,,
node,13706048892,HUE,Hue,Amber Homestay Huế,Khách sạn & Lưu trú,16.4539125,107.561803,"20 Kiệt 254 Bùi Thị Xuân, Phường Xuân Phí, Tp Huế, vn",Có Wifi.,0812056246,,,,False,,,,,
node,13764151602,HUE,Hue,Cà phê Chân Cầu,Ẩm thực & Cafe,16.4539007,107.5616013,16/254 Kiệt 254 Bùi Thị Xuân,Chỗ ngồi ngoài trời.,,,,,True,cafe,,,,
node,13895421601,HUE,Hue,Cozy restaurant,Ẩm thực & Cafe,16.4640572,107.5935403,,Ẩm thực: vietnamese.,,,,vietnamese,True,restaurant,,,,
node,13911090131,HUE,Hue,Bánh Ép Trang - Đặc Sản Huế,Ẩm thực & Cafe,16.4601091,107.6024056,"9A Nguyễn Hữu Thọ, Phường Xuân Phú, Thành phố Huế, Huế","Ẩm thực: bánh_ép, _đặc_sản_địa_phương, vietnamese, a_local_specialty.. Giờ mở cửa: 10:00-22:00.",0702352352,https://www.facebook.com/Banheptrang.2020/,10:00-22:00,"bánh_ép, _đặc_sản_địa_phương, vietnamese, a_local_specialty.",True,restaurant,,,,
node,13912397701,HUE,Hue,O thuong - Bun Bo - Banh Canh,Ẩm thực & Cafe,16.4712964,107.5972,36 Nguyễn Công Trứ,,,,,,True,restaurant,,,,
node,13917001802,HUE,Hue,Blue car,Điểm tham quan & Cảnh quan,16.408396,107.5792128,,,,,,,False,,,,,
node,13953214401,HUE,Hue,Hachi homestay,Khách sạn & Lưu trú,16.4460413,107.535754,,,,,,,False,,,,,
node,14026565802,HUE,Hue,Bánh canh cá lóc A Tài,Ẩm thực & Cafe,16.4662838,107.5954754,36 Trần Quang Khải,Giờ mở cửa: Mo-Su 15:00-21:00.,,,Mo-Su 15:00-21:00,,True,restaurant,,,,
node,14048155102,HUE,Hue,Cồn Nhỏ Riverhouse Bao Vinh Huế,Khách sạn & Lưu trú,16.5065307,107.5747122,Đường Nguyễn Thị Vy,Giờ mở cửa: 24/7. Có Wifi.,0916745448,,24/7,,True,homestay_guesthouse,,,,
node,14057814836,HUE,Hue,"Cồn Nhỏ Cafe, Restaurant - BBQ & Glamping",Ẩm thực & Cafe,16.5061208,107.5747126,"Đường Nguyễn Thị Vy, Hoá Châu, Huế","Ẩm thực: coffee_shop, regional, asian, seafood, chicken, vietnamese. Giờ mở cửa: Mo-Su 07:00-22:00.",0944038822,,Mo-Su 07:00-22:00,"coffee_shop, regional, asian, seafood, chicken, vietnamese",True,restaurant,,,,
node,14058844267,HUE,Hue,Che An ngon,Ẩm thực & Cafe,16.4669628,107.5689928,,,,,,,True,cafe,,,,
node,14058844271,HUE,Hue,Ngoc An Art Gallery,Văn hóa & Nghệ thuật,16.4251144,107.5794286,,,,,,,False,,,,,
node,14058844283,HUE,Hue,Bun Cha Ca,Ẩm thực & Cafe,16.4241757,107.5799819,,,,,,,True,restaurant,,,,
node,14058844285,HUE,Hue,Bun Thit Nuong,Ẩm thực & Cafe,16.4671639,107.5690714,,,,,,,True,restaurant,,,,
node,14089015946,HUE,Hue,BALI coffee,Ẩm thực & Cafe,16.4697922,107.5729968,,,,,,,True,restaurant,,,,
node,14168523401,HUE,Hue,Embassy,Ẩm thực & Cafe,16.459949,107.5793138,,,,,,,True,restaurant,,,,
node,14251167401,HUE,Hue,Tiệm Cà Phê Dốc Xanh,Ẩm thực & Cafe,16.4401862,107.5786334,29 Đường Thanh Hải,Có Wifi.,,,,,True,cafe,,,,
node,14251194901,HUE,Hue,Ân Ký Dê Núi,Ẩm thực & Cafe,16.4500688,107.5776959,Trường Đúc,,,,,,True,restaurant,,,,
way,35926965,HUE,Hue,Công viên 3 Tháng 2,Công viên & Thiên nhiên,16.4687361,107.5915069,,,,,,,False,,,,,
way,39411515,HUE,Hue,Điện Biên Phủ,Điểm tham quan & Cảnh quan,16.4566552,107.5809463,,,,,,,False,,,,,
way,39413728,HUE,Hue,Trường Tiền Plaza,Mua sắm & Chợ,16.4709401,107.5877499,6 Trần Hưng Đạo,,,,,,False,,,,,
way,39414469,HUE,Hue,Cầu Ga,Điểm tham quan & Cảnh quan,16.4572126,107.5788716,,,,,,,False,,,,,
way,118540998,HUE,Hue,Trung tâm Nghệ thuật Điềm Phùng Thị,Văn hóa & Nghệ thuật,16.4669715,107.5895601,"17 Lê Lợi, Phường Phú Hội, Thành phố Huế",Giờ mở cửa: Tu-Su 07:30-11:30; 13:30-17:00.,002343837411,https://diemphungthiartfoundation.com/vi/,Tu-Su 07:30-11:30; 13:30-17:00,,False,,,,,
way,118541113,HUE,Hue,Chợ An Cựu,Mua sắm & Chợ,16.4574645,107.6006612,"89 Hùng Vương, Phú Nhuận, Huế",Giờ mở cửa: Mo-Su 08:00-18:00.,,,Mo-Su 08:00-18:00,,True,traditional_market,,,,
way,118541971,HUE,Hue,Trung tâm Thanh thiếu nhi Huế,Văn hóa & Nghệ thuật,16.4592467,107.5822457,"8 Lê Lợi, Vĩnh Ninh, Huế",,,,,,False,,,,,
way,118542893,HUE,Hue,Phuc Long Coffee & Tea,Ẩm thực & Cafe,16.4634422,107.5874797,"Hà Nội, Phường Thuận Hóa, Huế",,,,,,False,,,,,
way,161714451,HUE,Hue,Chợ Đông Ba,Điểm tham quan & Cảnh quan,16.4725333,107.5886564,,,,,,,True,traditional_market,,,,
way,172657562,HUE,Hue,Ngọ Môn,Di tích & Lịch sử,16.4676824,107.5791834,,Giờ mở cửa: Mo-Su 07:00-17:00.,,,Mo-Su 07:00-17:00,,False,,,,,
way,172657563,HUE,Hue,Duyệt Thị Đường,Văn hóa & Nghệ thuật,16.4703036,107.5784839,,,,,,,False,,,,,
way,172657565,HUE,Hue,Hưng Tổ Miếu,Tôn giáo & Tâm linh,16.4675459,107.5764287,,,,,,,False,,,,,
way,172657566,HUE,Hue,Thái Miếu,Di tích & Lịch sử,16.4699025,107.5803251,,,,,,,False,,,,,
way,172657570,HUE,Hue,Triệu Miếu,Tôn giáo & Tâm linh,16.4701991,107.5800933,,,,,,,False,,,,,
way,172763419,HUE,Hue,Phủ Nội Vụ,Điểm tham quan & Cảnh quan,16.4706162,107.5797647,,,,,,,False,,,,,
way,172763420,HUE,Hue,Cung Diên Thọ,Điểm tham quan & Cảnh quan,16.4688916,107.5754008,,,,,,,False,,,,,
way,172763427,HUE,Hue,Cung Trường Sanh,Điểm tham quan & Cảnh quan,16.4697182,107.5746783,,,,,,,False,,,,,
way,172802373,HUE,Hue,Lầu Tứ Vương Vô Sự,Di tích & Lịch sử,16.4719306,107.5758891,,public access without ticket,,,,,False,,,,,
way,173151284,HUE,Hue,Tàng Thư Lâu,Di tích & Lịch sử,16.4809177,107.576631,,,,,,,False,,,,,
way,173609941,HUE,Hue,Cửa Quảng Đức,Di tích & Lịch sử,16.4656755,107.5786405,,,,,,,False,,,,,
way,173614468,HUE,Hue,Cửa Thượng Tứ,Di tích & Lịch sử,16.4698073,107.5841938,,,,,,,False,,,,,
way,174746316,HUE,Hue,Công viên Cồn Dã Viên,Công viên & Thiên nhiên,16.4584876,107.5731966,,,,,,,False,,,,,
way,174746603,HUE,Hue,Công viên Phu Văn Lâu,Công viên & Thiên nhiên,16.4658048,107.5806849,,,,,,,False,,,,,
way,174759689,HUE,Hue,Nhà Văn hóa Huế,Văn hóa & Nghệ thuật,16.4692556,107.5853833,,,,,,,False,,,,,
way,175035807,HUE,Hue,Lăng Khải Định,Di tích & Lịch sử,16.3990173,107.5903392,,,,,,,False,,,,,
way,205805268,HUE,Hue,Minh Khiem Duong,Văn hóa & Nghệ thuật,16.4327152,107.5657066,,,,,,,False,,,,,
way,206627350,HUE,Hue,Bửu Thành,Di tích & Lịch sử,16.387926,107.5668023,,,,,,,False,,,,,
way,217766984,HUE,Hue,Công viên Thương Bạc,Công viên & Thiên nhiên,16.4684787,107.5858214,,,,,,,False,,,,,
way,217767781,HUE,Hue,Công viên Phú Xuân,Công viên & Thiên nhiên,16.463812,107.577425,,,,,,,False,,,,,
way,218423471,HUE,Hue,Công viên Nguyễn Văn Trỗi,Công viên & Thiên nhiên,16.4719733,107.5813809,,,,,,,False,,,,,
way,218439300,HUE,Hue,Go! Supermarket,Mua sắm & Chợ,16.4604991,107.5991499,,Giờ mở cửa: Mo-Su 08:00-22:00.,,,Mo-Su 08:00-22:00,,False,,,,,
way,239290087,HUE,Hue,Sân vận động Tự Do,Thể thao & Giải trí,16.4672718,107.5975948,,,,,,,False,,,,,
way,239566031,HUE,Hue,Hotel Saigon Morin,Khách sạn & Lưu trú,16.4665764,107.5902996,"30 Lê Lợi, Phú Hội, Huế",Có Wifi.,02343823526,https://morinhotel.com.vn/,,,False,,,,,
way,239568223,HUE,Hue,Thương Bạc,Di tích & Lịch sử,16.4680333,107.5855685,,,,,,,False,,,,,
way,239568224,HUE,Hue,Nghênh Lương Đình,Di tích & Lịch sử,16.464798,107.5813983,,,,,,,False,,,,,
way,240131252,HUE,Hue,Khách sạn Indochine Palace,Khách sạn & Lưu trú,16.4614093,107.598167,"105A Hùng Vương, Phú Nhuận, Huế",Có Wifi. Tiêu chuẩn: 5 sao.,02343936666,http://www.indochinepalace.com/,,,False,,,,,
way,240143621,HUE,Hue,Nhà thi đấu Trung Tâm,Thể thao & Giải trí,16.4655337,107.6027816,,,,,,,False,,,,,
way,240250676,HUE,Hue,Trung tâm Văn hóa Thông tin tỉnh Thừa Thiên Huế,Văn hóa & Nghệ thuật,16.4632767,107.5962777,"43A Hùng Vương, Phú Nhuận, Huế",,,,,,False,,,,,
way,240250678,HUE,Hue,Công viên Tôn Đức Thắng,Công viên & Thiên nhiên,16.462998,107.5975444,,,,,,,False,,,,,
way,240266283,HUE,Hue,La Résidence,Khách sạn & Lưu trú,16.4590877,107.5801224,"5 Lê Lợi, Vĩnh Ninh, Vĩnh Ninh, Huế",Có Wifi. Tiêu chuẩn: 5 sao.,02343837475,https://azerai.com/resorts/azerai-la-residence-hue/,,,False,,,,,
way,240266284,HUE,Hue,Bảo tàng Hồ Chí Minh,Văn hóa & Nghệ thuật,16.4596249,107.5811082,"7 Lê Lợi, Vĩnh Ninh, Huế","Giờ mở cửa: Mo-Su 08:00-11:00, 14:00-16:45.",054822152,,"Mo-Su 08:00-11:00, 14:00-16:45",,False,,,,,
way,251616147,HUE,Hue,Silk Path Grand Hue Hotel,Khách sạn & Lưu trú,16.457668,107.5801014,"2 Lê Lợi, Vĩnh Ninh, Huế",Có Wifi. Tiêu chuẩn: 5 sao.,02343975555,https://silkpathhotel.com,,,False,,,,,
way,264099611,HUE,Hue,Cửa Hiển Nhơn,Di tích & Lịch sử,16.4707615,107.580558,,,,,,,False,,,,,
way,264285103,HUE,Hue,Lăng Thiệu Trị,Di tích & Lịch sử,16.4162746,107.572829,,,,,,,False,,,,,
way,285990343,HUE,Hue,Điện Cần Chánh,Di tích & Lịch sử,16.4694768,107.5777963,,,,,,,False,,,,,
way,285990344,HUE,Hue,Điện Càn Thành,Di tích & Lịch sử,16.4700295,107.5773597,,,,,,,False,,,,,
way,285990345,HUE,Hue,Viện Thuận Huy,Di tích & Lịch sử,16.4700459,107.5768062,,,,,,,False,,,,,
way,285990346,HUE,Hue,Điện Dưỡng Tâm,Di tích & Lịch sử,16.4705416,107.5774746,,,,,,,False,,,,,
way,285990348,HUE,Hue,Điện Kiến Trung,Di tích & Lịch sử,16.4710952,107.5765216,,,,,,,False,,,,,
way,285990349,HUE,Hue,Điện Phụng Tiên,Di tích & Lịch sử,16.4681271,107.5759753,,,,,,,False,,,,,
way,338424813,HUE,Hue,Midtown Hue Hotel,Khách sạn & Lưu trú,16.4684518,107.5943625,29 Đội Cung,,,,,,False,,,,,
way,367959063,HUE,Hue,Cửa Hậu,Di tích & Lịch sử,16.4868075,107.570959,,,,,,,False,,,,,
way,367959065,HUE,Hue,Cửa An Hòa,Di tích & Lịch sử,16.4807732,107.5624367,,,,,,,False,,,,,
way,367959066,HUE,Hue,Cửa Chánh Tây,Di tích & Lịch sử,16.4746206,107.5614906,,,,,,,False,,,,,
way,367959068,HUE,Hue,Cửa Hữu,Di tích & Lịch sử,16.4662433,107.5679206,,,,,,,False,,,,,
way,367959083,HUE,Hue,Trấn Bình Môn,Di tích & Lịch sử,16.4886093,107.5751978,,,,,,,False,,,,,
way,367959548,HUE,Hue,Chợ Phú Bình,Mua sắm & Chợ,16.488023,107.5781947,,,,,,,True,traditional_market,,,,
way,369017963,HUE,Hue,Nha Trung Bay Nong Cu,Văn hóa & Nghệ thuật,16.4667817,107.6421227,,Giờ mở cửa: Mo-Su 07:00-18:00.,,,Mo-Su 07:00-18:00,,False,,,,,
way,372292672,HUE,Hue,Chợ Tây Lộc,Mua sắm & Chợ,16.4733368,107.5672745,,,,,,,True,traditional_market,,,,
way,446409033,HUE,Hue,Lăng Thánh Cung,Di tích & Lịch sử,16.427583,107.5692437,,,,,,,False,,,,,
way,486744936,HUE,Hue,Lăng Gia Long,Di tích & Lịch sử,16.3631567,107.5964877,,,,,,,False,,,,,
way,491655317,HUE,Hue,slope,Thể thao & Giải trí,16.4255633,107.5782991,,,,,,,False,,,,,
way,513649271,HUE,Hue,Ben Ngu Market,Mua sắm & Chợ,16.4552082,107.58394,,,,,,,True,traditional_market,,,,
way,531016858,HUE,Hue,Chương Đức,Di tích & Lịch sử,16.4673213,107.5757407,,,,,,,False,,,,,
way,531031513,HUE,Hue,Đông Khuyết Đài,Điểm tham quan & Cảnh quan,16.471596,107.5800406,,,,,,,False,,,,,
way,531031518,HUE,Hue,Quốc Tử Giám,Điểm tham quan & Cảnh quan,16.4705977,107.5824866,,,,,,,False,,,,,
way,531031520,HUE,Hue,Phu Văn Lâu,Di tích & Lịch sử,16.4655029,107.5808925,,,,,,,False,,,,,
way,531031548,HUE,Hue,Điện Văn Minh,Di tích & Lịch sử,16.4697923,107.5781777,,,,,,,False,,,,,
way,531031566,HUE,Hue,Điện Thái Hòa,Điểm tham quan & Cảnh quan,16.4687434,107.5783867,,,,,,,False,,,,,
way,617437880,HUE,Hue,Tây Khuyết Đài,Điểm tham quan & Cảnh quan,16.468038,107.5750678,,,,,,,False,,,,,
way,617748935,HUE,Hue,Cửa Nhà Đồ,Di tích & Lịch sử,16.4640523,107.5754744,,,,,,,False,,,,,
way,617944737,HUE,Hue,Điện Quang Minh,Di tích & Lịch sử,16.4700196,107.5779562,,,,,,,False,,,,,
way,617944738,HUE,Hue,Hữu Trường Lang,Di tích & Lịch sử,16.4695801,107.5764888,,,,,,,False,,,,,
way,617944748,HUE,Hue,Holy Cannons of the Citadel of Hue,Điểm tham quan & Cảnh quan,16.4679182,107.5812384,,,,,,,False,,,,,
way,617991240,HUE,Hue,Vườn Cơ Hạ,Công viên & Thiên nhiên,16.4717799,107.5789196,,,,,,,False,,,,,
way,617991266,HUE,Hue,Điện Võ Hiển,Di tích & Lịch sử,16.4692315,107.5774452,,,,,,,False,,,,,
way,618264010,HUE,Hue,Công viên Hai Bà Trưng,Công viên & Thiên nhiên,16.4620957,107.5891465,,,,,,,False,,,,,
way,618267901,HUE,Hue,Trường An Môn,Điểm tham quan & Cảnh quan,16.470085,107.5752197,,,,,,,False,,,,,
way,619851621,HUE,Hue,Đông Thành Thủy Quan,Di tích & Lịch sử,16.4817618,107.5802601,,,,,,,False,,,,,
way,619851622,HUE,Hue,Cửa Ngăn,Di tích & Lịch sử,16.4675903,107.5813763,,,,,,,False,,,,,
way,631871431,HUE,Hue,Chợ Trường An,Mua sắm & Chợ,16.443279,107.584818,,,,,,,True,traditional_market,,,,
way,631871516,HUE,Hue,Công viên Trường An,Công viên & Thiên nhiên,16.4464145,107.5843947,,,,,,,False,,,,,
way,683524977,HUE,Hue,Cầu ngói Thanh Toàn,Điểm tham quan & Cảnh quan,16.4667921,107.6426953,,,,,,,False,,,,,
way,683633951,HUE,Hue,Alba Hotel SPA,Khách sạn & Lưu trú,16.4651268,107.5952699,29 Trần Quang Khải,Giờ mở cửa: 24/7.,0543828444,,24/7,,False,,,,,
way,690841004,HUE,Hue,Canh Y Điện,Di tích & Lịch sử,16.4674224,107.5771366,,,,,,,False,,,,,
way,695770507,HUE,Hue,Trung tâm Thể thao Thừa Thiên Huế,Thể thao & Giải trí,16.4652872,107.6030653,,,,,,,False,,,,,
way,695775607,HUE,Hue,Trung tâm Thanh thiếu nhi Huế,Văn hóa & Nghệ thuật,16.4592349,107.5823079,,,,,,,False,,,,,
way,695810689,HUE,Hue,Chợ Xép Thuận Lộc,Mua sắm & Chợ,16.4779716,107.5825648,,,,,,,True,traditional_market,,,,
way,695810694,HUE,Hue,Cửa Đông Ba,Di tích & Lịch sử,16.4774977,107.5837462,,,,,,,False,,,,,
way,695810695,HUE,Hue,Di tích Nhà Lưu niệm Chủ tịch Hồ Chí Minh,Văn hóa & Nghệ thuật,16.4756171,107.5806219,,,,,,,False,,,,,
way,695810698,HUE,Hue,Viện Cơ Mật - Tam Toà,Văn hóa & Nghệ thuật,16.4719593,107.583647,,,,,,,False,,,,,
way,695810710,HUE,Hue,Bảo tàng Cổ vật Cung đình Huế,Văn hóa & Nghệ thuật,16.4713073,107.5819424,,"Giờ mở cửa: Mo-Su 08:30-11:00, 13:30-17:00.",,,"Mo-Su 08:30-11:00, 13:30-17:00",,False,,,,,
way,695810728,HUE,Hue,Khách sạn Thành Nội,Khách sạn & Lưu trú,16.4736065,107.5797202,,,,,,,False,,,,,
way,695810733,HUE,Hue,Không gian Văn hóa Lục Bộ,Điểm tham quan & Cảnh quan,16.4729593,107.5807931,,,,,,,False,,,,,
way,695810763,HUE,Hue,Sở Thượng Thiện,Di tích & Lịch sử,16.4705913,107.5787475,,,,,,,False,,,,,
way,695810789,HUE,Hue,Hữu Trường Lang,Di tích & Lịch sử,16.4690849,107.576146,,,,,,,False,,,,,
way,695810902,HUE,Hue,Nhà hàng Hương Sen,Ẩm thực & Cafe,16.4699841,107.5712305,Nguyễn Trãi,,,,,,True,restaurant,,,,
way,695949047,HUE,Hue,Ngự Viên,Công viên & Thiên nhiên,16.4714685,107.5776288,,,,,,,False,,,,,
way,695949048,HUE,Hue,Điện Khôn Thái,Di tích & Lịch sử,16.4706059,107.576903,,,,,,,False,,,,,
way,695949060,HUE,Hue,Ngự Y,Di tích & Lịch sử,16.4704727,107.5788398,,,,,,,False,,,,,
way,731094983,HUE,Hue,Tịnh Tâm Vegan,Ẩm thực & Cafe,16.472051,107.5960157,,Ẩm thực: vietnamese. Giờ mở cửa: Mo-Su 06:30-21:00.,0905581551,,Mo-Su 06:30-21:00,vietnamese,True,restaurant,,,,
way,749331141,HUE,Hue,Vincom Plaza Huế,Mua sắm & Chợ,16.4629582,107.5942557,"50A Hùng Vương, Phường Phú Nhuận, Thành phố Huế",Giờ mở cửa: 10:00-21:00.,,,10:00-21:00,,False,,,,,
way,771244228,HUE,Hue,Quoc Tu Dieu De,Tôn giáo & Tâm linh,16.4778556,107.5874206,102 Bạch Đằng,,,,,,False,,,,,
way,771244236,HUE,Hue,Holy Cannons of the Citadel of Hue,Điểm tham quan & Cảnh quan,16.4659179,107.5783783,,,,,,,False,,,,,
way,1033684220,HUE,Hue,Nhà hát Sông Hương,Văn hóa & Nghệ thuật,16.4590454,107.5773057,"1 Lê Lợi, Vĩnh Ninh, Huế",,,,,,False,,,,,
way,1050684699,HUE,Hue,Boi Tran Garden,Văn hóa & Nghệ thuật,16.4071627,107.5847299,"Kim Son, Thuy Bang, Hue","A privately owned exquisite compound for art, antiques, culinary culture and centuries old architecture since 1995 | Giờ mở cửa: Mo-Fr 08:00-17:00. Có Wifi.",02347305068,https://boitran.com/,Mo-Fr 08:00-17:00,,False,,,,,
way,1166040896,HUE,Hue,Chợ Thuỷ Biều,Mua sắm & Chợ,16.4448765,107.5436885,"18 Ngô Hà, Phường Thuỷ Biều, Thành Phố Huế",,,,,,True,traditional_market,,,,
way,1166041094,HUE,Hue,Sân Vận Động Thuỷ Biều,Thể thao & Giải trí,16.4437111,107.5442975,,,,,,,False,,,,,
way,1167513732,HUE,Hue,Ironwood Foot Bridge,Điểm tham quan & Cảnh quan,16.4640341,107.5857605,,,,,,,False,,,,,
way,1167513742,HUE,Hue,Ironwood Foot Bridge,Điểm tham quan & Cảnh quan,16.4636435,107.5855555,,,,,,,False,,,,,
way,1167680537,HUE,Hue,Công viên Bùi Thị Xuân,Công viên & Thiên nhiên,16.458361,107.5748226,,,,,,,False,,,,,
way,1167997485,HUE,Hue,Nhà hàng nổi Sông Hương,Ẩm thực & Cafe,16.4691023,107.5909721,"3/2 Lê Lợi, Phú Hội, Huế",,,,,,True,restaurant,,,,
way,1167997503,HUE,Hue,Công viên Trịnh Công Sơn,Công viên & Thiên nhiên,16.4745724,107.5905245,,,,,,,False,,,,,
way,1170979640,HUE,Hue,Chùa Báo Quốc,Tôn giáo & Tâm linh,16.4542377,107.5796821,"17 Bảo Quốc, Phường Đúc, Huế",,,,,,False,,,,,
way,1172668058,HUE,Hue,Nhà khách đoàn an điều dưỡng 41 Huế,Khách sạn & Lưu trú,16.4575211,107.5753482,"99 Bùi Thị Xuân, Phường Đúc, Huế",,,,,,False,,,,,
way,1172894104,HUE,Hue,Cung An Định,Di tích & Lịch sử,16.4574668,107.5979417,,,,,,,False,,,,,
way,1172897446,HUE,Hue,Cung An Định,Di tích & Lịch sử,16.4566343,107.5983094,"179 Phan Đình Phùng, Phú Nhuận, Huế",,,,,,False,,,,,
way,1173102908,HUE,Hue,Phủ Tùng Thiện Vương,Di tích & Lịch sử,16.4566626,107.5901684,"81 Phan Đình Phùng, Vĩnh Ninh, Huế",,,,,,False,,,,,
way,1208677997,HUE,Hue,WinMart,Mua sắm & Chợ,16.4612596,107.6036911,,Giờ mở cửa: Mon-Sun 06:00-22:00.,02471066866,,Mon-Sun 06:00-22:00,,False,,,,,
way,1222236727,HUE,Hue,Nhà khách Đại học Huế,Khách sạn & Lưu trú,16.4611391,107.595147,,,,,,,True,homestay_guesthouse,,,,
way,1251149945,HUE,Hue,Golden Star Villa,Khách sạn & Lưu trú,16.4608392,107.5559911,"49 Nguyễn Hoàng, Hue",,,,,,False,,,,,
way,1251149946,HUE,Hue,Golden Star Villa,Khách sạn & Lưu trú,16.4606719,107.5560612,"49 Nguyễn Hoàng, Hue",,,,,,False,,,,,
way,1280445132,HUE,Hue,Senna Hue Hotel,Khách sạn & Lưu trú,16.465865,107.5935802,"7 Nguyễn Tri Phương, Phú Hội, Huế",Có Wifi.,02343858686,https://sennahue.com/,,,False,,,,,
way,1340982869,HUE,Hue,Chợ Phú Bài,Mua sắm & Chợ,16.4102786,107.6798771,,,,,,,True,traditional_market,,,,
way,1343922555,HUE,Hue,Highlands Coffee,Ẩm thực & Cafe,16.4624654,107.5889756,,"Ẩm thực: coffee_shop, vietnamese. Giờ mở cửa: Mo-Su 06:30-22:30. Có Wifi. Chỗ ngồi ngoài trời.",,,Mo-Su 06:30-22:30,"coffee_shop, vietnamese",False,,,,,
way,1343922562,HUE,Hue,Highlands Coffee,Ẩm thực & Cafe,16.4633183,107.590604,,"Ẩm thực: coffee_shop, vietnamese. Chỗ ngồi ngoài trời.",,,,"coffee_shop, vietnamese",False,,,,,
way,1429860519,HUE,Hue,46 Phú Mộng,Di tích & Lịch sử,16.4628638,107.5639329,,,,,,,False,,,,,
way,1433717174,HUE,Hue,Chợ Vỹ Dạ,Mua sắm & Chợ,16.482899,107.5957453,Nguyễn Sinh Cung,,,,,,True,traditional_market,,,,
way,1453749845,HUE,Hue,Ho Thuy Tien,Điểm tham quan & Cảnh quan,16.4099498,107.576389,,,,,,,False,,,,,
way,1473253685,HUE,Hue,NGUYÊN PHỨC TỘC,Di tích & Lịch sử,16.4278651,107.5694497,,,,,,,False,,,,,
way,1473275556,HUE,Hue,Làng hương Thủy Xuân,Điểm tham quan & Cảnh quan,16.4339995,107.5626893,,Incense & Conical Hat Making Tourist Stalls,,,,,False,,,,,
way,1509320731,HUE,Hue,Kinh thành Huế,Di tích & Lịch sử,16.4767654,107.5726546,,,,,,,False,,,,,
way,1527235543,HUE,Hue,Ho Thuy Tien Waterpark Space Simulator,Di tích & Lịch sử,16.4113031,107.5738942,,,,,,,False,,,,,
way,1545362967,HUE,Hue,Pilgrimage Village,Khách sạn & Lưu trú,16.4250177,107.5781537,,,,,,,False,,,,,
way,1545421607,HUE,Hue,Junrei,Ẩm thực & Cafe,16.4252854,107.5788511,,,,,,,True,restaurant,,,,
way,1557002446,HUE,Hue,Fruit Market,Mua sắm & Chợ,16.4723759,107.5893696,,,,,,,True,traditional_market,,,,
relation,8537575,HUE,Hue,Hồ Nội Kim Thủy,Điểm tham quan & Cảnh quan,16.4715813,107.5763379,,,,,,,False,,,,,
relation,8541343,HUE,Hue,Vòng Thành,Di tích & Lịch sử,16.475972,107.5726931,,,,,,,False,,,,,
relation,17953191,HUE,Hue,Lăng Đồng Khánh,Di tích & Lịch sử,16.4300647,107.5691683,,,,,,,False,,,,,
relation,17957939,HUE,Hue,Lăng Dục Đức,Di tích & Lịch sử,16.451731,107.593063,,,,,,,False,,,,,
relation,18005954,HUE,Hue,Lăng Tự Đức,Di tích & Lịch sử,16.4329409,107.5655529,,,,,,,False,,,,,
relation,18005955,HUE,Hue,Lăng Minh Mạng,Di tích & Lịch sử,16.3877909,107.5678268,Minh Mang,,,,,,False,,,,,
relation,19381147,HUE,Hue,Hổ Quyền,Di tích & Lịch sử,16.4485461,107.5545593,,,,,,,False,,,,,
